pinyin_key	rank	candidate
anquantao	1	condom
anwaer	3	Anwar bin Ibrahim (1947-), Malaysian politician, deputy prime minister 1993-1998, imprisoned 1999-2004 on charges including alleged homosexual acts, subsequently overturned
aoshikegezonghezheng	1	facial digital genital syndrome
aoshikegezonghezheng	2	facial-digital-genital syndrome
aosikegezhonghezheng	1	facial digital genital syndrome
aosikegezhonghezheng	2	facial-digital-genital syndrome
aosikegezonghezeng	1	facial digital genital syndrome
aosikegezonghezeng	2	facial-digital-genital syndrome
aosikegezonghezhen	1	facial digital genital syndrome
aosikegezonghezhen	2	facial-digital-genital syndrome
aosikegezonghezheng	1	facial digital genital syndrome
aosikegezonghezheng	2	facial-digital-genital syndrome
aqt	1	condom
askgzhz	1	facial digital genital syndrome
askgzhz	2	facial-digital-genital syndrome
awe	5	Anwar bin Ibrahim (1947-), Malaysian politician, deputy prime minister 1993-1998, imprisoned 1999-2004 on charges including alleged homosexual acts, subsequently overturned
ayuweishi	2	Semen Trachyspermi coptici
ayuweisi	2	Semen Trachyspermi coptici
ayws	2	Semen Trachyspermi coptici
azcl	1	erection material
azcx	3	erection procedure
azcx	4	erection sequence
azf	1	erection cost
azff	3	method of erection
azg	4	erection worker
azgc	2	erection work
azgc	3	erection works
azlj	1	erection joint
azsb	3	erection unit
azwz	3	place of erection
babituoshuan	2	idiot pills
babituosuan	2	idiot pills
badanxingren	2	semen amygdali
badanxingreng	2	semen amygdali
badanxinren	2	semen amygdali
badoushuang	4	semen crotonis
badoushuang	5	semen crotonis pulveratum
baibiandou	5	semen dolichoris
baichi	2	idiot
baichi	18	an idiot
baichi	21	the idiot
baici	6	idiot
baici	22	an idiot
baici	25	the idiot
baidingxiang	1	faeces passeris
baidingxiang	2	sparrow faeces
baifen	3	heroin
baifeng	5	heroin
baihuacaizhi	1	semen gynandropsis
baihuacaizhi	4	semen cleomes gynaidrae
baihuacaizi	1	semen gynandropsis
baihuacaizi	4	semen cleomes gynaidrae
baihuachaizi	1	semen gynandropsis
baihuachaizi	4	semen cleomes gynaidrae
baijiezhi	1	semen sinapis
baijiezhi	2	semen sinapis alba
baijiezi	1	semen sinapis
baijiezi	2	semen sinapis alba
baimian	2	heroin
baimianer	1	heroin
baimu	1	moron
baisaishibin	1	ophthalmooral genital syndrome
baisaishibin	2	ophthalmooral-genital syndrome
baisaishibing	1	ophthalmooral genital syndrome
baisaishibing	2	ophthalmooral-genital syndrome
baisaisibing	1	ophthalmooral genital syndrome
baisaisibing	2	ophthalmooral-genital syndrome
baisaizhonghezheng	4	oculo-oral-genital syndrome
baisaizonghezeng	4	oculo-oral-genital syndrome
baisaizonghezhen	4	oculo-oral-genital syndrome
baisaizonghezheng	4	oculo-oral-genital syndrome
baishaishibing	1	ophthalmooral genital syndrome
baishaishibing	2	ophthalmooral-genital syndrome
baishaizonghezheng	4	oculo-oral-genital syndrome
baizhuo	1	gonorrhea
baizhuo	2	gonorrhea (TCM term)
baizuo	4	gonorrhea
baizuo	5	gonorrhea (TCM term)
bancanbaoyibuxia	1	retention of placenta after abortion
bancanfutong	1	abdominalgia following abortion
banchanbaoyibuxia	1	retention of placenta after abortion
banchanfutong	1	abdominalgia following abortion
baofa	60	shit in high cotton
baolu	29	undress
baonu	53	undress
baoxiantao	1	condom
baoyin	11	piss up
baoying	40	piss up
bayuebari	1	bat-shit crazy
bbts	2	idiot pills
bbz	28	a pile of shit
bc	14	idiot
bcbybx	1	retention of placenta after abortion
bcf	8	take-no-shit
bcft	3	abdominalgia following abortion
bd	34	idiot
bdxr	4	semen amygdali
beibize	2	a pile of shit
beibizhe	2	a pile of shit
beigongquxi	15	eat shit
beipan	33	shit on
beiqieteshizhonghezheng	2	ophthalmo oro genital syndrome
beiqieteshizhonghezheng	3	ophthalmo-oro-genital syndrome
beiqieteshizonghezeng	2	ophthalmo oro genital syndrome
beiqieteshizonghezeng	3	ophthalmo-oro-genital syndrome
beiqieteshizonghezhen	2	ophthalmo oro genital syndrome
beiqieteshizonghezhen	3	ophthalmo-oro-genital syndrome
beiqieteshizonghezheng	2	ophthalmo oro genital syndrome
beiqieteshizonghezheng	3	ophthalmo-oro-genital syndrome
beiqietesizonghezheng	2	ophthalmo oro genital syndrome
beiqietesizonghezheng	3	ophthalmo-oro-genital syndrome
beiroulinde	2	raped
beiroulingde	2	raped
beirouninde	2	raped
bendan	2	idiot
bengdan	2	idiot
benghuo	1	idiot
bengreng	19	moron
bengyishuanggua	1	db retard
benhuo	1	idiot
benren	19	moron
benyishuanggua	1	db retard
bf	57	heroin
bfh	44	no shit
bgqx	16	eat shit
bhcz	1	semen gynandropsis
bhcz	4	semen cleomes gynaidrae
bianfu	27	undress
bianliao	7	to urinate or defecate
bianniao	1	to urinate or defecate
biantaoren	2	semen amygdalae
biantaoreng	2	semen amygdalae
biaoshibuman	1	pitch a bitch
biaoshifengnu	1	shit
biaoshifenlu	1	shit
biaoshifennu	1	shit
biaosibuman	1	pitch a bitch
biaosifennu	1	shit
biaozhiyangde	1	son of the bitch
biaozhiyangde	2	son-of-a-bitch
biaozhiyangde	3	sons of a bitch
biaoziyangde	1	son of the bitch
biaoziyangde	2	son-of-a-bitch
biaoziyangde	3	sons of a bitch
bichi	6	bitch (loanword) (Internet slang)
bici	14	bitch (loanword) (Internet slang)
biecedan	1	no shit
biechedan	1	no shit
biefeihua	1	no shit
biqi	14	bitch
biyuntao	1	condom
bme	1	heroin
bolengguazhi	2	semen herpetospermi
bolengguazi	2	semen herpetospermi
bonengguazi	2	semen herpetospermi
boqi	1	erection
boqi	2	to have an erection
borandalu	50	go ape shit
borandalu	51	go ape-shit
borandanu	50	go ape shit
borandanu	51	go ape-shit
bozhi	2	cripple
bozi	2	cripple
bqtszhz	2	ophthalmo oro genital syndrome
bqtszhz	3	ophthalmo-oro-genital syndrome
brdn	50	go ape-shit
brld	2	raped
bsb	8	no shit
bsbm	1	pitch a bitch
bsfn	1	shit
bssb	3	ophthalmooral genital syndrome
bssb	4	ophthalmooral-genital syndrome
buchifan	2	take-no-shit
bucifan	2	take-no-shit
bushiba	1	no shit
busiba	1	no shit
buxieyigu	6	don't give a shit
buzaihu	8	give a shit
buzhaihu	8	give a shit
buzhongyaode	25	diddley-shit
buzongyaode	25	diddley-shit
bxt	1	condom
bxyg	6	don't give a shit
bybr	3	bat-shit crazy
bysg	7	db retard
byt	1	condom
bzh	20	give a shit
bzyd	25	diddley-shit
bzyd	37	son of the bitch
bzyd	38	son-of-a-bitch
bzyd	39	sons of a bitch
ca	54	massacre
caifuzhi	2	semen raphani
caifuzi	1	semen raphani
caihua	2	gonorrhea
canan	1	massacre
canbai	12	massacre
canfei	3	cripple
cangai	1	bowel cancer
cangai	2	bowel cancers
cangdaogongneng	1	bowel function
canggengzu	2	bowel obstruction
canggengzu	3	bowel obstructions
canggongneng	1	bowel function
cangmingyin	1	bowel sound
cangmingyin	2	bowel sounds
cangmingyin	3	bowel tones
cangmingyinyicang	1	bowel sounds abnormal
cangniuzhuan	6	twisting of bowel
cangqiang	13	bowel lumen
cangrudong	4	movements of the bowel
cangyijizonghezheng	1	irritable bowel syndrome (IBS)
cangyijizonghezheng	2	irritable bowel syndrome
cangyinkangjin	1	excessive bowel sounds
cangzigongneimoyiwei	1	endometriosis in bowel
canhai	5	slaughter
canhai	8	to slaughter
canjiren	2	cripple
canjireng	2	cripple
cansa	1	massacre
cansa	2	slaughter
cansa	3	to massacre
cansa	4	to slaughter
cansa	30	faeces bombycum
cansha	1	massacre
cansha	2	slaughter
cansha	3	to massacre
cansha	4	to slaughter
cansha	30	faeces bombycum
canxixi	1	up shit creek
caobao	1	idiot
caodoukou	4	semen alpiniae
caojuemin	1	semen cassiae torae
caojueming	1	semen cassiae torae
caonao	39	piss around
cdb	40	eat shit
cdgn	1	bowel function
cdjb	11	massacre
cedijibai	11	massacre
cejibadan	4	to talk shit
cenbo	1	morning erection
cengyinzheng	1	sex addict
cenni	8	addict
ceqianzi	5	plantaginis semen
ceshuo	34	shit-house
ceshuo	46	shit house
ceshuo	47	shit-houses
cesuo	34	shit-house
cesuo	46	shit house
cesuo	47	shit-houses
cgn	1	bowel function
cgz	23	bowel obstruction
cgz	24	bowel obstructions
chaifuzi	1	semen raphani
chaihua	2	gonorrhea
chanan	1	massacre
chanbai	12	massacre
chanfei	3	cripple
changai	1	bowel cancer
changai	2	bowel cancers
changdaogongleng	1	bowel function
changdaogongnen	1	bowel function
changdaogongneng	1	bowel function
changgengzhu	2	bowel obstruction
changgengzhu	3	bowel obstructions
changgengzu	2	bowel obstruction
changgengzu	3	bowel obstructions
changgenzu	2	bowel obstruction
changgenzu	3	bowel obstructions
changgongleng	1	bowel function
changgongnen	1	bowel function
changgongneng	1	bowel function
changliuzhuan	6	twisting of bowel
changmingyin	1	bowel sound
changmingyin	2	bowel sounds
changmingyin	3	bowel tones
changmingying	1	bowel sound
changmingying	2	bowel sounds
changmingying	3	bowel tones
changmingyingyichang	1	bowel sounds abnormal
changmingyinyichang	1	bowel sounds abnormal
changminyin	1	bowel sound
changminyin	2	bowel sounds
changminyin	3	bowel tones
changminyinyichang	1	bowel sounds abnormal
changniuzhuan	6	twisting of bowel
changniuzuan	6	twisting of bowel
changqiang	13	bowel lumen
changrudong	4	movements of the bowel
changyijizhonghezheng	1	irritable bowel syndrome (IBS)
changyijizhonghezheng	2	irritable bowel syndrome
changyijizonghezeng	1	irritable bowel syndrome (IBS)
changyijizonghezeng	2	irritable bowel syndrome
changyijizonghezhen	1	irritable bowel syndrome (IBS)
changyijizonghezhen	2	irritable bowel syndrome
changyijizonghezheng	1	irritable bowel syndrome (IBS)
changyijizonghezheng	2	irritable bowel syndrome
changyingkangjing	1	excessive bowel sounds
changyinkangjin	1	excessive bowel sounds
changzhigongneimoyiwei	1	endometriosis in bowel
changzigongleimoyiwei	1	endometriosis in bowel
changzigongneimoyiwei	1	endometriosis in bowel
chanhai	8	slaughter
chanhai	11	to slaughter
chanjiren	2	cripple
chansha	1	massacre
chansha	2	slaughter
chansha	3	to massacre
chansha	4	to slaughter
chansha	30	faeces bombycum
chanxixi	1	up shit creek
chaobao	24	idiot
chaodoukou	4	semen alpiniae
chaojueming	1	semen cassiae torae
chaolao	39	piss around
chaonao	34	piss around
chedijibai	11	massacre
chejibadan	4	to talk shit
chenbo	1	morning erection
chengbo	1	morning erection
chengni	33	addict
chengyingzheng	1	sex addict
chengyinzeng	1	sex addict
chengyinzheng	1	sex addict
chenli	45	addict
chenni	8	addict
chenyinzhen	1	sex addict
cheqianzhi	5	plantaginis semen
cheqianzi	5	plantaginis semen
chesuo	37	shit-house
chesuo	49	shit house
chesuo	50	shit-houses
chidabian	1	eat shit
chihelasashui	3	to eat, drink, shit, piss, and sleep
chihelasasui	3	to eat, drink, shit, piss, and sleep
chihelashashui	3	to eat, drink, shit, piss, and sleep
chihenasashui	3	to eat, drink, shit, piss, and sleep
chilibutaohao	4	piss into the wind
chilibutaohao	5	piss against the wind
chinibutaohao	4	piss into the wind
chinibutaohao	5	piss against the wind
chiyan	5	retard
chiyan	12	in retard
chlss	3	to eat, drink, shit, piss, and sleep
chouhuo	1	bitch
chuanwei	11	buttock
chuifei	3	to fatten (animal before slaughter)
chuiliupi	4	shooting the shit
chuiliupi	5	shoots the shit
chuiliupi	6	shot the shit
chuiniupi	4	shooting the shit
chuiniupi	5	shoots the shit
chuiniupi	6	shot the shit
chuituji	4	vomit
chulai	27	shit out
chunai	30	shit out
chuncai	1	idiot
chunchai	1	idiot
chunhuo	4	idiot
chunhuo	5	moron
chunren	37	village idiot
chunreng	37	village idiot
chunzhu	1	idiot
chunzhu	4	piss artist
chunzhu	5	piss-artist
chunzu	1	idiot
chunzu	4	piss artist
chunzu	5	piss-artist
chuowude	10	bastard
chuseng	1	bastard
chusheng	1	bastard
chushizhi	5	semen browsonetiae
chushizi	3	semen browsonetiae
chusizi	3	semen browsonetiae
chutang	3	bastard sugar
cidabian	1	eat shit
cihelasashui	3	to eat, drink, shit, piss, and sleep
cilibutaohao	4	piss into the wind
cilibutaohao	5	piss against the wind
ciyan	26	retard
ciyan	33	in retard
cjbd	4	to talk shit
cjr	8	cripple
clbth	4	piss into the wind
clbth	5	piss against the wind
cmy	40	bowel sound
cmy	41	bowel sounds
cmy	42	bowel tones
cmyyc	1	bowel sounds abnormal
cnp	4	shooting the shit
cnp	5	shoots the shit
cnp	6	shot the shit
cnz	16	twisting of bowel
couhuo	1	bitch
ctj	18	vomit
cuanwei	18	buttock
cuifei	2	to fatten (animal before slaughter)
cuiniupi	4	shooting the shit
cuiniupi	5	shoots the shit
cuiniupi	6	shot the shit
cuituji	4	vomit
culai	27	shit out
cuncai	1	idiot
cunhuo	43	idiot
cunhuo	44	moron
cunren	37	village idiot
cunzhu	1	idiot
cunzhu	4	piss artist
cunzhu	5	piss-artist
cuowude	10	bastard
cusheng	10	bastard
cushizi	3	semen browsonetiae
cutang	3	bastard sugar
cwd	12	bastard
cxx	28	up shit creek
cyjzhz	1	irritable bowel syndrome (IBS)
cyjzhz	2	irritable bowel syndrome
cykj	2	excessive bowel sounds
cyz	48	sex addict
czgnmyw	1	endometriosis in bowel
dabaichi	1	blooming idiot
dabaici	2	blooming idiot
dabendan	2	blooming idiot
dabengdan	2	blooming idiot
dabian	17	shit
dabian	47	a bowel movement
dabian	62	to take a shit
dabianbianse	1	faeces discoloured
dabianbianshe	1	faeces discoloured
dabianshijin	2	bowel incontinence
dabianshijing	2	bowel incontinence
dabiansijin	2	bowel incontinence
dacang	10	large bowel
dacangai	1	bowel cancer
dacanggengzu	2	large bowel obstruction
dachang	10	large bowel
dachangai	1	bowel cancer
dachanggengzhu	2	large bowel obstruction
dachanggengzu	2	large bowel obstruction
dachanggenzu	2	large bowel obstruction
dadiao	1	abort
dadiao	8	to abort (a fetus)
dadouhuangjuan	2	semen sojae geminatum
dadouhuangjuan	3	semen sojae germinatum
dahuaidan	1	bastard
daigua	2	idiot
daishupi	1	kangaroo-piss
daisupi	1	kangaroo-piss
daitao	1	to wear a condom
daitu	17	lynch-man
daizaigaoyang	1	lambs to the slaughter
daizhaigaoyang	1	lambs to the slaughter
dalikafei	2	semen coffeae libericae
dama	5	marijuana
dama	30	panama marijuana
damalanyong	1	marijuana abuse
damananyong	1	marijuana abuse
damaren	2	semen cannabis
damareng	2	semen cannabis
damayan	5	marijuana-smoking
damayan	9	thumb marijuana cigarette
damayilai	2	marijuana dependence
damayinai	2	marijuana dependence
dandouchi	2	semen sojae praeparatum
dandouchi	3	semen sojae preparatrm
dandouchi	4	semen sojae preparatum
dandouchi	5	sojae semen praeparatum
dandouci	2	semen sojae praeparatum
dandouci	3	semen sojae preparatrm
dandouci	4	semen sojae preparatum
dandouci	5	sojae semen praeparatum
danikafei	2	semen coffeae libericae
danwu	10	keep at retard
danxiaogui	21	chicken shit
danxiaogui	24	chicken-shit
danxiaoshuanyishanlizhi	4	ismn 40 stada retard
danxiaosuanyisanlizhi	4	ismn 40 stada retard
danxiaosuanyishanlizhi	4	ismn 40 stada retard
danxiaosuanyishanlizi	4	ismn 40 stada retard
danxiaosuanyishannizhi	4	ismn 40 stada retard
daoca	6	bitch the pot
daocha	6	bitch the pot
daodouzhi	1	semen canavaliae
daodouzi	1	semen canavaliae
daoguangxueyin	1	massacre
daoguangxueying	1	massacre
dasagua	4	blooming idiot
dasagua	5	a blithering idiot
dashagua	4	blooming idiot
dashagua	5	a blithering idiot
datai	1	to have an abortion
datusa	1	Holocaust
datusa	2	massacre
datusa	3	bloodbath
datusa	15	holocaust denial
datusa	16	holocaust-denial
datusa	20	the holocaust
datusa	23	wholesale slaughter
datusa	24	the massacre of the innocents
datusasijian	1	Holocaust
datusasijian	2	massacre
datusha	1	Holocaust
datusha	2	massacre
datusha	3	bloodbath
datusha	15	holocaust denial
datusha	16	holocaust-denial
datusha	20	the holocaust
datusha	23	wholesale slaughter
datusha	24	the massacre of the innocents
datushashijian	1	Holocaust
datushashijian	2	massacre
daxiaobianshijin	1	bowel incontinence
daxiaobianshijing	1	bowel incontinence
daxiaobiansijin	1	bowel incontinence
dayu	3	idiot
dbbs	1	faeces discoloured
dbsj	7	bowel incontinence
dca	1	bowel cancer
dcgz	6	large bowel obstruction
dczhz	3	short bowel syndrome
dczhz	4	short-bowel syndrome
dczhz	5	short bowel syndrone
dczhz	6	short-bowel syndrone
ddhj	3	semen sojae geminatum
ddhj	4	semen sojae germinatum
ddlcxyq	1	electric abortion suction unit
deguolacui	1	german nazi
deguolacui	3	nazi germany
deguonachui	1	german nazi
deguonachui	3	nazi germany
deguonacui	1	german nazi
deguonacui	3	nazi germany
demin	5	is 5 mono retard
demin	7	is 5 mono retard-ratiopharm 40
deming	5	is 5 mono retard
deming	7	is 5 mono retard-ratiopharm 40
dgnc	1	german nazi
dgnc	3	nazi germany
dgxy	1	massacre
dhd	1	bastard
diandongliucanxiyinqi	1	electric abortion suction unit
diandongliuchanxiyingqi	1	electric abortion suction unit
diandongliuchanxiyinqi	1	electric abortion suction unit
diandongniuchanxiyinqi	1	electric abortion suction unit
dianshiji	12	idiot boxes
dianshiji	13	idiot's lantern
diansiji	12	idiot boxes
diansiji	13	idiot's lantern
diexue	1	bloodbath
dilenger	1	idiot
dilenger	2	moron
dinener	1	idiot
dinener	2	moron
dinenger	1	idiot
dinenger	2	moron
disandiguo	1	Third Reich, Nazi regime (1933-1945)
dishandiguo	1	Third Reich, Nazi regime (1933-1945)
djj	18	bitch box
dlkf	3	semen coffeae libericae
dm	30	marijuana
dmly	2	marijuana abuse
dmy	32	marijuana-smoking
dmy	36	thumb marijuana cigarette
dmyl	4	marijuana dependence
dne	2	idiot
dne	3	moron
dongguazhi	2	benincasae semen
dongguazhi	3	semen benincasae
dongguazi	2	benincasae semen
dongguazi	3	semen benincasae
douliu	64	bull-bitch
douniu	6	bull-bitch
douzanaojin	1	idiot
douzhalaojin	1	idiot
douzhanaojin	1	idiot
douzhanaojing	1	idiot
dsdg	1	Third Reich, Nazi regime (1933-1945)
dsg	55	blooming idiot
dsg	60	a blithering idiot
dsp	22	kangaroo-piss
dts	1	Holocaust
dts	2	massacre
dts	9	bloodbath
dts	44	the holocaust
dts	50	wholesale slaughter
dts	51	the massacre of the innocents
dtssj	1	Holocaust
dtssj	2	massacre
duanbei	1	homosexual
duanbei	2	homosexual, cf Ang Lee's Brokeback Mountain
duancangzonghezheng	3	short bowel syndrome
duancangzonghezheng	4	short-bowel syndrome
duancangzonghezheng	5	short bowel syndrone
duancangzonghezheng	6	short-bowel syndrone
duanchangzhonghezheng	3	short bowel syndrome
duanchangzhonghezheng	4	short-bowel syndrome
duanchangzhonghezheng	5	short bowel syndrone
duanchangzhonghezheng	6	short-bowel syndrone
duanchangzonghezeng	3	short bowel syndrome
duanchangzonghezeng	4	short-bowel syndrome
duanchangzonghezeng	5	short bowel syndrone
duanchangzonghezeng	6	short-bowel syndrone
duanchangzonghezhen	3	short bowel syndrome
duanchangzonghezhen	4	short-bowel syndrome
duanchangzonghezhen	5	short bowel syndrone
duanchangzonghezhen	6	short-bowel syndrone
duanchangzonghezheng	3	short bowel syndrome
duanchangzonghezheng	4	short-bowel syndrome
duanchangzonghezheng	5	short bowel syndrone
duanchangzonghezheng	6	short-bowel syndrone
duanxiu	1	homosexual
dugui	1	gambling addict
duijiangji	3	bitch box
duleishi	2	Durex, a condom brand name
duleisi	2	Durex, a condom brand name
duneisi	2	Durex, a condom brand name
duotai	3	induced abortion
duotai	4	to induce an abortion
duotai	6	abortin
duotai	7	foeticide
duotai	8	abort
duotaiquan	1	abortion right
duotaiquan	2	abortion-right
duotaiquan	3	abortion-rights
dxbsj	1	bowel incontinence
dxg	51	chicken shit
dxg	54	chicken-shit
dxsyslz	4	ismn 40 stada retard
dzgy	9	lambs to the slaughter
dznj	1	idiot
eb	3	idiot
eb	9	(slang) idiot
ebw	1	idiot
eliao	1	urinate
eliao	2	to urinate
en	18	urinate
en	24	to urinate
eniao	1	urinate
eniao	2	to urinate
eqmd	1	secondary syphilis
eqmd	3	syphilis secondaria
erbaiwu	1	idiot
erbi	1	idiot
erbi	3	(slang) idiot
erqimeidu	1	secondary syphilis
erqimeidu	3	syphilis secondaria
eryixianmafei	2	heroin or cocaine
exingmeidu	1	fulminant syphilis
exingmeidu	2	malignant syphilis
exingmeidu	4	maligna syphilis
exingmeidu	5	syphilis maligna
exinmeidu	1	fulminant syphilis
exinmeidu	2	malignant syphilis
exinmeidu	4	maligna syphilis
exinmeidu	5	syphilis maligna
exmd	1	fulminant syphilis
exmd	2	malignant syphilis
exmd	4	maligna syphilis
exmd	5	syphilis maligna
eyxmf	2	heroin or cocaine
facai	5	bitch goddess
fachai	6	bitch goddess
fafen	57	lose my shit
fafeng	41	lose my shit
falaosao	34	bitch
falaosao	45	bitch about
falaosao	64	pitch a bitch
falaoshao	34	bitch
falaoshao	45	bitch about
falaoshao	64	pitch a bitch
fanaosao	34	bitch
fanaosao	45	bitch about
fanaosao	64	pitch a bitch
fangai	23	retard
fanghudun	1	bitch shield
fangpi	12	horse-shit
fanji	12	holocaust
fanlacui	1	anti-nazi
fannachui	1	anti-nazi
fannacui	1	anti-nazi
fantong	22	sack of shit
fantongxinglian	1	anti-homosexual
fantongxingnian	1	anti-homosexual
fantongxinlian	1	anti-homosexual
fasengle	1	shit happens
fasesibai	1	launch abort
fashengle	1	shit happens
fashengne	1	shit happens
fashenle	1	shit happens
fasheshibai	1	launch abort
fayubuquan	4	abort
fccs	1	hot-shit
fccs	3	hot shit
feicangcuse	1	hot-shit
feicangcuse	3	hot shit
feichangchuse	1	hot-shit
feichangchuse	3	hot shit
feichangchushe	1	hot-shit
feichangchushe	3	hot shit
feifaduotai	1	illegal abortion
feihua	55	bull-shit
feihua	62	bull shit
feimeidu	1	pulmonary syphilis
feimeidu	2	syphilis of lung
feiwu	61	a pile of shit
feiye	15	bastard titles
fenbian	38	bowel movement
fengbian	54	bowel movement
fenghuangdan	2	semen cycadis revolutae
fengkuangde	58	ape-shit
fengkuangderen	2	blithering idiot
fengkuangdereng	2	blithering idiot
fengqing	16	shit youth
fengsipili	2	pneumorel retard
fengtao	18	homosexual
fengzen	13	bastard measles
fengzen	14	bastard metastasis
fengzen	35	bastard measle
fengzhen	13	bastard measles
fengzhen	14	bastard metastasis
fengzhen	35	bastard measle
fengzheng	50	bastard measles
fengzheng	51	bastard metastasis
fenhuangdan	2	semen cycadis revolutae
fenkuangde	58	ape-shit
fenkuangderen	2	blithering idiot
fenqin	12	shit youth
fenqing	6	shit youth
fenshipili	2	pneumorel retard
fensipili	2	pneumorel retard
fensipini	2	pneumorel retard
fentao	1	homosexual
fenzhen	47	bastard measles
fenzhen	48	bastard metastasis
ffdt	1	illegal abortion
ffxeqmd	1	relapsing secondary syphilis
fgmd	1	syphilis of epididymis
fhd	56	bitch shield
fkdr	2	blithering idiot
fls	53	bitch
fmd	33	pulmonary syphilis
fmd	34	syphilis of lung
fnc	2	anti-nazi
fsl	29	shit happens
fspl	13	pneumorel retard
fssb	1	launch abort
ft	45	homosexual
ftxl	1	anti-homosexual
fufaxinerqimeidu	1	relapsing secondary syphilis
fufaxingerqimeidu	1	relapsing secondary syphilis
fugaomeidu	1	syphilis of epididymis
fujin	24	up in this bitch
fujing	30	up in this bitch
fulv	29	fujoshi (woman who likes mangas about male homosexual love)
funv	29	fujoshi (woman who likes mangas about male homosexual love)
fupo	2	rich-bitch
fuxie	2	to have the runs
fuxie	20	loose bowel
fuxie	27	loose bowel movements
fybq	4	abort
gaishi	24	oh shit
gaisi	21	oh shit
gantazhuli	1	tower erection
gantazuli	1	tower erection
gantazuni	1	tower erection
gaochao	3	orgasm
gaoji	8	(slang) to engage in male homosexual practices
gaowanmeidu	1	syphilis of testis
gaowanmeidu	2	testicular syphilis
gaoza	5	bitch
gaozha	5	bitch
gdaz	5	piping erection
gejiyanyongliudao	2	lit. why use a pole-ax to slaughter a chicken? (idiom)
gejiyanyongniudao	2	lit. why use a pole-ax to slaughter a chicken? (idiom)
gepeier	1	Joseph Goebbels (1897-1945), German Nazi leader and politician
geshuan	6	l-cocaine chromate
gesuan	6	l-cocaine chromate
gez	1	bastard
gez	2	(coll.) bastard
gez	3	son of a bitch
ggblcs	2	lit. a dog can't stop himself from eating shit (idiom)
gjaz	1	erection of framing
gjyynd	2	lit. why use a pole-ax to slaughter a chicken? (idiom)
gkj	1	cocaine
gkj	5	cocaine (loanword)
gkj	26	l-cocaine
gkj	29	heroin or cocaine
gkj	30	bouncing powder cocaine
gks	2	coca plant (source of cocaine)
gnmdd	1	shit in your hat
gnmdd	2	go shit in your hat
gnyd	1	son of a bitch
gougaibuliaochishi	2	lit. a dog can't stop himself from eating shit (idiom)
gougaibuliaochisi	2	lit. a dog can't stop himself from eating shit (idiom)
gougaibuliaocishi	2	lit. a dog can't stop himself from eating shit (idiom)
gougaibuniaochishi	2	lit. a dog can't stop himself from eating shit (idiom)
gouliangyangde	1	son of a bitch
gouniangyangde	1	son of a bitch
goupi	3	shit
goupi	5	shit hole
goushi	4	dog-shit
goushi	6	shit-fit
goushi	7	shit-heel
goushi	8	shit-ton
goushi	10	dog shit
goushi	12	shit bird
goushi	13	shit-brindle
goushiyun	2	Lucky bastard! (slang)
gousi	22	dog-shit
gousi	24	shit-fit
gousi	25	shit-heel
gousi	26	shit-ton
gousi	28	dog shit
gousi	30	shit bird
gousi	31	shit-brindle
gousiyun	2	Lucky bastard! (slang)
gouxingtu	1	genital hook
gouxingtu	4	genital hamule
gouxintu	1	genital hook
gouxintu	4	genital hamule
gouzaizi	3	(derog.) son of a bitch
gouzashui	2	piece of shit
gouzasui	2	piece of shit
gouzazhong	1	damn bastard
gouzazhong	2	son of a bitch
gouzazong	1	damn bastard
gouzazong	2	son of a bitch
gouzhaizhi	3	(derog.) son of a bitch
gouzhasui	2	piece of shit
gouzhazhong	1	damn bastard
gouzhazhong	2	son of a bitch
gpe	1	Joseph Goebbels (1897-1945), German Nazi leader and politician
gqlc	1	abortion missed
gqlc	2	missed abortion
grxc	1	close kindred slaughter one another (idiom); internecine strife
gsy	6	Lucky bastard! (slang)
gsz	1	bastard
gsz	7	(coll.) son of a bitch
gtzl	2	tower erection
gualouzhi	5	trichosanthis semen
gualouzi	5	trichosanthis semen
guanjian	14	lynch-pin
guanjian	15	lynch-pins
guanouzi	5	trichosanthis semen
guaweiren	1	semen trichosanthis
guaweireng	1	semen trichosanthis
gugou	2	buttock cleavage
guierzhi	1	bastard
guierzhi	2	(coll.) bastard
guierzhi	3	son of a bitch
guierzi	1	bastard
guierzi	2	(coll.) bastard
guierzi	3	son of a bitch
guishunzi	1	bastard
guishunzi	2	(coll.) son of a bitch
guisunzhi	1	bastard
guisunzhi	2	(coll.) son of a bitch
guisunzi	1	bastard
guisunzi	2	(coll.) son of a bitch
guitou	1	glans penis
guizhishou	11	slaughter man
guizishou	11	slaughter man
guizisou	11	slaughter man
guke	11	(botany) coca (source of cocaine)
gukejian	1	cocaine
gukejian	2	cocaine (loanword)
gukejian	4	l-cocaine
gukejian	5	bouncing powder cocaine
gukeshu	1	coca plant (source of cocaine)
gukesu	1	coca plant (source of cocaine)
gunkai	9	piss-off
gunkai	21	piss off
gunkai	41	go piss up a rope
gunlimadedan	1	shit in your hat
gunlimadedan	2	go shit in your hat
gunnimadedan	1	shit in your hat
gunnimadedan	2	go shit in your hat
guoqiliucan	1	abortion missed
guoqiliucan	2	missed abortion
guoqiliuchan	1	abortion missed
guoqiliuchan	2	missed abortion
guoqiniuchan	1	abortion missed
guoqiniuchan	2	missed abortion
gurouxiangcan	1	close kindred slaughter one another (idiom); internecine strife
gurouxiangchan	1	close kindred slaughter one another (idiom); internecine strife
guzangweizi	1	abort situation
guzhangweizhi	1	abort situation
gwmd	1	syphilis of testis
gwmd	2	testicular syphilis
gzs	9	piece of shit
gzs	62	slaughter man
gzwz	5	abort situation
gzz	9	damn bastard
gzz	10	son of a bitch
gzz	11	(derog.) son of a bitch
haigoubian	1	seal penis
haigoubian	2	penis otariae
haigousen	1	ursine seal testes and penis
haigousen	2	ursine seal's testes and penis
haigousen	4	testis et penis callorhimi
haigousen	5	testis et penis otariae
haigoushen	1	ursine seal testes and penis
haigoushen	2	ursine seal's testes and penis
haigoushen	4	testis et penis callorhimi
haigoushen	5	testis et penis otariae
haigousheng	1	ursine seal testes and penis
haigousheng	2	ursine seal's testes and penis
haigousheng	4	testis et penis callorhimi
haigousheng	5	testis et penis otariae
hailuoyin	1	heroin
hailuoyin	2	heroin (loanword)
hailuoyin	21	heroin or cocaine
hailuoyin	51	heroin (narcotic) (loanword)
hailuoying	1	heroin (narcotic) (loanword)
hailuoying	5	heroin
hailuoying	6	heroin (loanword)
hailuoying	25	heroin or cocaine
hainuoyin	1	heroin
hainuoyin	2	heroin (loanword)
hainuoyin	21	heroin or cocaine
hainuoying	1	heroin (narcotic) (loanword)
haipa	39	shit oneself
haisongzhi	3	semen pini koraiensis
haisongzi	3	semen pini koraiensis
hala	3	slaughter
hala	5	to slaughter
hana	3	slaughter
hana	5	to slaughter
hanzhi	7	idiot
hanzi	6	idiot
haobuguanxin	2	give a shit
haobuguanxin	4	not give a shit
haobuguanxing	2	give a shit
haobuguanxing	4	not give a shit
haodongxi	4	good shit
haojie	6	holocaust
haojiehou	3	post-holocaust
haowujiazhi	20	not worth a shit
haowujiazi	20	not worth a shit
hbgx	9	give a shit
hbgx	11	not give a shit
hd	34	bastard
hdx	2	bastard
hdx	18	good shit
hehuan	8	bastard tamarind
heidou	5	semen sojae atricolor
heizhongcaozhi	3	semen nigellae
heizhongcaozhi	5	semen nigellae glanduliferae
heizhongcaozi	3	semen nigellae
heizhongcaozi	5	semen nigellae glanduliferae
heizhongchaozi	3	semen nigellae
heizhongchaozi	5	semen nigellae glanduliferae
heizongcaozi	3	semen nigellae
heizongcaozi	5	semen nigellae glanduliferae
hetaoren	3	juglandis semen
hetaoren	4	semen juglandis
hetaoren	5	semen juplandis
hetaoreng	3	juglandis semen
hetaoreng	4	semen juglandis
hetaoreng	5	semen juplandis
hgb	5	seal penis
hjh	4	dirty bastard
hjh	34	post-holocaust
hly	1	heroin
hly	5	heroin (loanword)
hly	9	heroin (narcotic) (loanword)
hly	37	heroin or cocaine
hmmd	1	syphilis of synovium
hongxiaodou	4	semen phaseoli
houtianxingyindaobishuo	1	acquired atresia of vagina
houtianxingyindaobisuo	1	acquired atresia of vagina
houtianxingyingdaobisuo	1	acquired atresia of vagina
houtianxinyindaobisuo	1	acquired atresia of vagina
hps	16	bastard amber
hq	40	bastard
hqyh	5	expiratory flow retard
hrb	4	black vomit
hsbd	12	bull-shit
hsbd	13	dog-shit
hsbd	17	bull shit
hsp	8	retard tablets
htxydbs	1	acquired atresia of vagina
huaidan	1	bastard
huaidongxi	1	bastard
huaijiahuo	3	dirty bastard
huamomeidu	1	syphilis of synovium
huanggousen	1	testis et penis canitis
huanggoushen	1	testis et penis canitis
huanggousheng	1	testis et penis canitis
huanghua	16	horse-shit
huangrebin	4	black vomit
huangrebing	4	black vomit
huanshipian	1	retard tablets
huansipian	1	retard tablets
huanwubingshuangaotong	1	testosterone-retard
huanwubingsuangaotong	1	testosterone-retard
huanwubinsuangaotong	1	testosterone-retard
huatai	5	habitual abortion
huatou	12	piss artists
huayeqiao	2	vagina mucosa
huihuo	34	piss away
huimie	43	holocaust
huiye	1	bastard indigo
huiye	4	bastard indigoes
huiyinbu	1	ano-genital
huiyingbu	1	ano-genital
hulao	38	piss about
hulao	39	piss around
huluzhi	3	semen lagenariae sicerariae
huluzi	3	semen lagenariae sicerariae
humazhi	4	semen lini
humazi	4	semen lini
hunao	38	piss about
hunao	39	piss around
hundan	1	bastard
hundan	19	a son of a bitch
hundan	21	son of a bitch
hunqiu	1	bastard
hunuzi	3	semen lagenariae sicerariae
hupose	6	bastard amber
huposhe	6	bastard amber
huqiyanhuan	1	expiratory flow retard
hushuo	29	shit
hushuo	48	horse-shit
hushuobadao	10	bull-shit
hushuobadao	11	dog-shit
hushuobadao	15	bull shit
husuo	33	shit
husuo	52	horse-shit
husuobadao	10	bull-shit
husuobadao	11	dog-shit
husuobadao	15	bull shit
hutaoren	3	semen juglandis
hutaoreng	3	semen juglandis
hwbsgt	1	testosterone-retard
hwjz	20	not worth a shit
hzcz	3	semen nigellae
hzcz	5	semen nigellae glanduliferae
jbf	20	undress uniform
jbq	51	shit-stirrer
jcj	14	piss-house
jdb	17	bowel movement
jdbxyds	10	insulyl-retard
jdmq	3	vagina carotica
jdsd	2	retard
jdsd	5	to retard
jdxf	5	orgasm
jhmq	2	vagina synovialis tendinis
jiafen	39	bastard suture
jiafeng	10	bastard suture
jiahua	7	shit
jiahuo	14	bastard
jialigangjin	1	erection bar
jialigangjin	2	erection reinforcement
jialigangjing	1	erection bar
jialigangjing	2	erection reinforcement
jiandishudu	2	retard
jiandishudu	4	to retard
jiandisudu	2	retard
jiandisudu	4	to retard
jiangtanglin	1	db retard
jiangtangling	1	db retard
jiangtangning	1	db retard
jiangui	9	holy shit
jianhuamoqiao	2	vagina synovialis tendinis
jianhuan	1	retard
jianhuan	2	to retard
jianhuo	1	bitch
jianigangjin	1	erection bar
jianigangjin	2	erection reinforcement
jianman	7	retard
jianren	14	bitch-ass
jianren	17	bitch-whores
jianreng	14	bitch-ass
jianreng	17	bitch-whores
jianruishiyou	1	genital wart
jianruisiyou	1	genital wart
jiansengdaxiao	1	screaming orgasm
jianshendaxiao	1	screaming orgasm
jianshengdaxiao	1	screaming orgasm
jiansu	14	retard
jianyu	43	piss-house
jianzhishi	4	piece of shit
jianzhishi	5	piece-of-shit
jianzhisi	4	piece of shit
jianzhisi	5	piece-of-shit
jianzishi	4	piece of shit
jianzishi	5	piece-of-shit
jiaoban	29	shit-stir
jiaoban	38	shit-stirring
jiaobanqi	20	shit-stirrer
jiaobanqi	39	shit-stirrers
jiaokubudie	2	to complain without stopping (idiom); to bitch endlessly
jiaqiaoji	1	bridge-erection crane
jiaqiaoji	2	bridge girder erection machine
jiawawa	1	(coll.) to induce an abortion (Tw)
jiba	2	penis
jiba	3	penis (vulgar)
jiduxinfen	3	orgasm
jiduxingfen	3	orgasm
jiduxingfeng	3	orgasm
jiecaizhi	3	semen brassicae iunceae
jiecaizi	3	semen brassicae iunceae
jiechaizi	3	semen brassicae iunceae
jiedabian	1	bowel movement
jiejiejianjianqiao	2	vagina tendinis intertubercularis
jiexiaoshou	1	urinate
jiexiaoshou	2	(coll.) to urinate
jiexiaosou	1	urinate
jiexiaosou	2	(coll.) to urinate
jifeng	38	piss taking
jifeng	39	piss-taking
jifeng	40	piss-takings
jiguanzhi	3	semen celosiae cristatae
jiguanzi	3	semen celosiae cristatae
jiliuliucan	1	missed abortion
jiliuliuchan	1	missed abortion
jinchaju	5	piss-house
jindanbaixinyidaosu	10	insulyl-retard
jindongmaiqiao	2	vagina carotica
jindongmaiqiao	3	vagina carotica fasciae cervicalis
jingaodeng	4	idiot light
jingaodeng	5	idiot lights
jingcaju	5	piss-house
jingchaju	5	piss-house
jingdanbaixingyidaosu	10	insulyl-retard
jingdanbaixinyidaoshu	10	insulyl-retard
jingdanbaixinyidaosu	10	insulyl-retard
jingdongmaiqiao	2	vagina carotica
jingdongmaiqiao	3	vagina carotica fasciae cervicalis
jinggaoden	4	idiot light
jinggaoden	5	idiot lights
jinggaodeng	4	idiot light
jinggaodeng	5	idiot lights
jinglangmeidu	1	syphilis of seminal vesicle
jingnangmeidu	1	syphilis of seminal vesicle
jingshuo	1	genital cord
jingsuo	1	genital cord
jingtuqiao	1	vagina processus styloidei
jingtuqiao	2	vagina processus styloidis
jingxingxiexie	1	menstrual diarrhea
jingxingxiexie	2	diarrhea during menstruation
jingxingxiexie	3	diarrhea associated with menstruation
jingye	1	semen
jingyebaochun	1	semen conservation
jingyebaochun	2	semen preservation
jingyebaochun	3	semen storage
jingyebaocun	1	semen conservation
jingyebaocun	2	semen preservation
jingyebaocun	3	semen storage
jingyebuyehua	1	nonliquefaction of semen
jingyecanggui	1	semen analysis
jingyechanggui	1	semen analysis
jingyefengxi	1	semen analysis
jingyefengxi	2	analysis of semen
jingyefenxi	1	semen analysis
jingyefenxi	2	analysis of semen
jingyejianca	1	semen examination
jingyejianca	2	semen measurement
jingyejianca	4	examination of semen
jingyejiancha	1	semen examination
jingyejiancha	2	semen measurement
jingyejiancha	4	examination of semen
jingyelengdong	1	semen freezing
jingyelengdong	2	freezing of semen
jingyelengdong	3	deep freezing of semen
jingyeliang	1	semen volume
jingyenengdong	1	semen freezing
jingyenengdong	2	freezing of semen
jingyenengdong	3	deep freezing of semen
jingyeniang	1	semen volume
jingyexishiji	1	semen diluent
jingyexisiji	1	semen diluent
jingyeyundongxing	1	semen motility
jingyindao	1	per vagina
jingyingdao	1	per vagina
jiniuniuchan	1	missed abortion
jinnangmeidu	1	syphilis of seminal vesicle
jintuqiao	1	vagina processus styloidei
jintuqiao	2	vagina processus styloidis
jinxinxiexie	1	menstrual diarrhea
jinxinxiexie	2	diarrhea during menstruation
jinxinxiexie	3	diarrhea associated with menstruation
jinyebaocun	1	semen conservation
jinyebaocun	2	semen preservation
jinyebaocun	3	semen storage
jinyebuyehua	1	nonliquefaction of semen
jinyechanggui	1	semen analysis
jinyefenxi	1	semen analysis
jinyefenxi	2	analysis of semen
jinyejiancha	1	semen examination
jinyejiancha	2	semen measurement
jinyejiancha	4	examination of semen
jinyelengdong	1	semen freezing
jinyelengdong	2	freezing of semen
jinyelengdong	3	deep freezing of semen
jinyeliang	1	semen volume
jinyexishiji	1	semen diluent
jinyeyundongxin	1	semen motility
jinyindao	2	per vagina
jiroumeidu	1	syphilis of muscle
jitiqiangjian	1	gang raped
jitoumi	2	Semen euryales (botany)
jitu	1	protruding nipples or bulging penis (contours of intimate body parts visible through clothing)
jiubajian	14	piss factory
jiucaizhi	5	semen alli tuberosi
jiucaizi	5	semen alli tuberosi
jiuchaizi	5	semen alli tuberosi
jiuguan	23	piss factory
jiugui	27	piss-head
jiugui	28	piss-heads
jiugui	40	piss artist
jiugui	41	piss artists
jiugui	42	piss-artist
jixinglinbing	1	acute gonorrhea
jixinglingbing	1	acute gonorrhea
jixingninbing	1	acute gonorrhea
jixinlinbin	1	acute gonorrhea
jjjjq	2	vagina tendinis intertubercularis
jkbd	2	to complain without stopping (idiom); to bitch endlessly
jlgj	5	erection bar
jllc	1	missed abortion
jnmd	1	syphilis of seminal vesicle
jrmd	1	syphilis of muscle
jrsy	1	genital wart
jsdx	1	screaming orgasm
jtl	16	db retard
jtqj	1	gang raped
jujian	10	bastard sword
junbianfu	3	undress uniform
jww	3	(coll.) to induce an abortion (Tw)
jxlb	1	acute gonorrhea
jxs	16	urinate
jxs	22	(coll.) to urinate
jxxx	4	menstrual diarrhea
jxxx	5	diarrhea during menstruation
jybc	1	semen conservation
jybc	2	semen preservation
jybc	3	semen storage
jybyh	1	nonliquefaction of semen
jycg	2	semen analysis
jyld	5	semen freezing
jyxsj	1	semen diluent
jyydx	1	semen motility
jzs	28	piece of shit
jzs	29	piece-of-shit
kekayin	1	cocaine
kekayin	2	cocaine (loanword)
kekayin	8	b-cocaine
kekayin	9	l-cocaine
kekayin	13	rock cocaine
kekayin	14	heroin or cocaine
kekayin	15	bouncing powder cocaine
kekaying	1	cocaine
kekaying	2	cocaine (loanword)
kekaying	8	b-cocaine
kekaying	9	l-cocaine
kekaying	13	rock cocaine
kekaying	14	heroin or cocaine
kekaying	15	bouncing powder cocaine
khk	4	shooting the shit
khk	5	shoots the shit
khk	6	shot the shit
kkqt	21	piss and wind
kky	1	cocaine
kky	2	cocaine (loanword)
kky	8	b-cocaine
kky	9	l-cocaine
kky	14	rock cocaine
kky	15	heroin or cocaine
kky	22	bouncing powder cocaine
kongdong	4	condom
kongdong	5	condom (loanword)
konghua	21	piss and wind
kongxiahuyu	1	trypauchen vagina
kouyu	17	the runs
kuahaikou	4	shooting the shit
kuahaikou	5	shoots the shit
kuahaikou	6	shot the shit
kuakuaqitan	21	piss and wind
kuangbao	13	go ape shit
kuanghuan	40	shit shows
kuangyin	17	piss-up
kuangyin	18	piss-ups
kuangyin	23	piss up
kuangying	20	piss-up
kuangying	21	piss-ups
kuangying	26	piss up
kuanyijiedai	1	undress
kuanyijiedai	2	to undress
kushilian	1	semen caesalpiniae minacis
kushinian	1	semen caesalpiniae minacis
kusilian	1	semen caesalpiniae minacis
kxhy	1	trypauchen vagina
kyjd	1	undress
kyjd	2	to undress
lacui	1	Nazi
lacui	2	Nazi (loanword)
lacuidang	1	Nazi Party
lacuidang	3	nazi parties
lacuideguo	1	Nazi Germany (1933-1945)
lacuideguo	2	nazi germany
lacuifenzi	1	Nazi
lacuili	1	nazi salute
laduzhi	3	loose bowels
laduzhi	7	have loose bowels
laduzi	3	loose bowels
laduzi	7	have loose bowels
laifuzhi	4	raphani semen
laifuzhi	5	semen raphani
laifuzi	4	raphani semen
laifuzi	5	semen raphani
lajidai	8	shit bags
langen	1	penis
langfeishijian	30	piss about
langfeishijian	42	piss in the wind
langfeisijian	30	piss about
langfeisijian	42	piss in the wind
lanjingdatusha	1	the Nanjing Massacre of 1937-38
lanjingdatusha	2	nanjing massacre
lansa	2	massacre
lansa	3	to massacre
lansawugu	1	willfully slaughter the innocent (idiom)
lansha	1	massacre
lansha	2	to massacre
lanshawugu	1	willfully slaughter the innocent (idiom)
lanxingleishengzhiqi	2	male internal genital organs
lanxingshengzhiqiguan	1	male genital organs
lanxingshengzhiqiguan	2	male genital orgnas
lanxingshengzhiqipizhen	1	genital eruption male
lanxingshengzhixitong	1	male genital system
lanxingwaishengzhiqi	2	male external genital organs
lanxingwaishengzhiqiguan	1	external genital organs of male
laoai	1	Lao Ai (-238 BC), man of Qin famous for his giant penis
laobushi	2	old bastard
laobusi	1	old bastard
laocan	4	retard
laodao	42	bitch around
laodongxi	1	old bastard
laoer	1	penis
laoer	4	(slang) penis
lashi	3	shit
lashi	6	to shit
lashi	18	take a shit
lashi	19	taken a shit
lashi	20	takes a shit
lashi	21	taking a shit
lashi	22	took a shit
lasi	28	shit
lasi	31	to shit
lasi	43	take a shit
lasi	44	taken a shit
lasi	45	takes a shit
lasi	46	taking a shit
lasi	47	took a shit
lb	42	gonorrhea
lbq	17	hot-shit
lbq	30	hot shit
lbs	5	old bastard
lbxjmy	1	ophthalmic gonorrhea
lcb	7	"green tea bitch", a girl who seems innocent and charming but is actually calculating and manipulative
lch	3	post-abortion
lcyy	5	abortion-clinic
ldcx	3	syphilis of lacrimal passages
ldjy	5	frozen semen
ldx	7	old bastard
ldz	52	loose bowels
ldz	58	have loose bowels
leibu	15	bowel
leidaochongxi	3	syphilis of lacrimal passages
leidaocongxi	3	syphilis of lacrimal passages
leishengzhiqi	1	internal genital
leizang	3	bowel
lengdongjingye	1	frozen semen
lengdongjinye	1	frozen semen
lfsj	30	piss about
lfsj	42	piss in the wind
lhj	61	angle of retard
lianzhixin	5	semen nelumbinis
lianzixin	5	semen nelumbinis
lianzixing	5	semen nelumbinis
liaobuqi	4	hot-shit
liaobuqi	8	hot shit
liaochenzha	1	urine sediments analyzer
liaodaohaimiantibaimo	3	albuginea of spongy body of penis
liaodaohaimiantibaimo	4	albuginea of spongy dody of penis
liaodaohaimiantiqiang	2	caverns of spongy body of penis
liaodaohaimiantixiaoliang	2	trabeculae corporis spongiosi penis
liaodaohaimiantixiaoliang	4	trabeculae of spongy body of penis
liaodaoqiu	1	bulb of penis
liaofen	6	bird shit
liaohu	5	a piss pot
liaokuzi	1	piss myself
liaoshi	12	bird shit
liaotian	19	shit-talk
liaotong	4	piss-bucket
liezhimei	1	bastard coal
liezimei	1	bastard coal
lihuogai	1	tough shit
lin	11	gonorrhea
linbin	1	gonorrhea
linbin	6	gonorrhea venereal disease
linbing	1	gonorrhea
linbing	6	gonorrhea venereal disease
linbingxingjiemoyan	1	ophthalmic gonorrhea
linbinxinjiemoyan	1	ophthalmic gonorrhea
lingbing	1	gonorrhea
lingbing	6	gonorrhea venereal disease
lingbingxingjiemoyan	1	ophthalmic gonorrhea
linghao	2	(slang) bottom (in a homosexual relationship)
lingqi	21	lynch
lingqi	24	jessica lynch
lingqiujun	1	Neisseria gonorrhoeae, the pathogen causing gonorrhea
linhao	2	(slang) bottom (in a homosexual relationship)
linqi	4	lynch
linqi	7	jessica lynch
linqiujun	1	Neisseria gonorrhoeae, the pathogen causing gonorrhea
liubi	6	bastard
liubi	9	bastard (vulgar)
liucan	6	abort
liucan	13	abort-
liucanhou	1	post-abortion
liucanlv	1	abortion rate
liucanlv	2	abortion ratio
liucanlv	3	rate of abortion
liucanyiyuan	1	abortion-clinic
liuchan	6	abort
liuchan	13	abort-
liuchanhou	1	post-abortion
liuchanlu	1	abortion rate
liuchanlu	2	abortion ratio
liuchanlu	3	rate of abortion
liuchanlv	1	abortion rate
liuchanlv	2	abortion ratio
liuchanlv	3	rate of abortion
liuchanyiyuan	1	abortion-clinic
liushi	58	bull-shit
liushi	60	bull shit
liusoumabo	2	cow's piss, horse's ulcer (idiom); worthless nonsense
liuxingxingqiangweizen	2	bastard measle
liuxingxingqiangweizhen	2	bastard measle
liuxingxingqiangweizheng	2	bastard measle
liuxinxinqiangweizhen	2	bastard measle
liuyanmaqian	3	semen strychni angustiflorae
lizhihe	5	semen litchi
lizihe	5	semen litchi
longhuai	24	make a bitch of
longyang	2	(coll.) male homosexual
longyangjun	1	homosexual
longyangjun	2	homosexual (positive term)
longzao	32	bitch
longzao	40	bitch up
lqj	5	Neisseria gonorrhoeae, the pathogen causing gonorrhea
ls	52	shit
lswg	1	willfully slaughter the innocent (idiom)
luantong	6	catamite (boy as homosexual partner)
luanzhi	2	penis
luanzi	2	penis
luchabiao	1	"green tea bitch", a girl who seems innocent and charming but is actually calculating and manipulative
lunjian	2	gang-raped
lunjian	4	gang raped
luoceng	2	undress
luoceng	4	to undress
luochen	8	undress
luochen	10	to undress
luocheng	2	undress
luocheng	4	to undress
luohoujiao	2	angle of retard
luohuangzhi	2	semen sterculiae nobilis
luohuangzi	2	semen sterculiae nobilis
luoti	4	undress
luoxuanti	10	spiral-shaped bacterium, e.g. causing syphilis
lusongguo	5	semen strychni ignatii
lvcabiao	1	"green tea bitch", a girl who seems innocent and charming but is actually calculating and manipulative
lvchabiao	1	"green tea bitch", a girl who seems innocent and charming but is actually calculating and manipulative
lvsongguo	5	semen strychni ignatii
lvxinggeli	2	female genital mutilation
lvxingleishengzhiqiguan	1	female internal genital organs
lvxingleishengzhiqiguan	2	internal genital organs of female
lvxingshengzhiqibing	1	genital disorder female
lvxingshengzhiqiguan	2	female genital mutilation
lvxingwaishengzhiqiguan	1	female external genital organs
lvxingwaishengzhiqiguan	2	external genital organs of female
lvyongbiyuntao	1	female condom
lxxqwz	2	bastard measle
lyj	3	homosexual
lyj	10	homosexual (positive term)
lzm	10	bastard coal
mabinglang	4	semen cappardis
mabingnang	4	semen cappardis
mabinlang	4	semen cappardis
madanguo	3	semen gynocardiae odoratae
mafandale	1	shit hits the fan
mafandane	1	shit hits the fan
mafanshi	1	bastard
mafansi	1	bastard
mafei	3	heroin
mafei	8	heroin or cocaine morphine
mafen	7	horse shit
mafeng	32	horse shit
maisa	2	to act like an idiot
maisha	2	to act like an idiot
maliao	7	horse piss
malu	4	idiot
malu	6	idiot (Japanese 'baka')
maniao	1	horse piss
manu	6	idiot
manu	8	idiot (Japanese 'baka')
manyuan	17	bitch
maoshikafei	2	"kopi luwak" or civet coffee, made from coffee beans plucked from Asian palm civet's feces
maosikafei	2	"kopi luwak" or civet coffee, made from coffee beans plucked from Asian palm civet's feces
maqianzhifen	3	semen strychni pulverratum
maqianzifen	3	semen strychni pulverratum
maqianzifeng	3	semen strychni pulverratum
mbky	4	that's a bitch
md	32	syphilis
mdc	7	bull bitch
mdsyjyx	1	syphilis test false positive
mdz	48	syphilis cutanea
meidu	1	syphilis
meidu	10	syphilis venereal disease
meidushiyanjiayangxin	1	syphilis test false positive
meidushiyanjiayangxing	1	syphilis test false positive
meidusiyanjiayangxing	1	syphilis test false positive
meiduzen	9	syphilis cutanea
meiduzhen	9	syphilis cutanea
meiduzheng	9	syphilis cutanea
meilin	6	merrill lynch
meiling	11	merrill lynch
meilingjituan	1	Merrill Lynch
meilingzhengquan	1	merrill lynch
meilinjituan	1	Merrill Lynch
meilinzengquan	1	merrill lynch
meilinzhengquan	1	merrill lynch
meilinzhenquan	1	merrill lynch
meinin	6	merrill lynch
meininjituan	1	Merrill Lynch
meininzhengquan	1	merrill lynch
meizhong	5	bitch out
meizong	5	bitch out
mengyi	4	wet dream
mengyi	5	nocturnal emission (ejaculation)
menyi	4	wet dream
menyi	5	nocturnal emission (ejaculation)
mfdl	1	shit hits the fan
mfs	11	bastard
miaobukeyan	2	that's a bitch
miliao	2	urinate
miliao	5	to urinate
miniao	1	urinate
miniao	4	to urinate
mljt	1	Merrill Lynch
mlzq	1	merrill lynch
mn	28	urinate
mn	60	to urinate
mqzf	4	semen strychni pulverratum
mskf	5	"kopi luwak" or civet coffee, made from coffee beans plucked from Asian palm civet's feces
mubiezhi	1	semen momordicae
mubiezi	1	semen momordicae
mudachong	1	bull bitch
mudacong	1	bull bitch
mugou	1	bitch
mugou	8	a bitch
muhudie	3	semen oroxyli
muhudie	4	semen qroxyli
mulang	1	bitch
munang	1	bitch
muquan	1	bitch
muyaozhi	1	semen entadae
muyaozi	1	semen entadae
nachui	1	Nazi
nachui	2	Nazi (loanword)
nachuidang	1	Nazi Party
nachuidang	3	nazi parties
nachuideguo	1	Nazi Germany (1933-1945)
nachuideguo	2	nazi germany
nachuifenzi	1	Nazi
nachuili	1	nazi salute
nacui	1	Nazi
nacui	2	Nazi (loanword)
nacuidang	1	Nazi Party
nacuidang	3	nazi parties
nacuideguo	1	Nazi Germany (1933-1945)
nacuideguo	2	nazi germany
nacuifengzi	1	Nazi
nacuifenzhi	1	Nazi
nacuifenzi	1	Nazi
nacuili	1	nazi salute
nacuini	1	nazi salute
naduzi	3	loose bowels
naduzi	7	have loose bowels
naifuzi	4	raphani semen
naifuzi	5	semen raphani
najidai	8	shit bags
nangen	1	penis
nangeng	1	penis
nangfeishijian	30	piss about
nangfeishijian	42	piss in the wind
nanjindatusha	1	the Nanjing Massacre of 1937-38
nanjindatusha	2	nanjing massacre
nanjingdatusa	1	the Nanjing Massacre of 1937-38
nanjingdatusa	2	nanjing massacre
nanjingdatusha	1	the Nanjing Massacre of 1937-38
nanjingdatusha	2	nanjing massacre
nansha	3	massacre
nansha	4	to massacre
nanshawugu	1	willfully slaughter the innocent (idiom)
nanxingneisengzhiqi	2	male internal genital organs
nanxingneishengzhiqi	2	male internal genital organs
nanxingneishengziqi	2	male internal genital organs
nanxingneishenzhiqi	2	male internal genital organs
nanxingsengzhiqiguan	1	male genital organs
nanxingsengzhiqiguan	2	male genital orgnas
nanxingsengzhiqipizhen	1	genital eruption male
nanxingsengzhixitong	1	male genital system
nanxingshengzhiqiguan	1	male genital organs
nanxingshengzhiqiguan	2	male genital orgnas
nanxingshengzhiqipizhen	1	genital eruption male
nanxingshengzhiqipizheng	1	genital eruption male
nanxingshengzhixitong	1	male genital system
nanxingshengziqiguan	1	male genital organs
nanxingshengziqiguan	2	male genital orgnas
nanxingshengziqipizen	1	genital eruption male
nanxingshengzixitong	1	male genital system
nanxingshenzhiqiguan	1	male genital organs
nanxingshenzhiqiguan	2	male genital orgnas
nanxingshenzhiqipizhen	1	genital eruption male
nanxingshenzhixitong	1	male genital system
nanxingwaisengzhiqi	2	male external genital organs
nanxingwaisengzhiqiguan	1	external genital organs of male
nanxingwaishengzhiqi	2	male external genital organs
nanxingwaishengzhiqiguan	1	external genital organs of male
nanxingwaishengziqi	2	male external genital organs
nanxingwaishengziqiguan	1	external genital organs of male
nanxingwaishenzhiqi	2	male external genital organs
nanxingwaishenzhiqiguan	1	external genital organs of male
nanxinneishengzhiqi	2	male internal genital organs
nanxinshengzhiqiguan	1	male genital organs
nanxinshengzhiqiguan	2	male genital orgnas
nanxinshengzhiqipizhen	1	genital eruption male
nanxinshengzhixitong	1	male genital system
nanxinwaishengzhiqi	2	male external genital organs
nanxinwaishengzhiqiguan	1	external genital organs of male
naoai	3	Lao Ai (-238 BC), man of Qin famous for his giant penis
naobusi	1	old bastard
naocan	4	retard
naochan	4	retard
naodao	49	bitch around
naodongxi	1	old bastard
naoer	3	penis
nashi	41	shit
nashi	44	to shit
nashi	56	take a shit
nashi	57	taken a shit
nashi	58	takes a shit
nashi	59	taking a shit
nashi	60	took a shit
nb	13	bastard
nb	48	bastard (vulgar)
nc	6	Nazi
nc	34	retard
nc	60	Nazi (loanword)
ncd	2	Nazi Party
ncd	8	nazi parties
ncdg	1	Nazi Germany (1933-1945)
ncdg	2	nazi germany
ncfz	1	Nazi
ncl	37	nazi salute
ndhmtbm	3	albuginea of spongy body of penis
ndhmtbm	4	albuginea of spongy dody of penis
ndhmtq	2	caverns of spongy body of penis
ndhmtxl	2	trabeculae corporis spongiosi penis
ndhmtxl	4	trabeculae of spongy body of penis
ndq	2	bulb of penis
neibu	9	bowel
neidaochongxi	3	syphilis of lacrimal passages
neisengzhiqi	1	internal genital
neishengzhiqi	1	internal genital
neishengziqi	1	internal genital
neishenzhiqi	1	internal genital
neizang	3	bowel
neizhang	6	bowel
nengdongjingye	1	frozen semen
nhg	6	tough shit
nianzixin	5	semen nelumbinis
niao	9	urinate
niao	17	to urinate
niao	23	piss
niaobuqi	4	hot-shit
niaobuqi	8	hot shit
niaocenzha	1	urine sediments analyzer
niaochengzha	1	urine sediments analyzer
niaochenza	1	urine sediments analyzer
niaochenzha	1	urine sediments analyzer
niaodaohaimiantibaimo	3	albuginea of spongy body of penis
niaodaohaimiantibaimo	4	albuginea of spongy dody of penis
niaodaohaimiantiqiang	2	caverns of spongy body of penis
niaodaohaimiantixiaoliang	2	trabeculae corporis spongiosi penis
niaodaohaimiantixiaoliang	4	trabeculae of spongy body of penis
niaodaohaimiantixiaoniang	2	trabeculae corporis spongiosi penis
niaodaohaimiantixiaoniang	4	trabeculae of spongy body of penis
niaodaoqiu	1	bulb of penis
niaofen	6	bird shit
niaofeng	6	bird shit
niaohu	5	a piss pot
niaokuzhi	1	piss myself
niaokuzi	1	piss myself
niaoshi	7	bird shit
niaosi	7	bird shit
niaotian	19	shit-talk
niaotong	2	piss-bucket
niezhimei	1	bastard coal
nihuogai	1	tough shit
nin	22	gonorrhea
ninbing	1	gonorrhea
ninbing	6	gonorrhea venereal disease
ninbingxingjiemoyan	1	ophthalmic gonorrhea
ninghao	3	(slang) bottom (in a homosexual relationship)
ninqi	4	lynch
ninqi	7	jessica lynch
ninqiujun	1	Neisseria gonorrhoeae, the pathogen causing gonorrhea
niubi	3	bastard
niubi	6	bastard (vulgar)
niubian	1	bull's penis (served as food)
niubian	5	ox penis and testes
niuchan	6	abort
niuchan	13	abort-
niuchanhou	1	post-abortion
niuchannv	1	abortion rate
niuchannv	2	abortion ratio
niuchannv	3	rate of abortion
niuchanyiyuan	1	abortion-clinic
niushi	3	bull-shit
niushi	5	bull shit
niushoumabo	2	cow's piss, horse's ulcer (idiom); worthless nonsense
niusi	3	bull-shit
niusi	5	bull shit
niusoumabo	2	cow's piss, horse's ulcer (idiom); worthless nonsense
niuxingxingqiangweizhen	2	bastard measle
niuyanmaqian	3	semen strychni angustiflorae
nizhihe	5	semen litchi
njdts	1	the Nanjing Massacre of 1937-38
njdts	2	nanjing massacre
nkz	6	piss myself
nonghuai	24	make a bitch of
nongyang	2	(coll.) male homosexual
nongyangjun	1	homosexual
nongyangjun	2	homosexual (positive term)
nongzao	32	bitch
nongzao	40	bitch up
nongzhao	32	bitch
nongzhao	40	bitch up
nsmb	2	cow's piss, horse's ulcer (idiom); worthless nonsense
nszq	3	internal genital
nuantong	7	catamite (boy as homosexual partner)
nuanzi	2	penis
nunjian	2	gang-raped
nunjian	4	gang raped
nuocheng	2	undress
nuocheng	4	to undress
nuohoujiao	2	angle of retard
nuohuangzi	2	semen sterculiae nobilis
nuoti	4	undress
nuoxuanti	10	spiral-shaped bacterium, e.g. causing syphilis
nuxinggeli	2	female genital mutilation
nuxingneishengzhiqiguan	1	female internal genital organs
nuxingneishengzhiqiguan	2	internal genital organs of female
nuxingshengzhiqibing	1	genital disorder female
nuxingshengzhiqiguan	2	female genital mutilation
nuxingwaishengzhiqiguan	1	female external genital organs
nuxingwaishengzhiqiguan	2	external genital organs of female
nuyongbiyuntao	1	female condom
nvchabiao	1	"green tea bitch", a girl who seems innocent and charming but is actually calculating and manipulative
nvsongguo	5	semen strychni ignatii
nvxingeli	2	female genital mutilation
nvxinggeli	2	female genital mutilation
nvxinggeni	2	female genital mutilation
nvxingneisengzhiqiguan	1	female internal genital organs
nvxingneisengzhiqiguan	2	internal genital organs of female
nvxingneishengzhiqiguan	1	female internal genital organs
nvxingneishengzhiqiguan	2	internal genital organs of female
nvxingneishengziqiguan	1	female internal genital organs
nvxingneishengziqiguan	2	internal genital organs of female
nvxingneishenzhiqiguan	1	female internal genital organs
nvxingneishenzhiqiguan	2	internal genital organs of female
nvxingsengzhiqibing	1	genital disorder female
nvxingsengzhiqiguan	2	female genital mutilation
nvxingshengzhiqibing	1	genital disorder female
nvxingshengzhiqiguan	2	female genital mutilation
nvxingshengziqibing	1	genital disorder female
nvxingshengziqiguan	2	female genital mutilation
nvxingshenzhiqibing	1	genital disorder female
nvxingshenzhiqiguan	2	female genital mutilation
nvxingwaisengzhiqiguan	1	female external genital organs
nvxingwaisengzhiqiguan	2	external genital organs of female
nvxingwaishengzhiqiguan	1	female external genital organs
nvxingwaishengzhiqiguan	2	external genital organs of female
nvxingwaishengziqiguan	1	female external genital organs
nvxingwaishengziqiguan	2	external genital organs of female
nvxingwaishenzhiqiguan	1	female external genital organs
nvxingwaishenzhiqiguan	2	external genital organs of female
nvxinneishengzhiqiguan	1	female internal genital organs
nvxinneishengzhiqiguan	2	internal genital organs of female
nvxinshengzhiqibin	1	genital disorder female
nvxinshengzhiqiguan	2	female genital mutilation
nvxinwaishengzhiqiguan	1	female external genital organs
nvxinwaishengzhiqiguan	2	external genital organs of female
nvyongbiyuntao	1	female condom
nxgl	2	female genital mutilation
nxnszq	2	male internal genital organs
nxnszqg	1	female internal genital organs
nxnszqg	2	internal genital organs of female
nxszqb	1	genital disorder female
nxszqg	2	female genital mutilation
nxszqg	3	male genital organs
nxszqg	4	male genital orgnas
nxszqpz	1	genital eruption male
nxszxt	2	male genital system
nxwszq	4	male external genital organs
nxwszqg	1	female external genital organs
nxwszqg	2	external genital organs of female
nxwszqg	3	external genital organs of male
nybyt	1	female condom
nymq	5	semen strychni angustiflorae
oc	5	vomit out
oc	6	vomit up
ot	1	vomit
ot	2	to vomit
ot	41	vomit-
otd	4	vomit bag
otw	1	vomit
otw	13	vomit-
ou	6	vomit
ouchu	5	vomit out
ouchu	6	vomit up
oucu	5	vomit out
oucu	6	vomit up
outu	1	vomit
outu	2	to vomit
outu	41	vomit-
outudai	4	vomit bag
outuwu	1	vomit
outuwu	13	vomit-
paibian	14	bowel movements
paibianshijin	1	bowel incontinence
paibianshijing	1	bowel incontinence
paibiansijin	1	bowel incontinence
paibianxiguan	1	bowel evacuation habit
pailiao	2	urinate
pailiao	3	to urinate
painiao	1	urinate
painiao	2	to urinate
paixiewu	40	faeces
pangguangmeidu	1	cystic syphilis
pangguangmeidu	2	syphilis of bladder
paoma	4	wet dream
pbsj	2	bowel incontinence
pbxg	1	bowel evacuation habit
penchu	33	vomit
penchu	60	vomit-
pencu	33	vomit
pencu	60	vomit-
penfen	2	to be full of shit
penfen	3	talk shit
pengchu	39	vomit
pengfeng	2	to be full of shit
pengfeng	3	talk shit
pfeqmd	1	secondary syphilis of skin
pfmj	1	bitch around
pgmd	2	cystic syphilis
pgmd	3	syphilis of bladder
pgnl	1	to piss in one's pants in terror (idiom); scared witless
ph	37	shit
phlp	1	full of shit
pian	46	to urinate or defecate
pifuerqimeidu	1	secondary syphilis of skin
pigu	20	buttock
pigunliaoliu	1	to piss in one's pants in terror (idiom); scared witless
pigunniaoliu	1	to piss in one's pants in terror (idiom); scared witless
pigunniaoniu	1	to piss in one's pants in terror (idiom); scared witless
pihua	2	shit
pihualianpian	1	full of shit
pihuanianpian	1	full of shit
pinchuanyao	58	pneumorel retard
pingchuanyao	58	pneumorel retard
pingcuanyao	58	pneumorel retard
pingniao	2	urinate frequently
pinliao	2	urinate frequently
pinniao	2	urinate frequently
pn	4	urinate
pn	14	to urinate
pn	50	urinate frequently
pofu	3	bitch
pofumajie	1	bitch around
puzhuangyingjing	1	penis palmatus
puzhuangyinjin	1	penis palmatus
puzhuangyinjing	1	penis palmatus
pxw	40	faeces
pzyj	3	penis palmatus
qch	10	piss call
qfmd	1	latent syphilis
qianfumeidu	1	latent syphilis
qiangbao	12	raped
qiangzhong	5	persistent erection
qiangzong	5	persistent erection
qianjingzishuang	2	semen euphorbiae pulveratum
qianjingzishuang	3	semen eupoarbiae pulveratum
qianjinzhishuang	2	semen euphorbiae pulveratum
qianjinzhishuang	3	semen eupoarbiae pulveratum
qianjinzishuang	2	semen euphorbiae pulveratum
qianjinzishuang	3	semen eupoarbiae pulveratum
qianliexianmeidu	1	prostatic syphilis
qianliexianmeidu	2	syphilis of prostate
qianniexianmeidu	1	prostatic syphilis
qianniexianmeidu	2	syphilis of prostate
qiaoyin	3	to be in erection
qiaoying	3	to be in erection
qichuanghao	4	piss call
qin	32	vomit
qingreantai	1	clearing heat and preventing abortion
qingtu	1	to vomit comprehensively
qingweidui	1	SS or Schutzstaffel, paramilitary organization in Nazi Germany
qingxiangzhi	4	semen celosiae
qingxiangzi	4	semen celosiae
qinreantai	1	clearing heat and preventing abortion
qintu	1	to vomit comprehensively
qinweidui	1	SS or Schutzstaffel, paramilitary organization in Nazi Germany
qinxiangzi	4	semen celosiae
qipian	33	shit
qiru	4	shit on
qishiwole	1	piss me off
qishiwole	5	shit my pants
qisiwole	1	piss me off
qisiwole	5	shit my pants
qisiwone	1	piss me off
qisiwone	5	shit my pants
qjzs	3	semen euphorbiae pulveratum
qjzs	4	semen eupoarbiae pulveratum
qlxmd	1	prostatic syphilis
qlxmd	2	syphilis of prostate
qnmd	2	shit in your hat
qnmd	3	go shit in your hat
qrat	1	clearing heat and preventing abortion
qswl	2	piss me off
qswl	6	shit my pants
quetui	3	a cripple
quezhi	10	cripple
quezi	3	cripple
qulimade	2	shit in your hat
qulimade	3	go shit in your hat
qunimade	2	shit in your hat
qunimade	3	go shit in your hat
qusi	6	eat shit and die
qutouji	2	semen capparis versicoloris
quxiao	35	shit
qwd	11	SS or Schutzstaffel, paramilitary organization in Nazi Germany
rctb	2	loosening bowel to relieve constipation
relao	22	piss-off
relao	28	piss off
relishengqi	1	piss you off
relu	17	piss somebody off
remao	4	to piss sb off
renao	22	piss-off
renao	28	piss off
renggongliuchan	1	abortion
renggongliuchan	2	complete abortion
renggongliuchan	3	illegal abortion
renggongliuchan	4	induced abortion
renggongliuchan	5	artificial abortion
renggongliuchan	10	kunstlicher abort
renggongyindao	2	artificial vagina
renggongyinjing	1	artificial penis
renggongyinjing	3	penis prosthesis
rengliu	1	abortion
rengliushoushu	1	an abortion
rengongliucan	1	abortion
rengongliucan	2	complete abortion
rengongliucan	3	illegal abortion
rengongliucan	4	induced abortion
rengongliucan	5	artificial abortion
rengongliucan	10	kunstlicher abort
rengongliuchan	1	abortion
rengongliuchan	2	complete abortion
rengongliuchan	3	illegal abortion
rengongliuchan	4	induced abortion
rengongliuchan	5	artificial abortion
rengongliuchan	10	kunstlicher abort
rengongniuchan	1	abortion
rengongniuchan	2	complete abortion
rengongniuchan	3	illegal abortion
rengongniuchan	4	induced abortion
rengongniuchan	5	artificial abortion
rengongniuchan	10	kunstlicher abort
rengongyindao	2	artificial vagina
rengongyingdao	2	artificial vagina
rengongyingjing	1	artificial penis
rengongyingjing	3	penis prosthesis
rengongyinjin	1	artificial penis
rengongyinjin	3	penis prosthesis
rengongyinjing	1	artificial penis
rengongyinjing	3	penis prosthesis
rengpachumingzhupafei	2	lit. people fear getting famous like pigs fear fattening up (for the slaughter)
rengpachumingzhupazhuang	2	lit. people fear getting famous like pigs fear fattening up (for the slaughter)
renisengqi	1	piss you off
renishengqi	1	piss you off
renishenqi	1	piss you off
renliu	1	abortion
renliushoushu	1	an abortion
renliusousu	1	an abortion
renniu	1	abortion
renniushoushu	1	an abortion
renpachumingzhupafei	2	lit. people fear getting famous like pigs fear fattening up (for the slaughter)
renpachumingzhupazhuang	2	lit. people fear getting famous like pigs fear fattening up (for the slaughter)
renpachumingzupafei	2	lit. people fear getting famous like pigs fear fattening up (for the slaughter)
renpachumingzupazhuang	2	lit. people fear getting famous like pigs fear fattening up (for the slaughter)
renpachuminzhupafei	2	lit. people fear getting famous like pigs fear fattening up (for the slaughter)
renpachuminzhupazhuang	2	lit. people fear getting famous like pigs fear fattening up (for the slaughter)
renpacumingzhupafei	2	lit. people fear getting famous like pigs fear fattening up (for the slaughter)
renpacumingzhupazhuang	2	lit. people fear getting famous like pigs fear fattening up (for the slaughter)
renu	17	piss somebody off
rglc	1	abortion
rglc	2	complete abortion
rglc	3	illegal abortion
rglc	4	induced abortion
rglc	5	artificial abortion
rglc	10	kunstlicher abort
rgyd	2	artificial vagina
rgyj	2	artificial penis
rgyj	4	penis prosthesis
rlss	1	an abortion
rnsq	1	piss you off
roubang	1	penis
rpcmzpf	2	lit. people fear getting famous like pigs fear fattening up (for the slaughter)
rpcmzpz	2	lit. people fear getting famous like pigs fear fattening up (for the slaughter)
runcangtongbian	2	loosening bowel to relieve constipation
runchangtongbian	2	loosening bowel to relieve constipation
ruyitao	1	condom
ruyitao	2	(dialect) condom
ryt	1	condom
ryt	2	(dialect) condom
sadage	3	idiot
sadan	61	idiot
sagua	2	idiot
saliao	1	piss
saliao	2	urinate
saliao	3	to piss
saliao	4	to urinate
salu	1	massacre
salu	2	slaughter
salu	3	to massacre
salu	4	to slaughter
samao	3	idiot
sangcanren	1	cripple
sangyin	16	addict
saniao	1	piss
saniao	2	urinate
saniao	3	to piss
saniao	4	to urinate
saniuzaiyang	2	slaughter the cattle and butcher the sheep
sanqimeidu	2	syphilis tertiaria
santaoren	2	semen pruni davidianae
sanzha	40	tit wank
sanzhicha	3	radix seu semen pittospori illicioidis
saofeihua	1	cut the shit
sarenzhe	8	slaughter man
sayuanzi	4	semen astragail complanati
sayuanzi	5	semen astragali complanati
sazi	2	idiot
sazi	6	moron
sbaz	3	erection of equipment
sbx	12	deform
scd	61	stillborn
scr	1	cripple
sdg	3	idiot
sengmubiao	1	(Internet slang) sanctimonious bitch
sengzhibuwei	1	genital area
sengzhidao	1	genital meatus
sengzhidao	2	genital tract
sengzhide	2	genital
sengzhijiejie	3	genital tubercle
sengzhijiejie	4	genital tubercles
sengzhikong	2	genital aperture
sengzhikong	3	genital orifice
sengzhikong	4	genital orifices
sengzhikong	5	genital pore
sengzhiqi	3	genital
sengzhiqiang	1	genital atrium
sengzhiqiang	2	genital cavity
sengzhiqiang	3	genital chamber
sengzhiqiang	4	genital cloaca
sengzhiqiang	5	genital coelom
sengzhiqiguan	3	genital organs
sengzhiqinianzhujunbing	1	genital candidiasis
sengzhiqinianzhujunbing	3	moniliasis genital
sengzhiqisuizhong	1	oedema genital
sengzhiqiyou	1	genital wart
sengzhiqiyou	2	genital warts
sengzhirutu	1	genital papilla
sengzhirutu	2	genital papillae
sengzhixianji	1	genital ridge
sengzhixitong	2	genital system
sengzhixitong	3	genital systems
senjingmeidu	2	nervous syphilis
sentizhanghai	1	cripple
seqi	6	abort
seqi	8	to abort
sfdx	3	shit bricks
sfdx	4	shit a brick
sfh	30	cut the shit
sg	14	idiot
sgxcwhs	1	anastomosis of esophagus to small bowel
shadage	3	idiot
shadan	1	idiot
shagua	2	idiot
shaliuzaiyang	2	slaughter the cattle and butcher the sheep
shalu	1	massacre
shalu	2	slaughter
shalu	3	to massacre
shalu	4	to slaughter
shamao	3	idiot
shangcanren	1	cripple
shangcanreng	1	cripple
shangchanren	1	cripple
shangyin	5	addict
shangying	13	addict
shaniao	1	piss
shaniao	2	urinate
shaniao	3	to piss
shaniao	4	to urinate
shaniuzaiyang	2	slaughter the cattle and butcher the sheep
shaniuzhaiyang	2	slaughter the cattle and butcher the sheep
shanqimeidu	2	syphilis tertiaria
shantaoren	2	semen pruni davidianae
shantaoreng	2	semen pruni davidianae
shanu	1	massacre
shanu	2	slaughter
shanu	3	to massacre
shanu	4	to slaughter
shanza	40	tit wank
shanzha	40	tit wank
shanzhica	3	radix seu semen pittospori illicioidis
shanzhicha	3	radix seu semen pittospori illicioidis
shanzicha	3	radix seu semen pittospori illicioidis
shaofeihua	1	cut the shit
sharengzhe	8	slaughter man
sharenze	8	slaughter man
sharenzhe	8	slaughter man
shayuanzhi	4	semen astragail complanati
shayuanzhi	5	semen astragali complanati
shayuanzi	4	semen astragail complanati
shayuanzi	5	semen astragali complanati
shazhi	33	idiot
shazhi	37	moron
shazi	2	idiot
shazi	6	moron
shengjingmeidu	2	nervous syphilis
shengmubiao	1	(Internet slang) sanctimonious bitch
shengtizhanghai	1	cripple
shengzhibuwei	1	genital area
shengzhidao	1	genital meatus
shengzhidao	2	genital tract
shengzhide	2	genital
shengzhijiejie	3	genital tubercle
shengzhijiejie	4	genital tubercles
shengzhikong	2	genital aperture
shengzhikong	3	genital orifice
shengzhikong	4	genital orifices
shengzhikong	5	genital pore
shengzhiqi	3	genital
shengzhiqiang	1	genital atrium
shengzhiqiang	2	genital cavity
shengzhiqiang	3	genital chamber
shengzhiqiang	4	genital cloaca
shengzhiqiang	5	genital coelom
shengzhiqiguan	3	genital organs
shengzhiqilianzhujunbing	1	genital candidiasis
shengzhiqilianzhujunbing	3	moniliasis genital
shengzhiqinianzhujunbin	1	genital candidiasis
shengzhiqinianzhujunbin	3	moniliasis genital
shengzhiqinianzhujunbing	1	genital candidiasis
shengzhiqinianzhujunbing	3	moniliasis genital
shengzhiqishuizhong	1	oedema genital
shengzhiqiyou	1	genital wart
shengzhiqiyou	2	genital warts
shengzhirutu	1	genital papilla
shengzhirutu	2	genital papillae
shengzhixianji	1	genital ridge
shengzhixitong	2	genital system
shengzhixitong	3	genital systems
shengzibuwei	1	genital area
shengzidao	1	genital meatus
shengzidao	2	genital tract
shengzide	2	genital
shengzijiejie	3	genital tubercle
shengzijiejie	4	genital tubercles
shengzikong	2	genital aperture
shengzikong	3	genital orifice
shengzikong	4	genital orifices
shengzikong	5	genital pore
shengziqi	3	genital
shengziqiang	1	genital atrium
shengziqiang	2	genital cavity
shengziqiang	3	genital chamber
shengziqiang	4	genital cloaca
shengziqiang	5	genital coelom
shengziqiguan	3	genital organs
shengziqinianzujunbing	1	genital candidiasis
shengziqinianzujunbing	3	moniliasis genital
shengziqishuizong	1	oedema genital
shengziqiyou	1	genital wart
shengziqiyou	2	genital warts
shengzirutu	1	genital papilla
shengzirutu	2	genital papillae
shengzixianji	1	genital ridge
shengzixitong	2	genital system
shengzixitong	3	genital systems
shenjingmeidu	2	nervous syphilis
shenjinmeidu	2	nervous syphilis
shenmubiao	1	(Internet slang) sanctimonious bitch
shentizanghai	1	cripple
shentizhanghai	1	cripple
shenzhibuwei	1	genital area
shenzhidao	1	genital meatus
shenzhidao	2	genital tract
shenzhide	2	genital
shenzhijiejie	3	genital tubercle
shenzhijiejie	4	genital tubercles
shenzhikong	2	genital aperture
shenzhikong	3	genital orifice
shenzhikong	4	genital orifices
shenzhikong	5	genital pore
shenzhiqi	3	genital
shenzhiqiang	1	genital atrium
shenzhiqiang	2	genital cavity
shenzhiqiang	3	genital chamber
shenzhiqiang	4	genital cloaca
shenzhiqiang	5	genital coelom
shenzhiqiguan	3	genital organs
shenzhiqinianzhujunbing	1	genital candidiasis
shenzhiqinianzhujunbing	3	moniliasis genital
shenzhiqishuizhong	1	oedema genital
shenzhiqiyou	1	genital wart
shenzhiqiyou	2	genital warts
shenzhirutu	1	genital papilla
shenzhirutu	2	genital papillae
shenzhixianji	1	genital ridge
shenzhixitong	2	genital system
shenzhixitong	3	genital systems
sheqi	2	abort
sheqi	4	to abort
shh	54	bitch about
shibi	18	to have a bitch fight
shibianxin	3	deform
shibianxing	3	deform
shichande	1	stillborn
shifendanxin	1	shit bricks
shifendanxin	2	shit a brick
shifendanxing	1	shit bricks
shifendanxing	2	shit a brick
shifengdanxin	1	shit bricks
shifengdanxin	2	shit a brick
shiguanxiaocangwenheshu	1	anastomosis of esophagus to small bowel
shiguanxiaochangwengheshu	1	anastomosis of esophagus to small bowel
shiguanxiaochangwenheshu	1	anastomosis of esophagus to small bowel
shiguazi	2	semen luffae
shike	27	shit-eater
shiken	4	shit hole
shikeng	4	shit hole
shilianzhi	5	semen loti
shilianzi	5	semen loti
shiliuzi	5	semen punicae
shinianzi	5	semen loti
shiniuzi	5	semen punicae
shishengde	1	bastard
shishengjingneiqiao	3	vagina interna nervi optici
shishengjingneiqiao	4	vagina interna nervus optici
shishengjingwaiqiao	4	vagina externa nervi optici
shishengjingwaiqiao	5	vagina externa nervus otici
shishengnv	1	bastard daughter
shishengqi	3	piss
shishengqi	20	piss somebody off
shishengqi	21	piss someone off
shishengzi	1	bastard
shishengzi	9	a bastard
shishengzi	11	bastard child
shishengzi	12	bastard son
shishengzi	41	bastard eigne
shishengzinv	1	bastard
shishenjingleiqiao	3	vagina interna nervi optici
shishenjingleiqiao	4	vagina interna nervus optici
shishenjingneiqiao	3	vagina interna nervi optici
shishenjingneiqiao	4	vagina interna nervus optici
shishenjingwaiqiao	4	vagina externa nervi optici
shishenjingwaiqiao	5	vagina externa nervus otici
shishenjinneiqiao	3	vagina interna nervi optici
shishenjinneiqiao	4	vagina interna nervus optici
shishenjinwaiqiao	4	vagina externa nervi optici
shishenjinwaiqiao	5	vagina externa nervus otici
shishenqi	3	piss
shishenqi	20	piss somebody off
shishenqi	21	piss someone off
shishoushun	1	cripple
shishousun	1	cripple
shitai	54	stillborn foetus
shitai	55	stillborn infant
shiyiercanan	1	the massacre of 12th Mar 1927
shiyuandian	1	beats the shit out of me
shoulvezhe	1	raped me
shounuezhe	1	raped me
shounveze	1	raped me
shounvezhe	1	raped me
shoushu	18	lynch operation lynch
shuaidaole	3	wank off
shuaidaone	3	wank off
shuangyindao	1	double vagina
shuangyindao	3	vagina doublex
shuangyingdao	1	double vagina
shuangyingdao	3	vagina doublex
shuimanjin	1	bastard speedwell
shuimanjing	1	bastard speedwell
shuipao	54	urinate
shuipao	56	to urinate
shujingguanmeidu	1	syphilis of vas deferens
shujinguanmeidu	1	syphilis of vas deferens
shuliaoguanmeidu	1	syphilis of ureter
shuluanguanrengshengliuchan	1	tubal abortion
shuluanguanrengshengpolie	1	tubal abortion
shuluanguanrenshenliucan	1	tubal abortion
shuluanguanrenshenliuchan	1	tubal abortion
shuluanguanrenshenpolie	1	tubal abortion
shuniaoguanmeidu	1	syphilis of ureter
shunuanguanrenshenniuchan	1	tubal abortion
shunuanguanrenshenponie	1	tubal abortion
shuohuaihua	10	bitch about
shuoluozi	4	semen aesculi
shuoshuohua	1	shit-talking
shuzhi	50	bastard pine
shuzi	8	bastard
sibi	3	to have a bitch fight
sibianxing	51	deform
sicande	1	stillborn
sichande	1	stillborn
sifendanxin	1	shit bricks
sifendanxin	2	shit a brick
siguanxiaochangwenhesu	1	anastomosis of esophagus to small bowel
siguazhi	2	semen luffae
siguazi	2	semen luffae
sike	37	shit-eater
sikeng	4	shit hole
silianzi	5	semen loti
siliuzi	5	semen punicae
sisengde	1	bastard
sisengnv	1	bastard daughter
sisengqi	3	piss
sisengqi	20	piss somebody off
sisengqi	21	piss someone off
sisengzi	1	bastard
sisengzi	9	a bastard
sisengzi	11	bastard child
sisengzi	12	bastard son
sisengzi	41	bastard eigne
sisengzinv	1	bastard
sisenjingneiqiao	3	vagina interna nervi optici
sisenjingneiqiao	4	vagina interna nervus optici
sisenjingwaiqiao	4	vagina externa nervi optici
sisenjingwaiqiao	5	vagina externa nervus otici
sishende	1	bastard
sishengde	1	bastard
sishenglv	1	bastard daughter
sishengnu	1	bastard daughter
sishengnv	1	bastard daughter
sishengzhi	1	bastard
sishengzhi	9	a bastard
sishengzhi	11	bastard child
sishengzhi	12	bastard son
sishengzhi	41	bastard eigne
sishengzhinv	1	bastard
sishengzi	1	bastard
sishengzi	9	a bastard
sishengzi	11	bastard child
sishengzi	12	bastard son
sishengzi	41	bastard eigne
sishengzilv	1	bastard
sishengzinu	1	bastard
sishengzinv	1	bastard
sishennv	1	bastard daughter
sishenzi	1	bastard
sishenzi	9	a bastard
sishenzi	11	bastard child
sishenzi	12	bastard son
sishenzi	41	bastard eigne
sishenzinv	1	bastard
sisousun	1	cripple
sitai	10	stillborn foetus
sitai	11	stillborn infant
sixin	54	lynch
sixin	61	lynch law
sixin	62	lynch laws
sixing	29	lynch
sixing	36	lynch law
sixing	37	lynch laws
siyiercanan	1	the massacre of 12th Mar 1927
siyierchanan	1	the massacre of 12th Mar 1927
siyuandian	1	beats the shit out of me
sjgmd	4	syphilis of vas deferens
sjmd	7	nervous syphilis
slgrslc	1	tubal abortion
slgrspl	1	tubal abortion
smb	3	(Internet slang) sanctimonious bitch
smj	51	bastard speedwell
sn	19	piss
sn	20	urinate
sngmd	1	syphilis of ureter
snz	16	raped me
snzy	2	slaughter the cattle and butcher the sheep
songzhiren	2	semen pini
songziren	2	semen pini
songzireng	2	semen pini
sou	10	urinate
sou	33	to urinate
sounvezhe	1	raped me
sousu	18	lynch operation lynch
sq	50	abort
sqmd	3	syphilis tertiaria
srz	24	slaughter man
ssd	45	bastard
ssh	55	shit-talking
ssjnq	3	vagina interna nervi optici
ssjnq	4	vagina interna nervus optici
ssjwq	4	vagina externa nervi optici
ssjwq	5	vagina externa nervus otici
ssn	24	bastard daughter
ssq	6	piss
sss	49	cripple
ssz	2	bastard
ssz	47	a bastard
ssz	49	bastard child
ssz	50	bastard son
sszn	1	bastard
stzh	1	cripple
sui	29	urinate
sui	58	to urinate
suimanjing	1	bastard speedwell
suipao	2	urinate
suipao	4	to urinate
sujingguanmeidu	1	syphilis of vas deferens
suluanguanrensenliuchan	1	tubal abortion
suluanguanrensenpolie	1	tubal abortion
suniaoguanmeidu	1	syphilis of ureter
suohuaihua	10	bitch about
suoluozhi	4	semen aesculi
suoluozi	4	semen aesculi
suonuozi	4	semen aesculi
suosuohua	1	shit-talking
suzi	14	bastard
syeca	1	the massacre of 12th Mar 1927
sz	47	idiot
szbw	3	genital area
szqg	3	genital organs
szqnzjb	1	genital candidiasis
szqnzjb	3	moniliasis genital
szqsz	1	oedema genital
szqy	4	genital wart
szqy	5	genital warts
szrt	4	genital papilla
szrt	5	genital papillae
szxj	1	genital ridge
szxt	3	genital system
szxt	4	genital systems
taichuanmeidu	1	syphilis congenita
taicuanmeidu	1	syphilis congenita
taihaole	18	that's a bitch
taihaone	18	that's a bitch
tanshuanli	22	quilonum retard
tansuanli	22	quilonum retard
tansuanni	22	quilonum retard
tanyu	17	a piss pot
taoer	1	condom
taotao	2	condom
taotao	4	(slang) condom
taozi	3	condom
tc	18	abort
tcl	12	vomit up
tcmd	4	syphilis congenita
tfwzy	1	cellulitis of buttock
thd	28	virginia tech massacre
thl	22	that's a bitch
tiangen	2	lynch
tiangeng	2	lynch
tianguazhi	2	semen melo
tianguazi	2	semen melo
tihuidao	1	virginia tech massacre
tinglizhi	3	semen descurainiae
tinglizhi	4	semen lepidii
tinglizhi	5	semen tingli
tinglizi	3	semen descurainiae
tinglizi	4	semen lepidii
tinglizi	5	semen tingli
tingnizi	3	semen descurainiae
tingnizi	4	semen lepidii
tingnizi	5	semen tingli
tishiden	1	idiot light
tishiden	2	idiot lights
tishideng	1	idiot light
tishideng	2	idiot lights
tishipai	1	idiot boards
tisideng	1	idiot light
tisideng	2	idiot lights
tisipai	1	idiot boards
tongqin	31	bowel
tongqing	25	bowel
tongqingxin	1	bowel
tongqingxing	1	bowel
tongqinxin	1	bowel
tongxin	48	homosexual
tongxinai	1	homosexual
tongxing	1	homosexual
tongxingai	1	homosexual
tongxinghunyin	7	homosexual marriage
tongxinghunying	7	homosexual marriage
tongxinglian	8	homosexual
tongxinglian	14	anti-homosexual
tongxingliande	5	homosexual
tongxinglianlan	1	homosexual males
tongxingliannan	1	homosexual males
tongxinglianze	1	homosexual
tongxinglianze	20	homosexual person
tongxinglianzhe	1	homosexual
tongxinglianzhe	20	homosexual person
tongxingnian	8	homosexual
tongxingnian	14	anti-homosexual
tongxingniande	5	homosexual
tongxingniannan	1	homosexual males
tongxingnianzhe	1	homosexual
tongxingnianzhe	20	homosexual person
tongxingxieli	9	piss in a quill
tongxinhunyin	7	homosexual marriage
tongxinlian	8	homosexual
tongxinlian	14	anti-homosexual
tongxinliande	5	homosexual
tongxinliannan	1	homosexual males
tongxinlianzhe	1	homosexual
tongxinlianzhe	20	homosexual person
tongxinxieli	9	piss in a quill
tongxinxieni	9	piss in a quill
tongyin	17	piss-ups
tongying	17	piss-ups
tongzhi	5	homosexual
tongzhi	16	(slang) homosexual
tongzi	16	homosexual
tongzi	27	(slang) homosexual
tqx	1	bowel
ts	42	bloodbath
ts	44	massacre
tsp	4	idiot boards
tu	15	vomit
tu	39	massacre
tu	40	slaughter
tu	57	to vomit
tuceng	37	to massacre everyone in a captured city
tuchen	1	to massacre everyone in a captured city
tucheng	1	to massacre everyone in a captured city
tuchu	38	vomit
tuchulai	4	vomit up
tuchunai	4	vomit up
tucu	38	vomit
tuculai	4	vomit up
tuichi	10	retard
tuichu	5	abort
tuichu	13	to abort
tuici	21	retard
tuicu	5	abort
tuicu	13	to abort
tuisao	2	abort a fever
tuishao	2	abort a fever
tulu	5	massacre
tulu	6	slaughter
tun	11	vomit
tunbu	5	buttock
tunfengwozhiyan	1	cellulitis of buttock
tunfengwoziyan	1	cellulitis of buttock
tunfenwozhiyan	1	cellulitis of buttock
tunjin	1	to swallow semen
tunjing	1	to swallow semen
tunu	5	massacre
tunu	6	slaughter
tuodiao	14	undress
tuoman	1	retard
tuoman	2	to retard
tuoyifu	1	undress
tuozhu	6	retard
tuozu	6	retard
tusa	1	bloodbath
tusa	3	massacre
tusa	4	to massacre
tusa	5	slaughter
tusha	1	bloodbath
tusha	3	massacre
tusha	4	to massacre
tusha	5	slaughter
tuzai	2	slaughter
tuzai	4	to slaughter
tuzaicang	7	slaughter house
tuzaicang	8	slaughter-house
tuzaicang	9	slaughter-houses
tuzaicejian	1	slaughter hall
tuzaichang	7	slaughter house
tuzaichang	8	slaughter-house
tuzaichang	9	slaughter-houses
tuzaichejian	1	slaughter hall
tuzaishui	2	slaughter tax
tuzaishui	3	animal slaughter tax
tuzaishui	4	slaughter house tax
tuzaisui	2	slaughter tax
tuzaisui	3	animal slaughter tax
tuzaisui	4	slaughter house tax
tuzaizi	1	bastard
tuzhai	2	slaughter
tuzhai	4	to slaughter
tuzhaichang	7	slaughter house
tuzhaichang	8	slaughter-house
tuzhaichang	9	slaughter-houses
tuzhaichejian	1	slaughter hall
tuzhaishui	2	slaughter tax
tuzhaishui	3	animal slaughter tax
tuzhaishui	4	slaughter house tax
tuzhaizhi	1	bastard
tx	49	homosexual
txa	1	homosexual
txhy	9	homosexual marriage
txl	22	homosexual
txl	49	anti-homosexual
txld	5	homosexual
txln	1	homosexual males
txlz	1	homosexual
txlz	22	homosexual person
txxl	13	piss in a quill
tyf	1	undress
tz	14	homosexual
tzc	9	slaughter house
tzc	10	slaughter-house
tzc	11	slaughter-houses
tzcj	1	slaughter hall
tzs	44	slaughter tax
tzs	47	animal slaughter tax
tzs	48	slaughter house tax
tzz	4	bastard
waisanghuatai	1	traumatic abortion
waisengzhiqi	4	external genital organ
waisengzhiqi	5	external genital organs
waishanghuatai	1	traumatic abortion
waishengzhiqi	4	external genital organ
waishengzhiqi	5	external genital organs
waishengziqi	4	external genital organ
waishengziqi	5	external genital organs
waishenzhiqi	4	external genital organ
waishenzhiqi	5	external genital organs
waiyinbu	2	genital
waiyinbu	4	the genital organs
waiyingbu	2	genital
waiyingbu	4	the genital organs
walaqi	1	penis and testes of fur seal (used in TCM)
wanaqi	1	penis and testes of fur seal (used in TCM)
wangbadan	1	bastard
wangbadan	2	bastard (insult)
wangbadan	3	son of a bitch
wangbadan	5	son of bitch
wangbadan	8	sons-of-a-bitch
wangbagaozhi	1	bastard
wangbagaozhi	2	son of a bitch
wangbagaozi	1	bastard
wangbagaozi	2	son of a bitch
wangchong	1	Internet addict
wangcong	1	Internet addict
wangyuesa	2	faeces leporis
wangyuesha	2	faeces leporis
wanpi	4	piss and vinegar
wanqimeidu	1	late syphilis
wanqimeidu	3	syphilis tertiaria
wbd	1	bastard
wbd	3	bastard (insult)
wbd	4	son of a bitch
wbd	27	son of bitch
wbd	31	sons-of-a-bitch
wbgz	1	bastard
wbgz	2	son of a bitch
weisengtao	1	condom
weishengtao	1	condom
weishentao	1	condom
wldr	10	wank stain
wldr	11	wank stains
wlz	64	faeces trogopteri
wnq	3	penis and testes of fur seal (used in TCM)
wode	10	scare the shit out of me
wqmd	1	late syphilis
wqmd	3	syphilis tertiaria
wsht	2	traumatic abortion
wst	1	condom
wuliaoderen	9	wank stain
wuliaoderen	10	wank stains
wuliaodereng	9	wank stain
wuliaodereng	10	wank stains
wulingzhi	2	faeces trogopteri
wulingzhi	5	faeces trogopterori
wulingzhi	6	faeces trogopterorum
wulingzhi	7	faeces of flying squirrel
wulingzi	2	faeces trogopteri
wulingzi	5	faeces trogopterori
wulingzi	6	faeces trogopterorum
wulingzi	7	faeces of flying squirrel
wulinzhi	2	faeces trogopteri
wulinzhi	5	faeces trogopterori
wulinzhi	6	faeces trogopterorum
wulinzhi	7	faeces of flying squirrel
wuniaoderen	9	wank stain
wuniaoderen	10	wank stains
wuningzhi	2	faeces trogopteri
wuningzhi	5	faeces trogopterori
wuningzhi	6	faeces trogopterorum
wuningzhi	7	faeces of flying squirrel
wutongzhi	4	semen firmianae
wutongzi	2	semen firmianae
wuyindao	3	absence of vagina
wuyingdao	3	absence of vagina
wyb	4	genital
xb	8	idiot
xb	23	urinate
xbtt	1	piss pins and needles
xcaz	2	field erection
xcaz	5	site erection
xcgz	7	small bowel obstruction
xcj	18	small bowel endoscope
xcjjc	1	small bowel endoscopy
xdd	1	penis
xdpgnl	1	shit scared
xdpgnl	2	shit-scared
xdpgnl	3	shit one's pants
xdpgnl	5	shit in one's pants
xdy	45	piss down
xfgc	1	orgasm
xfyc	1	go ape-shit
xgc	2	orgasm
xh	17	urinate
xiadayu	3	piss down
xiade	7	scare the shit out of
xiadepigunliaoliu	1	shit scared
xiadepigunliaoliu	2	shit-scared
xiadepigunliaoliu	3	shit one's pants
xiadepigunliaoliu	5	shit in one's pants
xiadepigunniaoliu	1	shit scared
xiadepigunniaoliu	2	shit-scared
xiadepigunniaoliu	3	shit one's pants
xiadepigunniaoliu	5	shit in one's pants
xiadepigunniaoniu	1	shit scared
xiadepigunniaoniu	2	shit-scared
xiadepigunniaoniu	3	shit one's pants
xiadepigunniaoniu	5	shit in one's pants
xiahu	31	shit up
xiali	3	bowel complaint
xialiao	4	shoot the shit
xiangpitao	2	condom
xiangshidou	1	abri semen
xiangshizi	1	abri semen
xiangshizi	4	semen abri
xiangsidou	1	abri semen
xiangsizhi	1	abri semen
xiangsizhi	4	semen abri
xiangsizi	1	abri semen
xiangsizi	4	semen abri
xiani	10	bowel complaint
xianiao	6	shoot the shit
xianliao	55	shoot the shit
xianniao	60	shoot the shit
xiantianmeidu	1	inherited syphilis
xiantianmeidu	2	prenatal syphilis
xiantianmeidu	3	congenital syphilis
xiantianmeidu	9	syphilis hereditaria
xiantianxingmeidu	2	syphilis congenita
xiantianxinmeidu	2	syphilis congenita
xianzaoliuchan	1	incipient abortion
xianzaoliuchan	2	threatened abortion
xianzaozixian	4	abortion threatened
xianzhaoliucan	1	incipient abortion
xianzhaoliucan	2	threatened abortion
xianzhaoliuchan	1	incipient abortion
xianzhaoliuchan	2	threatened abortion
xianzhaoniuchan	1	incipient abortion
xianzhaoniuchan	2	threatened abortion
xianzhaozhixian	4	abortion threatened
xianzhaozixian	4	abortion threatened
xiaobai	3	idiot
xiaobian	2	urinate
xiaobian	4	to urinate
xiaobian	12	piss
xiaobian	42	take a piss
xiaobian	43	taken a piss
xiaobian	44	takes a piss
xiaobian	45	taking a piss
xiaobian	46	took a piss
xiaobiantengtong	1	piss pins and needles
xiaocang	8	small bowel
xiaocang	11	small-bowel
xiaocanggengzu	1	small bowel obstruction
xiaocangjing	1	small bowel endoscope
xiaocangjingjianca	1	small bowel endoscopy
xiaochan	3	an abortion
xiaochang	5	small bowel
xiaochang	8	small-bowel
xiaochanggengzhu	1	small bowel obstruction
xiaochanggengzu	1	small bowel obstruction
xiaochanggenzu	1	small bowel obstruction
xiaochangjin	1	small bowel endoscope
xiaochangjing	1	small bowel endoscope
xiaochangjingjiancha	1	small bowel endoscopy
xiaochangjinjiancha	1	small bowel endoscopy
xiaodidi	1	penis
xiaodidi	2	(coll.) penis
xiaogong	2	(slang) top (in a homosexual relationship)
xiaohao	3	urinate
xiaohao	5	to urinate
xiaohundan	1	little shit
xiaojie	11	urinate
xiaojie	17	to urinate
xiaojiji	1	penis
xiaojiji	2	penis (child's word)
xiaomie	45	slaughter
xiaomugou	1	puppy bitch
xiaoniao	1	penis
xiaoniao	2	penis (kiddie term)
xiaosenjing	3	nervus cavernosus penis major
xiaoshenjin	3	nervus cavernosus penis major
xiaoshenjing	3	nervus cavernosus penis major
xiaoshou	15	(slang) bottom (in a homosexual relationship)
xiaoshuanganyou	58	nitrozell retard
xiaoshuanyishanlizhi	16	nitro isoket retard
xiaosou	15	(slang) bottom (in a homosexual relationship)
xiaosuanganyou	58	nitrozell retard
xiaosuanyisanlizhi	16	nitro isoket retard
xiaosuanyishanlizhi	16	nitro isoket retard
xiaosuanyishanlizi	16	nitro isoket retard
xiaosuanyishannizhi	16	nitro isoket retard
xiaoyingjing	1	smallness of penis
xiaoyinjin	1	smallness of penis
xiaoyinjing	1	smallness of penis
xiapodan	3	shit scared
xiapodan	4	shit-scared
xiedu	29	piss on
xieduzhi	2	loose bowels
xieduzi	2	loose bowels
xiemiao	2	semen
xiete	1	shit! (loanword)
xinbin	13	gonorrhea venereal disease
xinbin	15	syphilis venereal disease
xinfengaochao	1	orgasm
xinfenyichang	1	go ape-shit
xingaochao	2	orgasm
xingbing	13	gonorrhea venereal disease
xingbing	15	syphilis venereal disease
xingfengaocao	1	orgasm
xingfengaochao	1	orgasm
xingfenggaochao	1	orgasm
xingfengyichang	1	go ape-shit
xingfenyicang	1	go ape-shit
xingfenyichang	1	go ape-shit
xinggaocao	2	orgasm
xinggaochao	2	orgasm
xingjiaogaocao	1	orgasm
xingjiaogaochao	1	orgasm
xingle	1	orgasm
xingnacui	1	neo nazi
xingnacuizhuyi	1	nazi-era
xingne	1	orgasm
xingqiqi	2	genital phase
xingqiqi	3	genital phases
xingqiqi	4	genital stage
xingxueguanmeidu	1	cardiovascular syphilis
xingyingzhe	1	sex addict
xingyinze	1	sex addict
xingyinzhe	1	sex addict
xingyugaocao	1	orgasm
xingyugaocaoyicang	1	orgasm abnormal
xingyugaochao	1	orgasm
xingyugaochaoyichang	1	orgasm abnormal
xinjiaogaochao	1	orgasm
xinlacui	1	neo nazi
xinlacuizhuyi	1	nazi-era
xinle	2	orgasm
xinnachui	1	neo nazi
xinnachuizhuyi	1	nazi-era
xinnacui	1	neo nazi
xinnacuizhuyi	1	nazi-era
xinnacuizuyi	1	nazi-era
xinqiqi	2	genital phase
xinqiqi	3	genital phases
xinqiqi	4	genital stage
xinxueguanmeidu	1	cardiovascular syphilis
xinyinzhe	1	sex addict
xinyugaochao	1	orgasm
xinyugaochaoyichang	1	orgasm abnormal
xixue	8	loose bowels
xixue	10	to have the runs
xjgc	1	orgasm
xjj	1	penis
xlch	1	bloodbath
xmg	9	puppy bitch
xnc	7	neo nazi
xnczy	1	nazi-era
xp	25	bloodbath
xpd	37	shit scared
xpd	38	shit-scared
xpt	5	condom
xr	22	cripple
xsgy	64	nitrozell retard
xsyslz	16	nitro isoket retard
xtmd	1	inherited syphilis
xtmd	2	prenatal syphilis
xtmd	3	congenital syphilis
xtmd	9	syphilis hereditaria
xtxmd	2	syphilis congenita
xueliucenghe	1	bloodbath
xueliuchenghe	1	bloodbath
xueliuchenhe	1	bloodbath
xueniuchenghe	1	bloodbath
xuepo	1	bloodbath
xueruo	1	cripple
xueruo	4	to cripple
xushuizi	5	semen euphorbiae lathyridis
xusuizhi	5	semen euphorbiae lathyridis
xusuizi	5	semen euphorbiae lathyridis
xxgmd	1	cardiovascular syphilis
xygc	1	orgasm
xygcyc	1	orgasm abnormal
xzlc	2	incipient abortion
xzlc	3	threatened abortion
yanchi	36	retard
yanchiqi	5	retard chamber
yanchishijian	2	retard time
yanchisijian	2	retard time
yanci	53	retard
yanciqi	5	retard chamber
yancishijian	2	retard time
yangceqianzi	3	semen pulicariae
yangcheqianzhi	3	semen pulicariae
yangcheqianzi	3	semen pulicariae
yangdao	1	penis
yangju	1	penis
yangwu	1	penis
yanhuan	3	retard
yanhuan	6	to retard
yanxinchangjibin	1	inflammatory bowel diseases
yanxingcangjibing	1	inflammatory bowel diseases
yanxingchangjibing	1	inflammatory bowel diseases
yanzengxingchangbing	1	inflammatory bowel disease
yanzhengxinchangbin	1	inflammatory bowel disease
yanzhengxingcangbing	1	inflammatory bowel disease
yanzhengxingchangbing	1	inflammatory bowel disease
yanzhenxingchangbing	1	inflammatory bowel disease
yaoliu	1	medical abortion
yaoniu	1	medical abortion
yaowuduotai	1	medical abortion
yaowulanyong	2	cocaine abuse
yaowuliucan	1	medical abortion
yaowuliuchan	1	medical abortion
yaowunanyong	2	cocaine abuse
yaowuniuchan	1	medical abortion
yaoyongdama	1	medical marijuana
yaoyongdama	2	medical-marijuana
yaoze	4	abort
yaozhe	4	abort
yating	1	bastard
yating	3	(Beijing dialect) bastard
ybyf	14	depronal retard
ycq	19	retard chamber
ycqz	5	semen pulicariae
ycsj	11	retard time
yczd	6	to abort
yczz	8	abnormal termination abort
ydbhs	3	closure of vagina
ydbsqcs	1	excision of lesion of vagina
ydgds	1	fixation of vagina
ydgds	2	suspension of vagina
ydgqks	2	incision of septum of vagina
ydgz	2	dryness of vagina
ydhg	3	transverse septum of vagina
ydhg	4	trausverse septae of vagina
ydjb	3	disease of vagina
ydjc	5	examination of vagina
ydky	1	ulcer of vagina
ydkzs	1	dilation of vagina
ydls	4	rupture of vagina
ydndlj	1	urethral carina of vagina
ydnz	2	cyst of vagina
ydnzjb	2	candidiasis of vagina
ydpl	2	laceration of vagina
ydptxnz	1	embryonal cyst of vagina
ydqks	2	incision of vagina
ydqr	3	absence of vagina
ydqtw	3	vestibular fossa of vagina
ydqtw	4	fossa of vestibule of vagina
ydspnzl	1	vagina intraepithelial neoplasia
ydsy	5	pruritus of vagina
ydtc	2	falling of vagina
ydtc	3	prolapse of vagina
ydxcs	1	construction of vagina
ydxr	1	polyp of vagina
ydxz	2	stenosis of vagina
ydxz	3	stricture of vagina
ydxz	5	hematoma of vagina
ydywa	1	carcinoma in situ of vagina
ydzg	4	longitudinal septae of vagina
ydzl	2	vagina neoplasm
ydzl	5	tumor of vagina
ydzlsjs	1	lysis of adhesions of vagina
ydzzs	2	reconstruction of vagina
yehu	3	piss-pot
yehu	4	piss-pots
yemingsa	5	bat faeces
yemingsa	8	faeces vespertilionis
yemingsha	5	bat faeces
yemingsha	8	faeces vespertilionis
yeminsha	5	bat faeces
yeminsha	8	faeces vespertilionis
yeqiao	1	vagina
yezhong	1	bastard
yezong	1	bastard
yfq	1	condom
yhlb	5	John Rabe (1882-1950), German who helped protect Chinese during the Nanking massacre period
yicangzhongduan	1	to abort
yicangzhongzhi	3	abnormal termination abort
yichangzhongduan	1	to abort
yichangzhongzhi	3	abnormal termination abort
yichangzongduan	1	to abort
yichangzongzi	3	abnormal termination abort
yihao	4	(slang) top (in a homosexual relationship)
yilu	1	massacre
yilu	7	to massacre
yimie	2	massacre
yimie	3	to massacre
yincan	2	induced abortion
yinchan	2	induced abortion
yindaoai	1	cancer of vagina
yindaoai	2	carcinoma of vagina
yindaobiheshu	3	closure of vagina
yindaobihesu	3	closure of vagina
yindaobingshunqiechushu	1	excision of lesion of vagina
yindaobingsunqiechushu	1	excision of lesion of vagina
yindaobingsunqiechusu	1	excision of lesion of vagina
yindaobingsunqiecushu	1	excision of lesion of vagina
yindaobinsunqiechushu	1	excision of lesion of vagina
yindaobishuo	2	imperforate vagina
yindaobishuo	5	atresia of vagina
yindaobisuo	2	imperforate vagina
yindaobisuo	5	atresia of vagina
yindaochuoshang	1	contusion of vagina
yindaocuosang	1	contusion of vagina
yindaocuoshang	1	contusion of vagina
yindaodongmai	3	artery of vagina
yindaoganzao	2	dryness of vagina
yindaoganzhao	2	dryness of vagina
yindaogeqiekaishu	2	incision of septum of vagina
yindaogeqiekaisu	2	incision of septum of vagina
yindaogudingshu	1	fixation of vagina
yindaogudingsu	1	fixation of vagina
yindaogudingsu	2	suspension of vagina
yindaohenge	3	transverse septum of vagina
yindaohenge	4	trausverse septae of vagina
yindaohengge	3	transverse septum of vagina
yindaohengge	4	trausverse septae of vagina
yindaojianca	2	examination of vagina
yindaojianca	3	examination per vagina
yindaojianca	4	per vagina examination
yindaojianca	5	visual inspection of vagina
yindaojiancha	2	examination of vagina
yindaojiancha	3	examination per vagina
yindaojiancha	4	per vagina examination
yindaojiancha	5	visual inspection of vagina
yindaojibin	3	disease of vagina
yindaojibing	3	disease of vagina
yindaokuiyang	1	ulcer of vagina
yindaokuozangshu	1	dilation of vagina
yindaokuozhangshu	1	dilation of vagina
yindaokuozhangsu	1	dilation of vagina
yindaolangzhong	2	cyst of vagina
yindaolianzhujunbing	2	candidiasis of vagina
yindaoliaodaolongji	1	urethral carina of vagina
yindaoliesang	2	rupture of vagina
yindaolieshang	2	rupture of vagina
yindaonangzhong	2	cyst of vagina
yindaonangzong	2	cyst of vagina
yindaonianzhujunbin	2	candidiasis of vagina
yindaonianzhujunbing	2	candidiasis of vagina
yindaonianzujunbing	2	candidiasis of vagina
yindaoniaodaolongji	1	urethral carina of vagina
yindaoniaodaonongji	1	urethral carina of vagina
yindaonieshang	2	rupture of vagina
yindaopeitaixinglangzhong	1	embryonal cyst of vagina
yindaopeitaixingnangzhong	1	embryonal cyst of vagina
yindaopeitaixingnangzong	1	embryonal cyst of vagina
yindaopeitaixinnangzhong	1	embryonal cyst of vagina
yindaopolie	2	laceration of vagina
yindaoponie	2	laceration of vagina
yindaoqianting	5	vestibule of vagina
yindaoqiantingwo	3	vestibular fossa of vagina
yindaoqiantingwo	4	fossa of vestibule of vagina
yindaoqiekaishu	2	incision of vagina
yindaoqiekaisu	2	incision of vagina
yindaoqiong	1	fornix of vagina
yindaoqueru	1	absence of vagina
yindaosangpineizhongliu	1	vagina intraepithelial neoplasia
yindaosaoyang	2	pruritus of vagina
yindaoshangpileizhongliu	1	vagina intraepithelial neoplasia
yindaoshangpineizhongliu	1	vagina intraepithelial neoplasia
yindaoshangpineizhongniu	1	vagina intraepithelial neoplasia
yindaoshangpineizongliu	1	vagina intraepithelial neoplasia
yindaoshaoyang	2	pruritus of vagina
yindaoshoushu	1	operation on vagina
yindaoshunshang	2	injury of vagina
yindaosousu	1	operation on vagina
yindaosunsang	2	injury of vagina
yindaosunshang	2	injury of vagina
yindaotuochui	2	falling of vagina
yindaotuochui	3	prolapse of vagina
yindaotuocui	2	falling of vagina
yindaotuocui	3	prolapse of vagina
yindaoxianbin	2	vagina adenosis
yindaoxianbin	4	adenosis of vagina
yindaoxianbing	2	vagina adenosis
yindaoxianbing	4	adenosis of vagina
yindaoxiazai	2	stenosis of vagina
yindaoxiazai	3	stricture of vagina
yindaoxiazhai	2	stenosis of vagina
yindaoxiazhai	3	stricture of vagina
yindaoxinchengshu	1	construction of vagina
yindaoxingcengshu	1	construction of vagina
yindaoxingchengshu	1	construction of vagina
yindaoxingchengsu	1	construction of vagina
yindaoxingchenshu	1	construction of vagina
yindaoxirou	1	polyp of vagina
yindaoxuezhong	2	hematoma of vagina
yindaoxuezong	2	hematoma of vagina
yindaoyan	2	inflammation of the vulva or vagina
yindaoyang	1	itching of vagina
yindaoyuanweiai	1	carcinoma in situ of vagina
yindaozaizaoshu	2	reconstruction of vagina
yindaozaizaosu	2	reconstruction of vagina
yindaozanlian	1	adhesions of vagina
yindaozanliansongjieshu	1	lysis of adhesions of vagina
yindaozhaizhaoshu	2	reconstruction of vagina
yindaozhanlian	1	adhesions of vagina
yindaozhanliansongjieshu	1	lysis of adhesions of vagina
yindaozhanliansongjiesu	1	lysis of adhesions of vagina
yindaozhannian	1	adhesions of vagina
yindaozhanniansongjieshu	1	lysis of adhesions of vagina
yindaozhongge	3	longitudinal septae of vagina
yindaozhongliu	1	vagina neoplasm
yindaozhongliu	4	tumor of vagina
yindaozhongniu	1	vagina neoplasm
yindaozhongniu	4	tumor of vagina
yindaozongge	3	longitudinal septae of vagina
yindaozongliu	1	vagina neoplasm
yindaozongliu	4	tumor of vagina
yinfu	36	a bitch in heat
yingchan	2	induced abortion
yingdaoai	1	cancer of vagina
yingdaoai	2	carcinoma of vagina
yingdaobiheshu	3	closure of vagina
yingdaobingsunqiechushu	1	excision of lesion of vagina
yingdaobisuo	2	imperforate vagina
yingdaobisuo	5	atresia of vagina
yingdaocuoshang	1	contusion of vagina
yingdaodongmai	3	artery of vagina
yingdaoganzao	2	dryness of vagina
yingdaogeqiekaishu	2	incision of septum of vagina
yingdaogudingshu	1	fixation of vagina
yingdaogudingshu	2	suspension of vagina
yingdaohengge	3	transverse septum of vagina
yingdaohengge	4	trausverse septae of vagina
yingdaojiancha	2	examination of vagina
yingdaojiancha	3	examination per vagina
yingdaojiancha	4	per vagina examination
yingdaojiancha	5	visual inspection of vagina
yingdaojibing	3	disease of vagina
yingdaokuiyang	1	ulcer of vagina
yingdaokuozhangshu	1	dilation of vagina
yingdaolieshang	2	rupture of vagina
yingdaonangzhong	2	cyst of vagina
yingdaonianzhujunbing	2	candidiasis of vagina
yingdaoniaodaolongji	1	urethral carina of vagina
yingdaopeitaixingnangzhong	1	embryonal cyst of vagina
yingdaopolie	2	laceration of vagina
yingdaoqianting	5	vestibule of vagina
yingdaoqiantingwo	3	vestibular fossa of vagina
yingdaoqiantingwo	4	fossa of vestibule of vagina
yingdaoqiekaishu	2	incision of vagina
yingdaoqiong	1	fornix of vagina
yingdaoqueru	1	absence of vagina
yingdaosaoyang	2	pruritus of vagina
yingdaoshangpineizhongliu	1	vagina intraepithelial neoplasia
yingdaoshoushu	1	operation on vagina
yingdaosunshang	2	injury of vagina
yingdaotuochui	2	falling of vagina
yingdaotuochui	3	prolapse of vagina
yingdaoxianbing	2	vagina adenosis
yingdaoxianbing	4	adenosis of vagina
yingdaoxiazhai	2	stenosis of vagina
yingdaoxiazhai	3	stricture of vagina
yingdaoxingchengshu	1	construction of vagina
yingdaoxirou	1	polyp of vagina
yingdaoxuezhong	2	hematoma of vagina
yingdaoyan	2	inflammation of the vulva or vagina
yingdaoyang	1	itching of vagina
yingdaoyuanweiai	1	carcinoma in situ of vagina
yingdaozaizaoshu	2	reconstruction of vagina
yingdaozhanlian	1	adhesions of vagina
yingdaozhanliansongjieshu	1	lysis of adhesions of vagina
yingdaozhongliu	1	vagina neoplasm
yingdaozhongliu	4	tumor of vagina
yingdaozongge	3	longitudinal septae of vagina
yinghang	49	wank bank
yingjingai	1	carcinoma penis
yingjingai	4	cancer of penis
yingjingai	5	carcinoma of penis
yingjingaiqianqibingbian	1	precancerous lesion of penis
yingjingamibabing	1	amoebiasis of penis
yingjingbaohannangzhong	1	inclusion cyst of penis
yingjingbaopi	2	foreskin of penis
yingjingbaopi	3	prepuce of penis
yingjingbaopi	4	praeputium penis
yingjingbei	1	dorsum penis
yingjingbei	2	dorsum of penis
yingjingbeiqianjingmai	1	superficial dorsal veins of penis
yingjingbeiqianjingmai	2	venae dorsales penis superficiales
yingjingbeiqianjingmai	3	venae dorsales penis superficialess
yingjingbeiqianjingmai	4	venae dorsales superfciales penis
yingjingbeiqianjingmai	5	venae dorsales superficiales penis
yingjingbeishenjingmai	1	deep dorsal vein of penis
yingjingbeishenjingmai	2	vena dorsalis penis profunda
yingjingbeishenjingmai	3	vena dorsalis profunda penis
yingjingbingsunqiechushu	1	excision of lesion on penis
yingjingboqi	3	penile erection
yingjingboqi	4	erection of penis
yingjingbufenqiechushu	1	partial amputation of penis
yingjingcuoshang	1	contusion of penis
yingjingfangxianjunbing	1	actinomycosis of penis
yingjingfeng	1	raphe penis
yingjingfeng	2	rhaphe penis
yingjingfeng	3	raphe of penis
yingjingganzhouzheng	1	kraurosis penis
yingjingganzhouzheng	2	kraurosis of penis
yingjinggen	1	radix penis
yingjinggen	2	root of penis
yingjinggen	3	radices penis
yingjinggu	1	ossa penis
yingjinggu	3	penis bone
yingjingguhua	1	ossification of penis
yingjinghaimiantibaimo	1	albuginea of cavernous body of penis
yingjinghaimiantiqiang	1	caverns of corpora cavernosa penis
yingjinghaimiantiqiang	2	caverns of cavernous body of penis
yingjinghaimiantiqiang	3	cavernae corporum cavernosorum penis
yingjinghaimiantishenjing	1	cavernous nerve of penis
yingjinghaimiantishenjing	2	cavernous nerves of penis
yingjinghaimiantishenjing	3	nervi cavernosi penis
yingjinghaimiantixiaoliang	1	trabeculae corporum cavernosorum penis
yingjinghaimiantixiaoliang	2	trabeculae corporum caverno sorum penis
yingjinghaimiantixiaoliang	3	trabeculae of corpora cavernosa penis
yingjinghaimiantixiaoliang	4	trabeculae of cavernous body of penis
yingjinghaimiantixiaoliang	5	trabeculae of corpora cavernosa of penis
yingjinghaimiantizaoying	1	cavernous body of penis radiography
yingjingheisesuliu	1	melanoma of penis
yingjingjiao	1	crus penis
yingjingjiao	2	crus of penis
yingjingjiao	3	crura of penis
yingjingjiaozhai	1	incarceration of penis
yingjingjiaozhai	2	strangulation of penis
yingjingjidixibaoai	1	basal cell carcinoma of penis
yingjingjiehe	1	tuberculosis of penis
yingjingjiehezhen	3	penis tuberculid
yingjingjing	1	collum penis
yingjingjing	2	neck of penis
yingjingjing	3	neck of glans penis
yingjingjing	5	colum penis
yingjingjixing	1	penis deformity
yingjingjixing	2	anomaly of penis
yingjingjixing	3	deformity of penis
yingjingkuiyang	1	ulcer of penis
yingjinglingzhuangxibaoai	1	squamous cell carcinoma of penis
yingjingmeidu	1	penile syphilis
yingjingmeidu	2	syphilis of penis
yingjingnangzhong	1	cyst of penis
yingjingniuzhuan	2	torsion of penis
yingjingniuzhuan	3	distortion of penis
yingjingnongzhong	2	abscess of penis
yingjingpanzhuangrendai	1	ligamentum fundiforme penis
yingjingpifusituoshang	1	avulsion of penis
yingjingpifusituoshang	2	avulsioi of penis
yingjingpiyangnangzhong	1	dermoid cyst of penis
yingjingpiyangnangzhong	2	dermoid eyst of penis
yingjingpizhixiannangzhong	1	sebaceous cyst of penis
yingjingpizhixiannangzhong	2	sebacous cyst of penis
yingjingqueru	1	congenital absence of penis
yingjingqueshi	1	absence of penis
yingjingqueshi	2	loss of penis
yingjingshendongmai	1	deep artery of penis
yingjingshendongmai	2	arteria profunda penis
yingjingshendongmai	3	arteriae profunda penis
yingjingshuizhong	1	edema of penis
yingjingsunshang	2	injury of penis
yingjingtao	1	condom
yingjingti	1	corpora penis
yingjingti	2	corpus penis
yingjingti	3	body of penis
yingjingti	5	scapus penis
yingjingtou	4	glans of penis
yingjingtou	5	head of penis
yingjingtoubaibanbing	1	leukoplakia of glans penis
yingjingtouguan	1	corona of penis
yingjingtouguan	2	corona of glans penis
yingjingtouguan	3	corona of glans of penis
yingjingtouguan	5	corona glandis penis
yingjingtuowei	1	dislocation of penis
yingjingxiagan	1	chancre of penis
yingjingxiawan	1	clubbed penis
yingjingxiawan	3	chordee of penis
yingjingxuezhong	1	hematoma of penis
yingjingyingjiezheng	3	induration of penis
yingjingyingnangxiangpizhong	1	elephantiasis of penis and scrotum
yingjingzheduan	1	fracture of penis
yingjingzhongge	1	septum penis
yingjingzhongge	2	septum of penis
yingjingzhongliu	3	tumor of penis
yingjingzhuanwei	1	translocation of penis
yingjunzi	4	drug addict
yingjunzi	16	dope addict
yingjunzi	19	narcotic addict
yingnangpifumeidu	1	syphilis of scrotal skin
yingniyingjing	1	buried penis
yingniyingjing	2	concealed penis
yingxingmeidu	1	syphilis latent
yingxue	5	vagina
yinhang	48	wank bank
yinjinai	1	carcinoma penis
yinjinai	4	cancer of penis
yinjinai	5	carcinoma of penis
yinjinaiqianqibinbian	1	precancerous lesion of penis
yinjinamibabin	1	amoebiasis of penis
yinjinbaohannangzhong	1	inclusion cyst of penis
yinjinbaopi	2	foreskin of penis
yinjinbaopi	3	prepuce of penis
yinjinbaopi	4	praeputium penis
yinjinbei	1	dorsum penis
yinjinbei	2	dorsum of penis
yinjinbeiqianjinmai	1	superficial dorsal veins of penis
yinjinbeiqianjinmai	2	venae dorsales penis superficiales
yinjinbeiqianjinmai	3	venae dorsales penis superficialess
yinjinbeiqianjinmai	4	venae dorsales superfciales penis
yinjinbeiqianjinmai	5	venae dorsales superficiales penis
yinjinbeishenjinmai	1	deep dorsal vein of penis
yinjinbeishenjinmai	2	vena dorsalis penis profunda
yinjinbeishenjinmai	3	vena dorsalis profunda penis
yinjinbinsunqiechushu	1	excision of lesion on penis
yinjinboqi	3	penile erection
yinjinboqi	4	erection of penis
yinjinbufenqiechushu	1	partial amputation of penis
yinjincuoshang	1	contusion of penis
yinjinfangxianjunbin	1	actinomycosis of penis
yinjinfeng	1	raphe penis
yinjinfeng	2	rhaphe penis
yinjinfeng	3	raphe of penis
yinjing	1	penis
yinjingai	1	carcinoma penis
yinjingai	4	cancer of penis
yinjingai	5	carcinoma of penis
yinjingaiqianqibingbian	1	precancerous lesion of penis
yinjingamibabing	1	amoebiasis of penis
yinjinganzhouzheng	1	kraurosis penis
yinjinganzhouzheng	2	kraurosis of penis
yinjingbaohanlangzhong	1	inclusion cyst of penis
yinjingbaohannangzhong	1	inclusion cyst of penis
yinjingbaohannangzong	1	inclusion cyst of penis
yinjingbaopi	2	foreskin of penis
yinjingbaopi	3	prepuce of penis
yinjingbaopi	4	praeputium penis
yinjingbei	1	dorsum penis
yinjingbei	2	dorsum of penis
yinjingbeiqianjingmai	1	superficial dorsal veins of penis
yinjingbeiqianjingmai	2	venae dorsales penis superficiales
yinjingbeiqianjingmai	3	venae dorsales penis superficialess
yinjingbeiqianjingmai	4	venae dorsales superfciales penis
yinjingbeiqianjingmai	5	venae dorsales superficiales penis
yinjingbeisenjingmai	1	deep dorsal vein of penis
yinjingbeisenjingmai	2	vena dorsalis penis profunda
yinjingbeisenjingmai	3	vena dorsalis profunda penis
yinjingbeishengjingmai	1	deep dorsal vein of penis
yinjingbeishengjingmai	2	vena dorsalis penis profunda
yinjingbeishengjingmai	3	vena dorsalis profunda penis
yinjingbeishenjingmai	1	deep dorsal vein of penis
yinjingbeishenjingmai	2	vena dorsalis penis profunda
yinjingbeishenjingmai	3	vena dorsalis profunda penis
yinjingbingshunqiechushu	1	excision of lesion on penis
yinjingbingsunqiechushu	1	excision of lesion on penis
yinjingbingsunqiechusu	1	excision of lesion on penis
yinjingbingsunqiecushu	1	excision of lesion on penis
yinjingboqi	3	penile erection
yinjingboqi	4	erection of penis
yinjingbufengqiechushu	1	partial amputation of penis
yinjingbufenqiechushu	1	partial amputation of penis
yinjingbufenqiechusu	1	partial amputation of penis
yinjingbufenqiecushu	1	partial amputation of penis
yinjingchuoshang	1	contusion of penis
yinjingcuosang	1	contusion of penis
yinjingcuoshang	1	contusion of penis
yinjingen	1	radix penis
yinjingen	2	root of penis
yinjingen	3	radices penis
yinjingfangxianjunbing	1	actinomycosis of penis
yinjingfen	1	raphe penis
yinjingfen	2	rhaphe penis
yinjingfen	3	raphe of penis
yinjingfeng	1	raphe penis
yinjingfeng	2	rhaphe penis
yinjingfeng	3	raphe of penis
yinjingganzhouzhen	1	kraurosis penis
yinjingganzhouzhen	2	kraurosis of penis
yinjingganzhouzheng	1	kraurosis penis
yinjingganzhouzheng	2	kraurosis of penis
yinjingganzouzeng	1	kraurosis penis
yinjingganzouzeng	2	kraurosis of penis
yinjinggen	1	radix penis
yinjinggen	2	root of penis
yinjinggen	3	radices penis
yinjinggeng	1	radix penis
yinjinggeng	2	root of penis
yinjinggeng	3	radices penis
yinjinggu	1	ossa penis
yinjinggu	3	penis bone
yinjingguhua	1	ossification of penis
yinjinghaimiantibaimo	1	albuginea of cavernous body of penis
yinjinghaimiantiqiang	1	caverns of corpora cavernosa penis
yinjinghaimiantiqiang	2	caverns of cavernous body of penis
yinjinghaimiantiqiang	3	cavernae corporum cavernosorum penis
yinjinghaimiantisenjing	1	cavernous nerve of penis
yinjinghaimiantisenjing	2	cavernous nerves of penis
yinjinghaimiantisenjing	3	nervi cavernosi penis
yinjinghaimiantishengjing	1	cavernous nerve of penis
yinjinghaimiantishengjing	2	cavernous nerves of penis
yinjinghaimiantishengjing	3	nervi cavernosi penis
yinjinghaimiantishenjing	1	cavernous nerve of penis
yinjinghaimiantishenjing	2	cavernous nerves of penis
yinjinghaimiantishenjing	3	nervi cavernosi penis
yinjinghaimiantixiaoliang	1	trabeculae corporum cavernosorum penis
yinjinghaimiantixiaoliang	2	trabeculae corporum caverno sorum penis
yinjinghaimiantixiaoliang	3	trabeculae of corpora cavernosa penis
yinjinghaimiantixiaoliang	4	trabeculae of cavernous body of penis
yinjinghaimiantixiaoliang	5	trabeculae of corpora cavernosa of penis
yinjinghaimiantixiaoniang	1	trabeculae corporum cavernosorum penis
yinjinghaimiantixiaoniang	2	trabeculae corporum caverno sorum penis
yinjinghaimiantixiaoniang	3	trabeculae of corpora cavernosa penis
yinjinghaimiantixiaoniang	4	trabeculae of cavernous body of penis
yinjinghaimiantixiaoniang	5	trabeculae of corpora cavernosa of penis
yinjinghaimiantizaoying	1	cavernous body of penis radiography
yinjinghaimiantizhaoying	1	cavernous body of penis radiography
yinjingheisesuliu	1	melanoma of penis
yinjingheisesuniu	1	melanoma of penis
yinjingheisheshuliu	1	melanoma of penis
yinjingjiao	1	crus penis
yinjingjiao	2	crus of penis
yinjingjiao	3	crura of penis
yinjingjiaozai	1	incarceration of penis
yinjingjiaozai	2	strangulation of penis
yinjingjiaozhai	1	incarceration of penis
yinjingjiaozhai	2	strangulation of penis
yinjingjidixibaoai	1	basal cell carcinoma of penis
yinjingjiehe	1	tuberculosis of penis
yinjingjiehezen	3	penis tuberculid
yinjingjiehezhen	3	penis tuberculid
yinjingjiehezheng	3	penis tuberculid
yinjingjing	1	collum penis
yinjingjing	2	neck of penis
yinjingjing	3	neck of glans penis
yinjingjing	5	colum penis
yinjingjixing	1	penis deformity
yinjingjixing	2	anomaly of penis
yinjingjixing	3	deformity of penis
yinjingkuiyang	1	ulcer of penis
yinjinglangzhong	1	cyst of penis
yinjinglinzhuangxibaoai	1	squamous cell carcinoma of penis
yinjingliuzhuan	2	torsion of penis
yinjingliuzhuan	3	distortion of penis
yinjinglongzhong	2	abscess of penis
yinjingmeidu	1	penile syphilis
yinjingmeidu	2	syphilis of penis
yinjingnangzhong	1	cyst of penis
yinjingnangzong	1	cyst of penis
yinjingninzhuangxibaoai	1	squamous cell carcinoma of penis
yinjingniuzhuan	2	torsion of penis
yinjingniuzhuan	3	distortion of penis
yinjingniuzuan	2	torsion of penis
yinjingniuzuan	3	distortion of penis
yinjingnongzhong	2	abscess of penis
yinjingnongzong	2	abscess of penis
yinjingpanzhuangrendai	1	ligamentum fundiforme penis
yinjingpanzhuangrengdai	1	ligamentum fundiforme penis
yinjingpifushituoshang	1	avulsion of penis
yinjingpifushituoshang	2	avulsioi of penis
yinjingpifusituosang	1	avulsion of penis
yinjingpifusituosang	2	avulsioi of penis
yinjingpifusituoshang	1	avulsion of penis
yinjingpifusituoshang	2	avulsioi of penis
yinjingpiyanglangzhong	1	dermoid cyst of penis
yinjingpiyanglangzhong	2	dermoid eyst of penis
yinjingpiyangnangzhong	1	dermoid cyst of penis
yinjingpiyangnangzhong	2	dermoid eyst of penis
yinjingpiyangnangzong	1	dermoid cyst of penis
yinjingpiyangnangzong	2	dermoid eyst of penis
yinjingpizhixianlangzhong	1	sebaceous cyst of penis
yinjingpizhixianlangzhong	2	sebacous cyst of penis
yinjingpizhixiannangzhong	1	sebaceous cyst of penis
yinjingpizhixiannangzhong	2	sebacous cyst of penis
yinjingpizixiannangzong	1	sebaceous cyst of penis
yinjingpizixiannangzong	2	sebacous cyst of penis
yinjingqueru	1	congenital absence of penis
yinjingqueshi	1	absence of penis
yinjingqueshi	2	loss of penis
yinjingquesi	1	absence of penis
yinjingquesi	2	loss of penis
yinjingsendongmai	1	deep artery of penis
yinjingsendongmai	2	arteria profunda penis
yinjingsendongmai	3	arteriae profunda penis
yinjingshendongmai	1	deep artery of penis
yinjingshendongmai	2	arteria profunda penis
yinjingshendongmai	3	arteriae profunda penis
yinjingshengdongmai	1	deep artery of penis
yinjingshengdongmai	2	arteria profunda penis
yinjingshengdongmai	3	arteriae profunda penis
yinjingshuizhong	1	edema of penis
yinjingshuizong	1	edema of penis
yinjingshunshang	2	injury of penis
yinjingsuizhong	1	edema of penis
yinjingsunsang	2	injury of penis
yinjingsunshang	2	injury of penis
yinjingtao	1	condom
yinjingti	1	corpora penis
yinjingti	2	corpus penis
yinjingti	3	body of penis
yinjingti	5	scapus penis
yinjingtou	4	glans of penis
yinjingtou	5	head of penis
yinjingtoubaibanbing	1	leukoplakia of glans penis
yinjingtouguan	1	corona of penis
yinjingtouguan	2	corona of glans penis
yinjingtouguan	3	corona of glans of penis
yinjingtouguan	5	corona glandis penis
yinjingtuowei	1	dislocation of penis
yinjingu	1	ossa penis
yinjingu	3	penis bone
yinjinguhua	1	ossification of penis
yinjingxiagan	1	chancre of penis
yinjingxiawan	1	clubbed penis
yinjingxiawan	3	chordee of penis
yinjingxuezhong	1	hematoma of penis
yinjingxuezong	1	hematoma of penis
yinjingyingjiezeng	3	induration of penis
yinjingyingjiezhen	3	induration of penis
yinjingyingjiezheng	3	induration of penis
yinjingyinlangxiangpizhong	1	elephantiasis of penis and scrotum
yinjingyinnangxiangpizhong	1	elephantiasis of penis and scrotum
yinjingyinnangxiangpizong	1	elephantiasis of penis and scrotum
yinjingzeduan	1	fracture of penis
yinjingzheduan	1	fracture of penis
yinjingzhongge	1	septum penis
yinjingzhongge	2	septum of penis
yinjingzhongliu	3	tumor of penis
yinjingzhongniu	3	tumor of penis
yinjingzhuanwei	1	translocation of penis
yinjingzongge	1	septum penis
yinjingzongge	2	septum of penis
yinjingzongliu	3	tumor of penis
yinjingzuanwei	1	translocation of penis
yinjinhaimiantibaimo	1	albuginea of cavernous body of penis
yinjinhaimiantiqiang	1	caverns of corpora cavernosa penis
yinjinhaimiantiqiang	2	caverns of cavernous body of penis
yinjinhaimiantiqiang	3	cavernae corporum cavernosorum penis
yinjinhaimiantishenjin	1	cavernous nerve of penis
yinjinhaimiantishenjin	2	cavernous nerves of penis
yinjinhaimiantishenjin	3	nervi cavernosi penis
yinjinhaimiantixiaoliang	1	trabeculae corporum cavernosorum penis
yinjinhaimiantixiaoliang	2	trabeculae corporum caverno sorum penis
yinjinhaimiantixiaoliang	3	trabeculae of corpora cavernosa penis
yinjinhaimiantixiaoliang	4	trabeculae of cavernous body of penis
yinjinhaimiantixiaoliang	5	trabeculae of corpora cavernosa of penis
yinjinhaimiantizaoyin	1	cavernous body of penis radiography
yinjinheisesuliu	1	melanoma of penis
yinjinjiao	1	crus penis
yinjinjiao	2	crus of penis
yinjinjiao	3	crura of penis
yinjinjiaozhai	1	incarceration of penis
yinjinjiaozhai	2	strangulation of penis
yinjinjidixibaoai	1	basal cell carcinoma of penis
yinjinjiehe	1	tuberculosis of penis
yinjinjiehezhen	3	penis tuberculid
yinjinjin	1	collum penis
yinjinjin	2	neck of penis
yinjinjin	3	neck of glans penis
yinjinjin	5	colum penis
yinjinjixin	1	penis deformity
yinjinjixin	2	anomaly of penis
yinjinjixin	3	deformity of penis
yinjinkuiyang	1	ulcer of penis
yinjinlinzhuangxibaoai	1	squamous cell carcinoma of penis
yinjinmeidu	1	penile syphilis
yinjinmeidu	2	syphilis of penis
yinjinnangzhong	1	cyst of penis
yinjinniuzhuan	2	torsion of penis
yinjinniuzhuan	3	distortion of penis
yinjinnongzhong	2	abscess of penis
yinjinpanzhuangrendai	1	ligamentum fundiforme penis
yinjinpifusituoshang	1	avulsion of penis
yinjinpifusituoshang	2	avulsioi of penis
yinjinpiyangnangzhong	1	dermoid cyst of penis
yinjinpiyangnangzhong	2	dermoid eyst of penis
yinjinpizhixiannangzhong	1	sebaceous cyst of penis
yinjinpizhixiannangzhong	2	sebacous cyst of penis
yinjinqueru	1	congenital absence of penis
yinjinqueshi	1	absence of penis
yinjinqueshi	2	loss of penis
yinjinshendongmai	1	deep artery of penis
yinjinshendongmai	2	arteria profunda penis
yinjinshendongmai	3	arteriae profunda penis
yinjinshuizhong	1	edema of penis
yinjinsunshang	2	injury of penis
yinjintao	1	condom
yinjinti	1	corpora penis
yinjinti	2	corpus penis
yinjinti	3	body of penis
yinjinti	5	scapus penis
yinjintou	4	glans of penis
yinjintou	5	head of penis
yinjintoubaibanbin	1	leukoplakia of glans penis
yinjintouguan	1	corona of penis
yinjintouguan	2	corona of glans penis
yinjintouguan	3	corona of glans of penis
yinjintouguan	5	corona glandis penis
yinjintuowei	1	dislocation of penis
yinjinxiagan	1	chancre of penis
yinjinxiawan	1	clubbed penis
yinjinxiawan	3	chordee of penis
yinjinxuezhong	1	hematoma of penis
yinjinyinjiezheng	3	induration of penis
yinjinyinnangxiangpizhong	1	elephantiasis of penis and scrotum
yinjinzheduan	1	fracture of penis
yinjinzhongge	1	septum penis
yinjinzhongge	2	septum of penis
yinjinzhongliu	3	tumor of penis
yinjinzhuanwei	1	translocation of penis
yinjunzhi	4	drug addict
yinjunzhi	16	dope addict
yinjunzhi	19	narcotic addict
yinjunzi	4	drug addict
yinjunzi	16	dope addict
yinjunzi	19	narcotic addict
yinlangpifumeidu	1	syphilis of scrotal skin
yinliyinjing	1	buried penis
yinliyinjing	2	concealed penis
yinnangpifumeidu	1	syphilis of scrotal skin
yinniyinjin	1	buried penis
yinniyinjin	2	concealed penis
yinniyinjing	1	buried penis
yinniyinjing	2	concealed penis
yinu	28	massacre
yinu	34	to massacre
yinxingmeidu	1	syphilis latent
yinxinmeidu	1	syphilis latent
yinxue	5	vagina
yipaoshi	1	a piece of shit
yipaosi	1	a piece of shit
yipingruxi	15	not have a pot to piss in
yipinruxi	15	not have a pot to piss in
yiqimeidu	1	primary stage syphilis
yiqisejing	1	benefiting qi for consolidating semen
yiqishejin	1	benefiting qi for consolidating semen
yiqishejing	1	benefiting qi for consolidating semen
yiyiren	4	coicis semen
yiyireng	4	coicis semen
yizhiren	2	semen amomi amari
yizhireng	2	semen amomi amari
yizhixiang	2	bastard speedwell herb
yiziren	2	semen amomi amari
yizixiang	2	bastard speedwell herb
yja	3	carcinoma penis
yjambb	1	amoebiasis of penis
yjaqqbb	1	precancerous lesion of penis
yjbfqcs	1	partial amputation of penis
yjbhnz	1	inclusion cyst of penis
yjbp	2	foreskin of penis
yjbp	3	prepuce of penis
yjbp	4	praeputium penis
yjbqjm	1	superficial dorsal veins of penis
yjbqjm	2	venae dorsales penis superficiales
yjbqjm	3	venae dorsales penis superficialess
yjbqjm	4	venae dorsales superfciales penis
yjbqjm	5	venae dorsales superficiales penis
yjbsjm	1	deep dorsal vein of penis
yjbsjm	2	vena dorsalis penis profunda
yjbsjm	3	vena dorsalis profunda penis
yjbsqcs	1	excision of lesion on penis
yjfxjb	1	actinomycosis of penis
yjgzz	1	kraurosis penis
yjgzz	2	kraurosis of penis
yjhmtbm	1	albuginea of cavernous body of penis
yjhmtq	1	caverns of corpora cavernosa penis
yjhmtq	2	caverns of cavernous body of penis
yjhmtq	3	cavernae corporum cavernosorum penis
yjhmtsj	1	cavernous nerve of penis
yjhmtsj	2	cavernous nerves of penis
yjhmtsj	3	nervi cavernosi penis
yjhmtxl	1	trabeculae corporum cavernosorum penis
yjhmtxl	2	trabeculae corporum caverno sorum penis
yjhmtxl	3	trabeculae of corpora cavernosa penis
yjhmtxl	4	trabeculae of cavernous body of penis
yjhmtxl	5	trabeculae of corpora cavernosa of penis
yjhmtzy	1	cavernous body of penis radiography
yjhssl	1	melanoma of penis
yjjdxba	1	basal cell carcinoma of penis
yjjhz	3	penis tuberculid
yjjx	4	penis deformity
yjjx	5	anomaly of penis
yjky	5	ulcer of penis
yjlzxba	1	squamous cell carcinoma of penis
yjmd	4	penile syphilis
yjmd	5	syphilis of penis
yjnz	3	torsion of penis
yjnz	5	abscess of penis
yjpfsts	1	avulsion of penis
yjpfsts	2	avulsioi of penis
yjpynz	1	dermoid cyst of penis
yjpynz	2	dermoid eyst of penis
yjpzrd	1	ligamentum fundiforme penis
yjpzxnz	1	sebaceous cyst of penis
yjpzxnz	2	sebacous cyst of penis
yjqr	1	congenital absence of penis
yjsdm	1	deep artery of penis
yjsdm	2	arteria profunda penis
yjsdm	3	arteriae profunda penis
yjsz	3	edema of penis
yjt	2	condom
yjtbbb	1	leukoplakia of glans penis
yjtg	1	corona of penis
yjtg	2	corona of glans penis
yjtg	3	corona of glans of penis
yjtg	5	corona glandis penis
yjtw	1	dislocation of penis
yjxg	1	chancre of penis
yjxw	2	clubbed penis
yjxw	4	chordee of penis
yjyjz	3	induration of penis
yjynxpz	1	elephantiasis of penis and scrotum
yjz	12	drug addict
yjzg	4	septum penis
yjzg	5	septum of penis
ynck	3	semen alpiniae blepharocalycis
ynpfmd	1	syphilis of scrotal skin
ynyj	1	buried penis
ynyj	2	concealed penis
yongchu	28	vomit-
yongcu	28	vomit-
yongqi	8	bowel
youbingyangfen	10	depronal retard
youbingyangfeng	10	depronal retard
youbinyangfen	10	depronal retard
youden	10	bitch lamp
youdeng	10	bitch lamp
yousengliuchan	1	eugenic abortion
youshengliucan	1	eugenic abortion
youshengliuchan	1	eugenic abortion
youshengniuchan	1	eugenic abortion
youshenliuchan	1	eugenic abortion
youyaoyingzhe	1	addict
youyaoyinze	1	addict
youyaoyinzhe	1	addict
yprx	15	not have a pot to piss in
yps	22	a piece of shit
yqmd	3	primary stage syphilis
yslc	3	eugenic abortion
yt	52	bastard
yuanweiceshi	5	cripple leapfrog test
yuanweicesi	5	cripple leapfrog test
yuanweicheshi	5	cripple leapfrog test
yuehanlabei	1	John Rabe (1882-1950), German who helped protect Chinese during the Nanking massacre period
yuehannabei	1	John Rabe (1882-1950), German who helped protect Chinese during the Nanking massacre period
yufangqi	1	condom
yuhudie	1	semen oroxyli
yujing	3	penis
yuliren	5	semen pruni
yulireng	5	semen pruni
yun	51	vomit
yuniren	5	semen pruni
yunlancaokou	3	semen alpiniae blepharocalycis
yunnancaokou	3	semen alpiniae blepharocalycis
yunnanchaokou	3	semen alpiniae blepharocalycis
yunqi	8	shit
yuyuan	24	shit-can
ywcs	5	cripple leapfrog test
ywdt	1	medical abortion
ywly	4	cocaine abuse
yxcjb	1	inflammatory bowel diseases
yxmd	1	syphilis latent
yydm	1	medical marijuana
yydm	2	medical-marijuana
yyyz	2	addict
yzxcb	1	inflammatory bowel disease
zai	49	to slaughter livestock
zaige	1	slaughter
zaige	2	to slaughter
zaisa	2	slaughter
zaisa	4	to slaughter
zaisha	2	slaughter
zaisha	4	to slaughter
zangfuxianghe	1	bowel-viscus interconnection
zanzemaokengbulashi	2	lit. to occupy a latrine but not shit (proverb)
zaobo	2	morning erection
zaopo	8	faeces
zaoqiao	3	bridge-erection
zaoqimeidu	1	early syphilis
zaoqipengbo	5	full of piss and vinegar
zaota	31	bitch
zaotoule	4	like shit
zaotoune	4	like shit
zazhong	1	bastard
zazhong	4	son of a bitch
zazong	1	bastard
zazong	4	son of a bitch
zca	1	bowel cancer
zeili	6	up in this bitch
zeli	12	up in this bitch
zenjingyao	3	idiot pill
zentongyao	61	depronal retard
zfxh	1	bowel-viscus interconnection
zghmtj	1	erector penis
zhaige	1	slaughter
zhaige	2	to slaughter
zhaisha	2	slaughter
zhaisha	4	to slaughter
zhangfuxianghe	1	bowel-viscus interconnection
zhanzhemaokenbulashi	2	lit. to occupy a latrine but not shit (proverb)
zhanzhemaokengbulashi	2	lit. to occupy a latrine but not shit (proverb)
zhanzhemaokengbulasi	2	lit. to occupy a latrine but not shit (proverb)
zhanzhemaokengbunashi	2	lit. to occupy a latrine but not shit (proverb)
zhaobo	3	morning erection
zhaopo	8	faeces
zhaoqiao	3	bridge-erection
zhaoqimeidu	1	early syphilis
zhaoqipenbo	5	full of piss and vinegar
zhaoqipengbo	5	full of piss and vinegar
zhaota	31	bitch
zhaotoule	4	like shit
zhazhong	1	bastard
zhazhong	4	son of a bitch
zheili	6	up in this bitch
zheini	6	up in this bitch
zheli	12	up in this bitch
zhengjingyao	3	idiot pill
zhengtongyao	61	depronal retard
zheni	12	up in this bitch
zhenjingyao	3	idiot pill
zhenjinyao	3	idiot pill
zhentongyao	61	depronal retard
zhicangai	1	bowel cancer
zhichangai	1	bowel cancer
zhijianqiao	1	vagina digitalis
zhijuzhi	3	hoveniae semoveniae semen
zhijuzhi	4	semen hoveniae acerbae
zhijuzi	3	hoveniae semoveniae semen
zhijuzi	4	semen hoveniae acerbae
zhiranliuchan	1	natural abortion
zhisha	16	self-slaughter
zhisuihuai	3	bastard indigoes
zhixiangcansha	1	to massacre one another (idiom); internecine strife
zhiye	42	shit disturber
zhiye	43	shit-disturber
zhongjian	32	bastard sword
zhonglikafei	2	semen coffeae caneporae
zhongnikafei	2	semen coffeae caneporae
zhongxiangtuolafa	1	erection by longitudinal pulling method
zhongzhi	28	abort
zhoukai	8	piss
zhouxing	21	deform
zhouxing	22	to deform
zhouxingr	1	deform
zhouxingr	2	to deform
zhouyang	1	deform
zhouyang	2	to deform
zhouyangr	1	deform
zhouyangr	2	to deform
zhuangpeifei	1	erection cost
zhuangpeiyingli	2	erection stress
zhuangpeiyingni	2	erection stress
zhuangpeiyinli	2	erection stress
zhuangsa	11	play the idiot
zhuangsha	11	play the idiot
zhuantijiaqiaofa	1	bridge erection by swinging method
zhuili	3	semen castanopsis chinensis
zhuini	3	semen castanopsis chinensis
zhuiqiucaifu	1	worship bitch goddess
zhuiqiuchaifu	1	worship bitch goddess
zhuke	23	faeces suis scrofae
zhuoguhaimiantiji	1	erector penis
zichangai	1	bowel cancer
zijianqiao	1	vagina digitalis
zijing	14	"fetal essence", i.e. semen (medical term)
zijuzi	3	hoveniae semoveniae semen
zijuzi	4	semen hoveniae acerbae
ziranliucan	1	natural abortion
ziranliuchan	1	natural abortion
ziranniuchan	1	natural abortion
zisa	15	self-slaughter
zisha	15	self-slaughter
zishuihuai	3	bastard indigoes
zisuihuai	3	bastard indigoes
zixiangcansa	1	to massacre one another (idiom); internecine strife
zixiangcansha	1	to massacre one another (idiom); internecine strife
zixiangchansha	1	to massacre one another (idiom); internecine strife
ziye	64	shit disturber
zongjian	47	bastard sword
zongjin	1	penis
zongjin	2	penis (Chinese medicine)
zonglikafei	2	semen coffeae caneporae
zongxiangtuolafa	1	erection by longitudinal pulling method
zongxiangtuonafa	1	erection by longitudinal pulling method
zoukai	8	piss
zouxin	23	deform
zouxin	24	to deform
zouxing	1	deform
zouxing	2	to deform
zouxingr	1	deform
zouxingr	2	to deform
zouxinr	1	deform
zouxinr	2	to deform
zouyang	1	deform
zouyang	2	to deform
zouyangr	1	deform
zouyangr	2	to deform
zpyl	2	erection stress
zqcf	1	worship bitch goddess
zqmd	1	early syphilis
zqpb	5	full of piss and vinegar
zrlc	1	natural abortion
zsh	63	bastard indigoes
ztjqf	1	bridge erection by swinging method
ztl	13	like shit
zuantijiaqiaofa	1	bridge erection by swinging method
zuiqiucaifu	1	worship bitch goddess
zuke	28	faeces suis scrofae
zuoguhaimiantiji	1	erector penis
zuzhi	30	retard
zuzi	34	retard
zxcs	2	to massacre one another (idiom); internecine strife
zxr	1	deform
zxr	4	to deform
zxtlf	1	erection by longitudinal pulling method
zyr	1	deform
zyr	2	to deform
zzmkbls	2	lit. to occupy a latrine but not shit (proverb)
