pinyin_key	candidate
ac	unlicensed (unregistered) prostitute
afr	opium
afurong	opium
aiguozhe	patria
aiya	hela
aj	torture
als	doctor - assisted suicide
ancang	unlicensed (unregistered) prostitute
ancang	unlicensed prostitute
anchang	unlicensed (unregistered) prostitute
anchang	unlicensed prostitute
anleshi	doctor - assisted suicide
anlesi	doctor - assisted suicide
annesi	doctor - assisted suicide
anquandai	securing strip
anquandao	safety strip
anquandedai	safety strip
antai	anti-abortion measuccessful gestation
anzhuang	erection
anzhuangfei	cost of erection
anzhuangtu	erection-diagram
aojian	torture
ap	opium
ap	opium (loanword)
apf	opium powder
apf	opium powdered
apf	powdered opium
apian	crude opium
apian	gum opium
apian	opium
apian	opium (loanword)
apianfen	opium powder
apianfen	opium powdered
apianfen	powdered opium
apianfeng	opium powder
apianfeng	opium powdered
apianfeng	powdered opium
apianquanjian	concentrated opium
apianquanjian	opium alkaloias
apianquanjian	opium alkaloics
apianquanjian	opium concentrate
apianquanjian	opium concentratum
apianshouti	kappa opium receptor
apiansouti	kappa opium receptor
apianzhiji	opium preparation
apianzhiji	opium preparations
apianziji	opium preparation
apianziji	opium preparations
apqj	concentrated opium
apqj	opium alkaloias
apqj	opium alkaloics
apqj	opium concentrate
apqj	opium concentratum
apst	kappa opium receptor
apzj	opium preparation
apzj	opium preparations
aqd	safety strip
aqd	securing strip
aqdd	safety strip
azd	erection crew
azd	erection force
azf	cost of erection
azt	erection diagram
azt	erection drawing
azt	erection plan
azt	erection-diagram
badou	semen crotonis
badou	semen crotonis tiglii
badou	semen tiglii
bagua	octavian
baibiandou	lablab semen album
baibiandou	semen dolichoris album
baibiandou	semen lablab album
baicaixingyoucai	turnip type rape
baicaixinyoucai	turnip type rape
baichaixingyouchai	turnip type rape
baiguo	ginkgo semen
baiguo	semen ginkgo
baijiezhi	semen brassicae albae
baijiezhi	semen sinapis albae
baijiezhi	sinapis albae semen
baijiezi	semen brassicae albae
baijiezi	semen sinapis albae
baijiezi	sinapis albae semen
baili	white diarrhea
baini	white diarrhea
bairen	naked sword
baireng	naked sword
baizhi	semen biotae
baizhiren	platycladi semen
baizhiren	semen biotae shelled
baizhiren	semen boitae
baizhiren	semen platycladi
baizhuo	nebulous urine
baizhuo	whitish and turbid urine
baizi	semen biotae
baiziren	platycladi semen
baiziren	semen biotae shelled
baiziren	semen boitae
baiziren	semen platycladi
baizireng	platycladi semen
baizireng	semen biotae shelled
baizireng	semen boitae
baizireng	semen platycladi
baizuo	nebulous urine
baizuo	whitish and turbid urine
bangliushuihua	prostitute
bangliusuihua	prostitute
bangniusuihua	prostitute
bankaimen	fig. prostitute
bankaimeng	fig. prostitute
banli	semen castaneae mollissimae
banluo	half naked
banluo	semi-naked
banluoti	half-naked
banni	semen castaneae mollissimae
bannuo	half naked
bannuo	semi-naked
bannuoti	half-naked
bantiao	bar strip
baobanpi	bar strip
baochu	strip out
baocu	strip out
baohuqu	defensive strip
baojiangleijingzizhushe	intracytoplasmic sperm injections
baojiangneijingzhizhushe	intracytoplasmic sperm injections
baojiangneijingzizhuse	intracytoplasmic sperm injections
baojiangneijingzizhushe	intracytoplasmic sperm injections
baojiangneijingzizushe	intracytoplasmic sperm injections
baojiangneijinzizhushe	intracytoplasmic sperm injections
baomuyuan	advertisers
baopian	thin strip
baotuo	strip
baoxie	sudden diarrhea
baoye	(esp.) to book a prostitute for the night
bawangyingsanggong	rape
bawangyingsanggong	to rape
bawangyingshanggong	rape
bawangyingshanggong	to rape
bawangyinshanggong	rape
bawangyinshanggong	to rape
bawuqianliu	to strip of everything
bawuqianniu	to strip of everything
bbdk	strip
bbdk	to strip, tie up, hang and beat sb, an ancient torture technique
bbp	bar strip
bcxyc	turnip type rape
bd	strip
beiqiangguang	strip to the skin
beiqinchengshi	fuck me
beiqinchengshi	fuck-me
beiqingcengshi	fuck me
beiqingcengshi	fuck-me
beiqingchengshi	fuck me
beiqingchengshi	fuck-me
beiqingchengsi	fuck me
beiqingchengsi	fuck-me
beiqingchenshi	fuck me
beiqingchenshi	fuck-me
beizhisha	a death claimed to be a suicide by the authorities
beizhisha	suicide
beizisa	a death claimed to be a suicide by the authorities
beizisa	suicide
beizisha	a death claimed to be a suicide by the authorities
beizisha	suicide
benbadiaokao	strip
benbadiaokao	to strip, tie up, hang and beat sb, an ancient torture technique
bengbadiaokao	strip
bengbadiaokao	to strip, tie up, hang and beat sb, an ancient torture technique
bhq	defensive strip
bhys	bum-fuck nowhere
bian	penis
biandou	semen lablab
bianjiedidai	boundary strip
bianliao	urine and feces
bianmaochongxinfuxie	flagellate diarrhea
bianmaochongxingfuxie	flagellate diarrhea
bianmaocongxingfuxie	flagellate diarrhea
bianniao	urine and feces
bianpi	strip breakdown
bianshun	prostitute
biansun	prostitute
biantie	strap strip iron
biao	prostitute
biaotilan	title strip
biaotinan	title strip
biaozi	prostitute
biaozi	whore
bie	to hold in (urine)
bijian	rape
bijian	to rape
bimazhi	ricini semen
bimazhi	semen ricini
bimazi	ricini semen
bimazi	semen ricini
binglang	arecae semen
binglang	semen arecae
bingnang	arecae semen
bingnang	semen arecae
binlang	arecae semen
binlang	semen arecae
biyuntao	contraceptive condom
bizhu	pilaster strip
bizhui	shut the fuck up
bizu	pilaster strip
bizui	shut the fuck up
bjdd	boundary strip
bjnjzzs	intracytoplasmic sperm injections
bkm	fig. prostitute
bl	strip
blgz	semen herpetospermi
blsh	prostitute
blt	half-naked
bmcxfx	flagellate diarrhea
bodiao	strip of
bodiao	to strip off
boduo	strip
boduo	strip of
boduo	to strip (sb of his property)
boguang	strip naked
boli	strip
boli	to strip
bolidai	glass strip
boni	strip
boni	to strip
bonidai	glass strip
bopiji	strip machine
boqu	strip
boqu	strip away
boqu	strip of
boxialai	strip sth off
boxianai	strip sth off
bpj	strip machine
bq	erection
bqcs	fuck me
bqcs	fuck-me
bqg	strip to the skin
bszhz	oculo-oral-genital syndrome
btl	title strip
btr	semen amygdalae
buguzhi	semen psoraleae
buguzi	semen psoraleae
buhaoyishi	bum-fuck nowhere
buhaoyisi	bum-fuck nowhere
bwqn	to strip of everything
bwysg	rape
bwysg	to rape
bxl	strip sth off
byt	contraceptive condom
bzs	a death claimed to be a suicide by the authorities
bzs	suicide
caibuyao	fuck no
caicu	strip
caidou	semen phaseoli vulgaris
caifeng	strip
caihua	to enter houses at night in order to rape women
caikai	strip down
caikai	strip-down
caikai	strip-downs
caiyou	rape oil
caiyou	rape oils
caiyou	rape-oil
caiyou	ravison rape oil
caizhibing	rape cake
caizhiyou	rape seed oil
caizhiyou	rape-seed oil
caizhiyou	ravision rape oil
caizibin	rape cake
caizibing	rape cake
caiziyou	rape seed oil
caiziyou	rape-seed oil
caiziyou	ravision rape oil
candou	semen et flos viciae fabae
candou	semen viciae fabae
cangfu	prostitute
cangji	prostitute
cangji	whore
cangjie	the strip
cangnv	prostitute
cangsan	(old) high-class prostitute
cangtiao	strip
canyuliao	residual urine
canyuniao	residual urine
cao	fuck
cao	to fuck (vulgar)
caobi	to fuck (a woman) (vulgar)
caodan	fuck! (vulgar)
caodoukou	alpiniae katsumadai semen
caodoukou	semen alpiniae katsumadai
caolima	fuck your mother (vulgar)
caonima	fuck your mother (vulgar)
caxianban	power strip
cby	fuck no
cdh	strip cartridge
cdk	alpiniae katsumadai semen
cdk	semen alpiniae
cdk	semen alpiniae katsumadai
cdy	opium eating
cdy	opium smoking
cemen	suicide door
cenban	backing strip
cenban	laminated strip
cendian	bearing strip
cengban	laminated strip
cengrenpindao	picasso porn
ceqiancao	semen plantaginis
ceqianzi	semen plantaginis
ceqianzi	semen psyllii
cfz	semen raphani
chai	bridge erection tolerance
chaibuyao	fuck no
chaichu	strip
chaidou	semen phaseoli vulgaris
chaifen	strip
chaifeng	strip
chaihua	to enter houses at night in order to rape women
chaikai	strip down
chaikai	strip-down
chaikai	strip-downs
chaiyou	rape oil
chaiyou	rape oils
chaiyou	rape-oil
chaiyou	ravison rape oil
chaizibing	rape cake
chaiziyou	rape seed oil
chaiziyou	rape-seed oil
chaiziyou	ravision rape oil
chang	prostitute
changfu	prostitute
changji	prostitute
changji	whore
changjie	the strip
changlv	prostitute
changnu	prostitute
changnv	prostitute
changsan	(old) high-class prostitute
changshan	(old) high-class prostitute
changtiao	strip
chanyuniao	residual urine
chaobi	to fuck (a woman) (vulgar)
chaodan	fuck! (vulgar)
chaodoukou	alpiniae katsumadai semen
chaodoukou	semen alpiniae katsumadai
chaonima	fuck your mother (vulgar)
chaxianban	power strip
chemen	suicide door
chemeng	suicide door
chenban	backing strip
chendian	bearing strip
chengban	backing strip
chengban	laminated strip
chengdian	bearing strip
chengrengpindao	picasso porn
chengrenpindao	picasso porn
chengrenpingdao	picasso porn
chenrenpindao	picasso porn
cheqiancao	semen plantaginis
cheqianchao	semen plantaginis
cheqianzhi	semen plantaginis
cheqianzhi	semen psyllii
cheqianzi	semen plantaginis
cheqianzi	semen psyllii
chi	naked
chibaili	carneous diarrhea
chibaini	carneous diarrhea
chidaihe	strip cartridge
chidou	semen phaseoli angplaris
chidou	semen vignae angularis
chiduo	to strip of
chiluo	get naked
chiluo	naked
chiluodewucan	naked lunch
chiluodewuchan	naked lunch
chiluoluo	naked
chiluoluode	bollock naked
chiluoluode	buck naked
chiluoluode	in the nude
chinuo	get naked
chinuo	naked
chinuodewucan	naked lunch
chinuonuo	naked
chinuonuode	bollock naked
chinuonuode	buck naked
chinuonuode	in the nude
chisen	naked
chisenluoti	as naked as i was born
chisenluoti	as naked as i was my mother bore me
chisenluoti	as naked as the day i was born
chisenluoti	naked as i was born
chisenluoti	naked as i was my mother bore me
chisenluoti	naked as the day i was born
chisenluoti	naked as the day i was my mother bore me
chisenluti	as naked as my mother bore me
chisenluti	completely naked
chisenluti	naked as my mother bore me
chisenluti	stark naked
chishen	naked
chisheng	naked
chishengluoti	as naked as i was born
chishengluoti	as naked as i was my mother bore me
chishengluoti	as naked as the day i was born
chishengluoti	naked as i was born
chishengluoti	naked as i was my mother bore me
chishengluoti	naked as the day i was born
chishengluoti	naked as the day i was my mother bore me
chishengluti	as naked as my mother bore me
chishengluti	completely naked
chishengluti	naked as my mother bore me
chishengluti	stark naked
chishenluoti	as naked as i was born
chishenluoti	as naked as i was my mother bore me
chishenluoti	as naked as the day i was born
chishenluoti	naked as i was born
chishenluoti	naked as i was my mother bore me
chishenluoti	naked as the day i was born
chishenluoti	naked as the day i was my mother bore me
chishenluti	as naked as my mother bore me
chishenluti	completely naked
chishenluti	naked as my mother bore me
chishenluti	stark naked
chishennuoti	as naked as i was born
chishennuoti	as naked as i was my mother bore me
chishennuoti	as naked as the day i was born
chishennuoti	naked as i was born
chishennuoti	naked as i was my mother bore me
chishennuoti	naked as the day i was born
chishennuoti	naked as the day i was my mother bore me
chishennuti	as naked as my mother bore me
chishennuti	completely naked
chishennuti	naked as my mother bore me
chishennuti	stark naked
chisi	to commit suicide on the orders of a sovereign (old)
chitiao	magnet strip
chitiao	magnetic strip
chitiaokapian	magnetic strip card
chitiaotiao	as naked as when one was born
chitiaotiao	stark naked
chixiaodou	phaseoli semen
chixiaodou	semen phaseoli
chixiaodou	semen vignae umbellatae
chongliang	(of a prostitute) to marry and leave one's trade
chongxingzuzhuang	re-erection
chongxinzhuzhuang	re-erection
chongxinzuzhuang	re-erection
choudayan	opium eating
choudayan	opium smoking
chuji	underage prostitute
chumairouti	prostitute
chunfu	prostitute
chunsibugua	be stark naked
chunyoucai	spring rape
chunyouchai	spring rape
chuo	fuck
chuo	to fuck (vulgar)
chuqu	strip
chushidai	initial strip
chusidai	initial strip
chusuanzhitiaopian	acetate strip
chuyutongqin	mercy fuck
chuyutongqing	mercy fuck
chuzhong	(of a prostitute) to do an outcall
chuzong	(of a prostitute) to do an outcall
cibaili	carneous diarrhea
cidaihe	strip cartridge
cidou	semen phaseoli angplaris
cidou	semen vignae angularis
ciduo	to strip of
ciluo	get naked
ciluo	naked
ciluodewucan	naked lunch
ciluoluo	naked
ciluoluode	bollock naked
ciluoluode	buck naked
ciluoluode	in the nude
cishen	naked
cishenluoti	as naked as i was born
cishenluoti	as naked as i was my mother bore me
cishenluoti	as naked as the day i was born
cishenluoti	naked as i was born
cishenluoti	naked as i was my mother bore me
cishenluoti	naked as the day i was born
cishenluoti	naked as the day i was my mother bore me
cishenluti	as naked as my mother bore me
cishenluti	completely naked
cishenluti	naked as my mother bore me
cishenluti	stark naked
cishi	to commit suicide on the orders of a sovereign (old)
cisi	to commit suicide on the orders of a sovereign (old)
citiao	magnet strip
citiao	magnetic strip
citiaokapian	magnetic strip card
citiaotiao	as naked as when one was born
citiaotiao	stark naked
cixiaodou	phaseoli semen
cixiaodou	semen phaseoli
cixiaodou	semen vignae umbellatae
cjm	semen cassiae torae
cl	naked
cldwc	naked lunch
cll	naked
clld	bollock naked
clld	buck naked
clld	in the nude
cmrt	prostitute
cn	prostitute
cnm	fuck your mother (vulgar)
congliang	(of a prostitute) to marry and leave one's trade
congniang	(of a prostitute) to marry and leave one's trade
congxinzuzhuang	re-erection
coudayan	opium eating
coudayan	opium smoking
couhua	deform
couhua	deforming
couhua	deforms
cqc	semen plantaginis
cqz	plantaginis semen
cqz	semen plantaginis
cqz	semen psyllii
crpd	picasso porn
csbg	be stark naked
cslt	as naked as i was born
cslt	as naked as i was my mother bore me
cslt	as naked as my mother bore me
cslt	as naked as the day i was born
cslt	completely naked
cslt	naked as i was born
cslt	naked as i was my mother bore me
cslt	naked as my mother bore me
cslt	naked as the day i was born
cslt	naked as the day i was my mother bore me
cslt	stark naked
csztp	acetate strip
ct	strip
ctkp	magnetic strip card
ctt	as naked as when one was born
ctt	stark naked
cuji	underage prostitute
cumairouti	prostitute
cunfu	prostitute
cunshibugua	be stark naked
cunsibugua	be stark naked
cunyoucai	spring rape
cuqu	strip
cushidai	initial strip
cushuanzhitiaopian	acetate strip
cusuanzhitiaopian	acetate strip
cusuanzitiaopian	acetate strip
cuyutongqing	mercy fuck
cuzhong	(of a prostitute) to do an outcall
cxb	power strip
cxzz	re-erection
cyc	spring rape
cyn	residual urine
cytq	mercy fuck
czb	rape cake
czy	rape seed oil
czy	rape-seed oil
dabian	feces
dabianhuatuo	incontinence of feces
dabianshijin	incontinence of the feces
dabianshijing	incontinence of the feces
dabiansijin	incontinence of the feces
dabianzaojie	dry feces
dabianzhaojie	dry feces
dachibo	strip to the waist
dachuo	fuck-off
dachuo	fuck-ups
dacibo	strip to the waist
dacuo	fuck-off
dacuo	fuck-ups
dafengzhi	semen chaulmoograe
dafengzhi	semen hydnocarpi
dafengzhi	semen hydnocarpi anthemintici
dafengzi	semen chaulmoograe
dafengzi	semen hydnocarpi
dafengzi	semen hydnocarpi anthemintici
dafenzi	semen chaulmoograe
dafenzi	semen hydnocarpi
dafenzi	semen hydnocarpi anthemintici
dagong	feces
daguan	instrument of torture used to break limbs
dagukoupaotai	Taku Forts, maritime defense works in Tianjin dating back to the Ming dynasty, playing a prominent role during the Opium Wars (1839-1860)
dagupaotai	Taku Forts, maritime defense works in Tianjin dating back to the Ming dynasty, playing a prominent role during the Opium Wars (1839-1860)
daicai	strip steel rolled stock
daichai	strip steel rolled stock
daigang	sheet strip
daigang	strip steel
daixingquyu	strip region
daixinquyu	strip region
daizhoule	strip sth away
daizhoule	strip sth out
daizhuangde	strip shaped
daizhuangtu	strip-chart
daizhuangxian	strip line
daizhuangzaipei	strip croppings
daizhuangzaipei	strip-farming
daizhuangzaipei	strip-farmings
daizhuangzengdi	strip soil preparation
daizhuangzengdi	strip tillage
daizhuangzhaipei	strip croppings
daizhuangzhaipei	strip-farming
daizhuangzhaipei	strip-farmings
daizhuangzhendi	strip soil preparation
daizhuangzhendi	strip tillage
daizhuangzhengdi	strip soil preparation
daizhuangzhengdi	strip tillage
daizoule	strip sth away
daizoule	strip sth out
daizoune	strip sth away
daizoune	strip sth out
dajiangji	strip engine
dajiaxie	dysenteric diarrhea
damaimi	naked barley
dangfu	prostitute
dangranmeiyou	fuck no
danjieshi	gallivanting
daodan	cham
daodou	semen canavaliae
daogui	guide strip
daogui	guiding strip
daoguodongzhuopian	euphemism for Japanese porn movie
daoguodongzuopian	euphemism for Japanese porn movie
daojudinghuo	ancient instruments of torture
daojudinghuo	fig. torture
daojufuyue	knife, saw, ax and hatchet (idiom); facing torture and execution
daoliao	urine catheterization
daoniao	urine catheterization
datiexian	bonding strip
daxiaobianshijin	incontinence of urine and feces
daxiaobianshijing	incontinence of urine and feces
daxiaobiansijin	incontinence of urine and feces
dayan	opium
dayangui	opium addict
db	feces
dbht	incontinence of feces
dbsj	incontinence of the feces
dbzj	dry feces
dcb	strip to the waist
denchuan	strip lighting
dengchuan	strip lighting
dengcuan	strip lighting
dengguan	strip lamp
denguan	strip lamp
df	prostitute
dgdzp	euphemism for Japanese porn movie
dggp	electrical strip
dgkpt	Taku Forts, maritime defense works in Tianjin dating back to the Ming dynasty, playing a prominent role during the Opium Wars (1839-1860)
dgpt	Taku Forts, maritime defense works in Tianjin dating back to the Ming dynasty, playing a prominent role during the Opium Wars (1839-1860)
dgz	benincasae semen
dgz	semen benincasae
dianban	back-up strip
dianban	backing strip
dianban	backing up strip
dianban	backingup strip
dianban	chill strip
diangonggangpian	electrical strip
dianjuan	sponge rubber strip
dianpian	drive strip
dianpian	filler strip
dianpian	spacer strip
dianquan	sponge rubber strip
dianreshi	heater strip
dianresi	heater strip
dianxing	to torture sb using electricity
dianyingjiaopian	film strip
dianyinjiaopian	film strip
dianyuanban	power strip
diao	fuck
diao	penis
diaodai	hanging strip
diaohuan	erection loop
diaozhuang	hoisting and erection
dingden	strip-light lamp
dingdeng	strip-light lamp
dixuejia	watery diarrhea
djdh	ancient instruments of torture
djdh	fig. torture
djfy	knife, saw, ax and hatchet (idiom); facing torture and execution
djj	strip engine
dls	Durex, a condom brand name
dmm	naked barley
dmr	semen cannabis
dongti	naked body
dongxie	lienteric diarrhea (TCM)
douke	semen cajani
drmy	fuck no
drs	heater strip
dtq	abortion right
dtq	abortion-right
dtq	abortion-rights
dtx	bonding strip
duanjian	suicide
duanyu	eyelid
duanzhiban	terminal strip
duanziban	terminal strip
dubiandou	semen physostigmatis
duizhi	butt-rape
duizi	butt-rape
duotai	abortion
duotai	back-alley abortion
duotai	elective abortion
duotai	pro-abortion
duotai	procuring an abortion
duxingangdai	galvanized steel strip
duxinggangdai	galvanized steel strip
dxbsj	incontinence of urine and feces
dxgd	galvanized steel strip
dxj	watery diarrhea
dxqy	strip region
dyb	power strip
dyg	opium addict
dyjp	film strip
dzd	strip shaped
dzt	strip-chart
dzx	strip line
dzzd	strip soil preparation
dzzd	strip tillage
dzzp	strip croppings
dzzp	strip-farming
dzzp	strip-farmings
erhuan	lyre
ertongseqin	child porn
ertongseqin	child-porn
ertongseqing	child porn
ertongseqing	child-porn
ertongsheqing	child porn
ertongsheqing	child-porn
etsq	child porn
etsq	child-porn
fake	fuck
fake	fuck (loanword)
fanchuiqu	strip extraction
fanchuiqu	strip-extraction
fancuiqu	strip extraction
fancuiqu	strip-extraction
fandu	opium trade
fanghuatiao	antislip strip
fanghulindai	wind forest strip
fanghulingdai	wind forest strip
fanghunindai	wind forest strip
fangkai	get the fuck
fankuxingzemogongyue	UN convention against torture and cruel treatment (ratified by PRC in 1988)
fankuxingzhemogongyue	UN convention against torture and cruel treatment (ratified by PRC in 1988)
fankuxinzhemogongyue	UN convention against torture and cruel treatment (ratified by PRC in 1988)
fanqiangjianzhui	commit rape
fanqiangjianzhui	rape
fanqiangjianzui	commit rape
fanqiangjianzui	rape
fanseqin	anti porn
fanseqin	anti-porn
fanseqing	anti porn
fanseqing	anti-porn
fansheqing	anti porn
fansheqing	anti-porn
fb	feces
fbjc	feces examination
fcq	strip extraction
fcq	strip-extraction
feiganranxinfuxie	noninfectious diarrhea
feiganranxingfuxie	noninfectious diarrhea
feizi	semen torreyae
feizi	torreyae semen
fenbian	feces
fenbianjianca	feces examination
fenbianjiancha	feces examination
fengbian	feces
fengbianjiancha	feces examination
fengedai	demarcation strip
fengedai	dividing strip
fengedai	separation strip
fenggedai	demarcation strip
fenggedai	dividing strip
fenggedai	separation strip
fengkoujiao	base strip
fengtiao	guarantee strip
fengtou	prostitute
fengtou	prostitute (old)
fenkoujiao	base strip
fentiao	guarantee strip
fentou	prostitute
fentou	prostitute (old)
ffgchj	compound opium and glycyrrhiza mixture
fgd	demarcation strip
fgd	dividing strip
fgd	separation strip
fgrxfx	noninfectious diarrhea
fhld	wind forest strip
fht	antislip strip
fk	fuck
fkj	base strip
fkxzmgy	UN convention against torture and cruel treatment (ratified by PRC in 1988)
fqjz	commit rape
fqjz	rape
fsq	anti porn
fsq	anti-porn
ft	prostitute
fufanggancaoheji	compound opium and glycyrrhiza mixture
fufangganchaoheji	compound opium and glycyrrhiza mixture
fuxie	diarrhea
fuyuetanghuo	battle-ax and boiling cauldron (idiom); facing torture and execution
fuzhijiqiao	vagina musculi recti abdodminis
fuzijiqiao	vagina musculi recti abdodminis
fx	diarrhea
fyth	battle-ax and boiling cauldron (idiom); facing torture and execution
fzjq	vagina musculi recti abdodminis
gaiban	covering strip
gangdai	steel strip
gangjuan	coil of strip
ganguangpian	sensitometric strip
ganjiliangxie	malnutritional diarrhea
ganjiniangxie	malnutritional diarrhea
ganlanhe	semen canarii album
ganlanxingyoucai	cabbage type rape
ganlanxingyoucai	swede type rape
ganlanxingyouchai	cabbage type rape
ganlanxingyouchai	swede type rape
ganlanxinyoucai	cabbage type rape
ganlanxinyoucai	swede type rape
gannanhe	semen canarii album
gannanxingyoucai	cabbage type rape
gannanxingyoucai	swede type rape
ganranxinfuxie	infectious diarrhea
ganranxinfuxie	infective diarrhea
ganranxingfuxie	infectious diarrhea
ganranxingfuxie	infective diarrhea
ganshidui	suicide squad
gansidui	suicide squad
gao	testicle
gaocao	an orgasm
gaocao	orgasm
gaocao	screaming orgasm
gaochao	an orgasm
gaochao	screaming orgasm
gaohuai	fuck ups
gaowan	testicle
gaowanai	cancer of testicle
gaowanfayubuquan	testicle hyperplasy
gaowanfayubuquan	testicle insuffiency
gaowanjiehe	testicle tuberculosis
gaowanjishu	testicle hormone
gaowanjisu	testicle hormone
gaowanlangzhong	testicle cyst
gaowanliuzhuan	torsion of testicle
gaowannangzhong	testicle cyst
gaowannangzong	testicle cyst
gaowanniuzhuan	torsion of testicle
gaowanniuzuan	torsion of testicle
gaowanweijiang	retained testicle
gaowanweijiang	undesceaded testicle
gaowanweijiang	undescended testicle
gaowanzhongda	testicle swelling
gaowanzhongliu	testicle tumor
gaowanzhongliu	tumor of testicle
gaowanzhongniu	testicle tumor
gaowanzhongniu	tumor of testicle
gaowanzongda	testicle swelling
gaowanzongliu	testicle tumor
gaowanzongliu	tumor of testicle
gaoza	fuck it up
gaozao	fuck ups
gaozha	fuck it up
gaozhao	fuck ups
gbz	strip to the waist
gc	orgasm
gdz	Fuck off!
gechu	genital mutilation
gecu	genital mutilation
geli	genital mutilation
gelidai	isolation strip
geng	strip of high ground
gengzhi	strip of high ground
gengzi	strip of high ground
genidai	isolation strip
genzi	strip of high ground
gequmincheng	fuck you bitch
gequmingceng	fuck you bitch
gequmingchen	fuck you bitch
gequmingcheng	fuck you bitch
gg	naked
ggp	sensitometric strip
ggy	suicide tourism
gjnx	malnutritional diarrhea
glj	strip feed mill
glj	strip feeder
glxyc	cabbage type rape
glxyc	swede type rape
gongcang	public prostitute
gongchang	public prostitute
gongliaoji	strip feed mill
gongliaoji	strip feeder
gongniaoji	strip feed mill
gongniaoji	strip feeder
gpg	butt naked
gpg	butt-naked
gqmc	fuck you bitch
grxfx	infectious diarrhea
grxfx	infective diarrhea
gsd	suicide squad
gtn	fuck that shit
guadai	clip strip
gualou	fructus et semen trichosanthis kirilowii
gualouzhi	semen trichosanthis kirilowii
gualouzi	semen trichosanthis kirilowii
guangbangzhi	strip to the waist
guangbangzi	strip to the waist
guangdai	light strip
guangdai	strip lighting
guangguang	naked
guangpigu	butt naked
guangpigu	butt-naked
guangtiao	optical strip
guanguangye	suicide tourism
guangze	naked
guangzhe	naked
guanou	fructus et semen trichosanthis kirilowii
guanouzi	semen trichosanthis kirilowii
guantale	fuck that shit
guantane	fuck that shit
guihun	fuck
guitou	caput penis
guitou	head of penis
guitou	plans penis
gundan	fuck off
gunduzhi	Fuck off!
gunduzi	Fuck off!
gunkai	fuck away
gunkai	fuck off (rude)
guojiao	long strip of cloth used for foot-binding
guozhong	to fuck someone
guozong	to fuck someone
gw	testicle
gwa	cancer of testicle
gwfybq	testicle hyperplasy
gwfybq	testicle insuffiency
gwjh	testicle tuberculosis
gwjs	testicle hormone
gwnz	testicle cyst
gwnz	torsion of testicle
gwr	semen trichosanthis
gwwj	retained testicle
gwwj	undesceaded testicle
gwwj	undescended testicle
gwzd	testicle swelling
gwzl	testicle tumor
gwzl	tumor of testicle
gxt	genital hamule
gxt	genital hook
hahaer	suicide
haigousen	ursine seal's penis and teste
haigoushen	ursine seal's penis and teste
haigousheng	ursine seal's penis and teste
haihongdou	semen adenantherae pavoninae
haimianti	erectile tissue (genital)
hangxian	navigation strip
hangxiantu	strip plot
hangyang	torture instrument
hangyangdaoju	torture instrument
hantiao	solder strip
haobuzaihu	not care a tinker's fuck
haobuzaihu	not give a tinker's fuck
haobuzhaihu	not care a tinker's fuck
haobuzhaihu	not give a tinker's fuck
hbk	chinese naked oat fruit
hbzh	not care a tinker's fuck
hbzh	not give a tinker's fuck
hddxy	the Emperor's new clothes (i.e. naked)
hebengke	chinese naked oat fruit
hebenke	chinese naked oat fruit
hegou	narrow strip of water
heizhima	semen sesami
heizhima	semen sesami nigri
heizhima	semen sesami nigrum
heizhima	sesami semen nigrum
heizima	semen sesami
heizima	semen sesami nigri
heizima	semen sesami nigrum
heizima	sesami semen nigrum
hengtiao	horizontal strip
hentiao	horizontal strip
hgb	penis otariae
hgs	ursine seal testes and penis
hgs	ursine seal's testes and penis
hhe	suicide
hlz	semen lagenariae sicerariae
hmt	erectile tissue (genital)
hmz	semen lini
hongdou	semen ormosiae semicastratae
hongxingzhiwang	suicide kings
hongxinzhiwang	suicide kings
hongxinziwang	suicide kings
hrm	fuck with people
hrz	bunny fuck
hsbd	fuck yous
hssk	porn
htr	juglandis semen
htr	semen juglandis
htr	semen juplandis
huaban	contact strip
huaban	wearing strip
huairengmeng	fuck with people
huairenmen	fuck with people
huamin	professional name of a prostitute
huaming	professional name of a prostitute
huangdidexingyi	the Emperor's new clothes (i.e. naked)
huangdidexinyi	the Emperor's new clothes (i.e. naked)
huangseshukan	porn
huangsesukan	porn
huangsheshukan	porn
huangtongdai	brass strip
huangyu	naked carp
huanxindai	endless strip
huanxingdai	endless strip
huatai	threatened abortion
huaxiang	presentment
huaxindao	taxi strip
huaxingdao	taxi strip
hubian	tiger testes and penis
huizhang	flash
hulao	fuck sb around
huluba	semen trigonellae
hunao	fuck sb around
hundan	fuck yous
hunrizhi	bunny fuck
hunrizi	bunny fuck
hunuba	semen trigonellae
hunxiaozhi	fuck boy
hunxiaozi	fuck boy
hushuobadao	fuck yous
husuobadao	fuck yous
hxt	strip plot
hxz	fuck boy
hxzw	suicide kings
hyb	ano-genital
hydj	torture instrument
hyq	vagina mucosa
hzm	semen sesami
hzm	semen sesami nigri
hzm	semen sesami nigrum
hzm	sesami semen nigrum
ja	to torture
ja	torture
jb	penis
jbl	diarrhea alba
jbl	white diarrhea of chicks
jcp	contact strip
jdmq	vagina carotica fasciae cervicalis
jds	modern history (for China, from the Opium Wars until the fall of the Qing Dynasty, i.e. mid-19th to early 20th century)
jfd	integral strip
jfm	Garfield (comic strip cat created by Jim Davis)
jgh	flos et semen celosiae
jgt	spacing strip
jhjz	oligopyrene sperm
jhny	alkalized urine
jiaban	fitting strip
jiaban	vise (as torture instrument)
jiafeimao	Garfield (comic strip cat created by Jim Davis)
jiagun	leg vise (torture instrument)
jialiaozengduo	potassium urine increased
jianao	to torture
jianao	torture
jiangdou	semen vignae unguiculatae
jiangetiao	spacing strip
jianhejingzhi	oligopyrene sperm
jianhejingzi	oligopyrene sperm
jianhejinzi	oligopyrene sperm
jianhualiaoye	alkalized urine
jianhuaniaoye	alkalized urine
jianiaozenduo	potassium urine increased
jianiaozengduo	potassium urine increased
jianiaozhengduo	potassium urine increased
jianli	erection
jianni	erection
jianpizhixie	invigorate the spleen to arrest diarrhea
jianpizixie	invigorate the spleen to arrest diarrhea
jianqiao	vagina tendinis
jiansa	to rape and murder
jiansha	to rape and murder
jianshudai	deceleration strip
jiansu	rape
jiansu	to rape
jiansudai	deceleration strip
jianwu	rape
jianwu	to rape
jianyijicang	strip
jianyijichang	strip
jianyin	ass-rape
jianyin	rape
jianying	ass-rape
jianying	rape
jianzao	erection
jianzhao	erection
jianzhuangde	lustful
jianzhuwu	erection
jianzuwu	erection
jiaoji	(slang) (Cantonese) to visit a prostitute
jiaoji	high-class prostitute
jiaotiao	strip compound
jiaqiangjin	stop-off strip
jiaqiangjing	stop-off strip
jiaqiao	bridge erection
jiasadidai	Gaza strip
jiasazhoulang	gaza strip
jiasazoulang	gaza strip
jiasazounang	gaza strip
jiashadidai	Gaza strip
jiashazoulang	gaza strip
jiaxingliaoshijin	pseudo incontinence of urine
jiaxingliaoshijin	pseudo-incontinence of urine
jiaxingniaoshijin	pseudo incontinence of urine
jiaxingniaoshijin	pseudo-incontinence of urine
jiaxingniaoshijing	pseudo incontinence of urine
jiaxingniaoshijing	pseudo-incontinence of urine
jiaxingniaosijin	pseudo incontinence of urine
jiaxingniaosijin	pseudo-incontinence of urine
jiaxinniaoshijin	pseudo incontinence of urine
jiaxinniaoshijin	pseudo-incontinence of urine
jibai	to fuck around with
jibaili	diarrhea alba
jibaili	white diarrhea of chicks
jibaini	diarrhea alba
jibaini	white diarrhea of chicks
jiechupian	contact strip
jiecupian	contact strip
jiekouban	demarcation strip
jietijianca	strip inspection
jietijiancha	strip inspection
jiexianban	terminal strip
jiexianxiang	terminal strip
jiezi	semen brassicae junceae
jiezi	semen sinapis
jifendai	integral strip
jifengdai	integral strip
jiguanhua	flos et semen celosiae
jiji	penis
jiji	penis (childish)
jiliaodai	urine drainage bag
jiludai	recording strip
jilv	prostitute
jilv	whore
jindai	(in the context of Chinese history) the period from the Opium Wars until the May 4th Movement (mid-19th century to 1919)
jindaishi	modern history (for China, from the Opium Wars until the fall of the Qing Dynasty, i.e. mid-19th to early 20th century)
jindaisi	modern history (for China, from the Opium Wars until the fall of the Qing Dynasty, i.e. mid-19th to early 20th century)
jindu	prohibition of opium
jing	semen
jing	sperm
jingdai	(in the context of Chinese history) the period from the Opium Wars until the May 4th Movement (mid-19th century to 1919)
jingdaishi	modern history (for China, from the Opium Wars until the fall of the Qing Dynasty, i.e. mid-19th to early 20th century)
jinglang	sperm bladder
jingluanjiehe	egg sperm binding
jingluanjiehe	egg-sperm binding
jingluanjiehe	sperm egg binding
jingluanjiehe	sperm egg fusion
jingluanjiehe	sperm-egg binding
jingluanjiehe	sperm-egg fusion
jingluanronghe	egg sperm fusion
jingluanronghe	egg-sperm fusion
jingluanxianghuzhuo	sperm egg interaction
jingluanxianghuzuo	sperm egg interaction
jingmi	semen oryzae sativae
jingmuxibao	sperm mather cell
jingmuxibao	sperm mother cell
jingnang	sperm bladder
jingnuanjiehe	egg sperm binding
jingnuanjiehe	egg-sperm binding
jingnuanjiehe	sperm egg binding
jingnuanjiehe	sperm egg fusion
jingnuanjiehe	sperm-egg binding
jingnuanjiehe	sperm-egg fusion
jingnuanronghe	egg sperm fusion
jingnuanronghe	egg-sperm fusion
jingnuanxianghuzhuo	sperm egg interaction
jingqu	genital areas
jingshupian	metallic strip
jingshutiao	metal strip
jingshutiao	strip metal
jingxibao	sperm cell
jingye	sperm
jingye	sperma semen
jingyelengdong	sperm storage
jingyeliang	sperm volume
jingyenengdong	sperm storage
jingyeniang	sperm volume
jingyou	sperm oil
jingyou	sperm oils
jingzhibianmao	sperm flagellum
jingzhifasheng	sperm formation
jingzhihuodongli	motility of sperm
jingzhihuoli	sperm activity
jingzhihuoli	sperm motility
jingzhihuoli	sperm viability
jingzhihuoneng	capacitation of sperm
jingzhihuoneng	sperm capacitation
jingzhijishu	sperm count
jingzhijishu	sperm counts
jingzhiku	sperm bank
jingzhiku	sperm banks
jingzhiku	sperm-bank
jingzhiku	sperm-banks
jingzhimidu	sperm count
jingzhimidu	sperm density
jingzhinang	sperm sac
jingzhiningjisu	sperm agglutinin
jingzhiningjisu	sperm-agglutinin
jingzhishouti	sperm-receptor
jingzhishu	number of sperm
jingzhishu	sperm number
jingzhiyichang	sperm abnormality
jingzi	semen
jingzi	sperm
jingzibianmao	sperm flagellum
jingzifaseng	sperm formation
jingzifashen	sperm formation
jingzifasheng	sperm formation
jingzihuodongli	motility of sperm
jingzihuodongni	motility of sperm
jingzihuoleng	capacitation of sperm
jingzihuoleng	sperm capacitation
jingzihuoli	sperm activity
jingzihuoli	sperm motility
jingzihuoli	sperm viability
jingzihuonen	capacitation of sperm
jingzihuonen	sperm capacitation
jingzihuoneng	capacitation of sperm
jingzihuoneng	sperm capacitation
jingzihuoni	sperm activity
jingzihuoni	sperm motility
jingzihuoni	sperm viability
jingzijishu	sperm count
jingzijishu	sperm counts
jingzijisu	sperm count
jingzijisu	sperm counts
jingziku	sperm bank
jingziku	sperm banks
jingziku	sperm-bank
jingziku	sperm-banks
jingzilang	sperm sac
jingzilingjisu	sperm agglutinin
jingzilingjisu	sperm-agglutinin
jingzimidu	sperm count
jingzimidu	sperm density
jingzinang	sperm sac
jingziningjishu	sperm agglutinin
jingziningjishu	sperm-agglutinin
jingziningjisu	sperm agglutinin
jingziningjisu	sperm-agglutinin
jingzishouti	sperm-receptor
jingzishu	number of sperm
jingzishu	sperm number
jingzisouti	sperm-receptor
jingzisu	number of sperm
jingzisu	sperm number
jingziyicang	sperm abnormality
jingziyichang	sperm abnormality
jiniaodai	urine drainage bag
jinluanjiehe	egg sperm binding
jinluanjiehe	egg-sperm binding
jinluanjiehe	sperm egg binding
jinluanjiehe	sperm egg fusion
jinluanjiehe	sperm-egg binding
jinluanjiehe	sperm-egg fusion
jinluanronghe	egg sperm fusion
jinluanronghe	egg-sperm fusion
jinluanxianghuzhuo	sperm egg interaction
jinmi	semen oryzae sativae
jinmuxibao	sperm mather cell
jinmuxibao	sperm mother cell
jinnang	sperm bladder
jinqu	genital areas
jinshupian	metallic strip
jinshutiao	metal strip
jinshutiao	strip metal
jinsuo	genital cord
jinsupian	metallic strip
jinsutiao	metal strip
jinsutiao	strip metal
jinudai	recording strip
jinv	prostitute
jinv	whore
jinxibao	sperm cell
jinyan	prohibition on opium (esp. in China from 1729)
jinye	semen
jinye	sperm
jinye	sperma semen
jinyelengdong	sperm storage
jinyeliang	sperm volume
jinyou	sperm oil
jinyou	sperm oils
jinzibianmao	sperm flagellum
jinzifasheng	sperm formation
jinzihuodongli	motility of sperm
jinzihuoli	sperm activity
jinzihuoli	sperm motility
jinzihuoli	sperm viability
jinzihuoneng	capacitation of sperm
jinzihuoneng	sperm capacitation
jinzijishu	sperm count
jinzijishu	sperm counts
jinziku	sperm bank
jinziku	sperm banks
jinziku	sperm-bank
jinziku	sperm-banks
jinzimidu	sperm count
jinzimidu	sperm density
jinzinang	sperm sac
jinzininjisu	sperm agglutinin
jinzininjisu	sperm-agglutinin
jinzishouti	sperm-receptor
jinzishu	number of sperm
jinzishu	sperm number
jinziyichang	sperm abnormality
jipo	prostitute
jirexiexie	pyretic diarrhea
jisache	left a strip
jishace	left a strip
jishache	left a strip
jitiqiangjian	gang rape
jiucaizhi	semen allii tuberosi
jiucaizi	semen allii tuberosi
jiuchaizi	semen allii tuberosi
jiujiwugengxiexie	alcoholic morning diarrhea
jiujiwugenxiexie	alcoholic morning diarrhea
jiujixie	alcoholic diarrhea
jiuxiebuzhi	chronic diarrhea
jiuxiebuzi	chronic diarrhea
jixinfuxie	acute diarrhea
jixingfuxie	acute diarrhea
jixingjingzhi	abnormal sperm
jixingjingzhi	defective sperm
jixingjingzi	abnormal sperm
jixingjingzi	defective sperm
jixingliaozhuliu	acute retention of urine
jixingniaozhuliu	acute retention of urine
jixingniaozhuniu	acute retention of urine
jixingniaozuliu	acute retention of urine
jixingzhi	semen impatientis
jixingzi	semen impatientis
jixinjinzi	abnormal sperm
jixinjinzi	defective sperm
jixinniaozhuliu	acute retention of urine
jixinzi	semen impatientis
jiyuan	whore-house
jiyuan	whore-houses
jizhixiexie	dyspeptic diarrhea
jizixiexie	dyspeptic diarrhea
jjwgxx	alcoholic morning diarrhea
jkb	demarcation strip
jlgj	erection reinforcement
jljh	egg sperm binding
jljh	egg-sperm binding
jljh	sperm egg binding
jljh	sperm egg fusion
jljh	sperm-egg binding
jljh	sperm-egg fusion
jlrh	egg sperm fusion
jlrh	egg-sperm fusion
jlxhz	sperm egg interaction
jms	suicide note
jmxb	sperm mather cell
jmxb	sperm mother cell
jmz	cassiae semen
jmz	semen cassiae
jmz	semen cassiae obtusifoliae
jn	prostitute
jnzd	potassium urine increased
jp	prostitute
jpzx	invigorate the spleen to arrest diarrhea
jqj	bridge girder erection machine
jqj	bridge-erection crane
jqj	stop-off strip
jrxx	pyretic diarrhea
jsc	left a strip
jsdd	Gaza strip
jsp	metallic strip
jszl	gaza strip
jtj	sperm whale
jtjc	strip inspection
jtm	Semen euryales (botany)
jtq	vagina processus styloidei
jtq	vagina processus styloidis
jtqj	gang rape
juanjin	sperm donation
juanjing	sperm donation
judade	massie
juebu	fuck-all
juefei	fuck all
juemin	to commit suicide
jueming	to commit suicide
juemingshu	suicide note
juemingsu	suicide note
juemingzhi	cassiae semen
juemingzhi	semen cassiae
juemingzhi	semen cassiae obtusifoliae
juemingzi	cassiae semen
juemingzi	semen cassiae
juemingzi	semen cassiae obtusifoliae
jueminshu	suicide note
jueminzi	cassiae semen
jueminzi	semen cassiae
jueminzi	semen cassiae obtusifoliae
juewu	fuck alls
jueyu	genital sterilization
jueyuandai	electric insulating strip
jueyuandai	insulating strip
jueyuandai	insulation strip
juhe	semen citri reticulatae
juke	nude stem groundsel herb
junji	military prostitute
jutoujin	sperm whale
jutoujing	sperm whale
jw	rape
jxbz	chronic diarrhea
jxfx	acute diarrhea
jxjz	abnormal sperm
jxjz	defective sperm
jxnsj	pseudo incontinence of urine
jxnsj	pseudo-incontinence of urine
jxnzl	acute retention of urine
jxx	terminal strip
jxxx	diarrhea associated with menstruation
jyfx	analysis of semen
jyfx	semen analysis
jyjc	examination of semen
jyjc	semen examination
jyjc	semen measurement
jyjc	strip
jyld	deep freezing of semen
jyld	freezing of semen
jyld	sperm storage
jzbm	sperm flagellum
jzfs	sperm formation
jzhdl	motility of sperm
jzhl	sperm activity
jzhl	sperm motility
jzhl	sperm viability
jzhn	capacitation of sperm
jzhn	sperm capacitation
jzjs	sperm count
jzjs	sperm counts
jzk	sperm bank
jzk	sperm banks
jzk	sperm-bank
jzk	sperm-banks
jzmd	sperm count
jzmd	sperm density
jzn	sperm sac
jznjs	sperm agglutinin
jznjs	sperm-agglutinin
jzs	number of sperm
jzs	sperm number
jzst	sperm-receptor
jzw	erection
jzxx	dyspeptic diarrhea
jzyc	sperm abnormality
kafeidou	semen coffeae arabicae
kaishidai	casparian strip
kaisidai	casparian strip
kaixingguo	semen pistaciae verae
kaixinguo	semen pistaciae verae
kangboluo	anti strip
kangboluo	anti-strip
kangbonuo	anti strip
kangbonuo	anti-strip
kangjingzhikangti	anti sperm antibody
kangjingzhikangti	anti-sperm antibody
kangjingzikangti	anti sperm antibody
kangjingzikangti	anti-sperm antibody
kangjinzikangti	anti sperm antibody
kangjinzikangti	anti-sperm antibody
kao	fuck
kao	to examine under torture
kao	to fuck (vulgar)
kaoda	to torture
kaoda	torture
kaoda	torture'
kaolue	to torture
kaolue	torture
kaolve	to torture
kaolve	torture
kaonve	to torture
kaonve	torture
kaowen	judicial torture
kaowen	to question via torture
kaowen	torture
kaowen	torture'
kaoweng	judicial torture
kaoweng	to question via torture
kaoweng	torture
kaoweng	torture'
kaowengshi	torture chambers
kaowenshi	torture chambers
kaowensi	torture chambers
kapuliweididai	caprivi strip
kapuniweididai	caprivi strip
kbl	anti strip
kbl	anti-strip
kd	condom
kekedou	cacao semen
kekedou	semen theobromatis
keluo	quero
kenggouyequyangzhitiao	filter paper strip
kengouyequyangzhitiao	filter paper strip
kengouyequyangzitiao	filter paper strip
kenuo	quero
kfd	semen coffeae arabicae
kgyqyzt	filter paper strip
kjm	vagina femoris
kjzkt	anti sperm antibody
kjzkt	anti-sperm antibody
koufu	ketamine
kouyanxinfuxie	cochin china diarrhea
kouyanxinfuxie	cochin-china diarrhea
kouyanxinfuxie	sprue diarrhea
kouyanxingfuxie	cochin china diarrhea
kouyanxingfuxie	cochin-china diarrhea
kouyanxingfuxie	sprue diarrhea
kplwdd	caprivi strip
kuojingmo	vagina femoris
kuojinmo	vagina femoris
kuxin	cruel torture
kuxin	self-torture
kuxin	torture
kuxin	torture'
kuxing	cruel torture
kuxing	self-torture
kuxing	torture
kuxing	torture'
kuxingren	semen armeniacae
kuxingren	semen armeniacae amara
kuxingren	semen armeniacae amarae
kuxingren	semen armeniacae amarum
kuxingreng	semen armeniacae
kuxingreng	semen armeniacae amara
kuxingreng	semen armeniacae amarae
kuxingreng	semen armeniacae amarum
kuxingzemo	torture and cruel treatment
kuxingzhemo	torture and cruel treatment
kuxingzhui	crime of torture
kuxingzui	crime of torture
kuxinren	semen armeniacae
kuxinren	semen armeniacae amara
kuxinren	semen armeniacae amarae
kuxinren	semen armeniacae amarum
kuxinzhemo	torture and cruel treatment
kuxinzui	crime of torture
kuxiu	self-torture
kws	torture chambers
kx	torture
kxg	semen pistaciae verae
kxr	semen armeniacae
kxr	semen armeniacae amara
kxr	semen armeniacae amarae
kxr	semen armeniacae amarum
kxz	crime of torture
kxzm	torture and cruel treatment
kyxfx	cochin china diarrhea
kyxfx	cochin-china diarrhea
kyxfx	sprue diarrhea
laduzhi	(coll.) to have diarrhea
laduzi	(coll.) to have diarrhea
laifuzhi	semen raphani sativi
laifuzi	semen raphani sativi
lakai	pull-strip
lalian	lock strip
langfeishijian	fuck the dog
langfeishijian	to fuck around
langfeisijian	fuck the dog
langfeisijian	to fuck around
languazi	semen cucurbita
languazi	semen cucurbitae
languazi	semen cucurbitae moschatae
lanji	male prostitute
lanji	whore
lanjingdatusha	rape of nanking
lanjingtiaoyue	Treaty of Nanjing (1842) that concluded the First Opium War between Qing China and Britain
lanmei	semen trigonellae
lanren	semen terminaliae catappae
lanreng	semen terminaliae catappae
laoduzi	(coll.) to have diarrhea
laoshiqu	rumble strip
latiao	lashing strip
laxi	(coll.) to have diarrhea
lazou	strip
lcl	abortion rate
lcl	abortion ratio
lcl	rate of abortion
ldl	naked cable
ldz	(coll.) to have diarrhea
le	(slang) penis
le	penis
leitiao	rib strip
leiyuanxianchongbin	cochin china diarrhea
leiyuanxianchongbin	cochin-china diarrhea
leiyuanxianchongbing	cochin china diarrhea
leiyuanxianchongbing	cochin-china diarrhea
leiyuanxiancongbing	cochin china diarrhea
leiyuanxiancongbing	cochin-china diarrhea
lfsj	fuck the dog
lfsj	to fuck around
lfz	raphani semen
lfz	semen raphani
lfz	semen raphani sativi
lht	comic strip
liangxipi	(dialect) fuck!
liangxuezhili	cooling blood to stop diarrhea
liangxuezili	cooling blood to stop diarrhea
lianhedai	adhesive strip
lianhuantu	comic strip
lianjiepian	connecting strip
lianjietiao	bond strip
lianjietiao	bonding strip
lianjietiao	connecting strip
lianzhi	nelumbinis semen
lianzhi	semen nelumbinis
lianzhu	footjob
lianzi	nelumbinis semen
lianzi	semen nelumbinis
lianzu	footjob
liao	penis
liaobeng	profuse urine
liaobi	retention of urine
liaobi	sappression of urine
liaobi	suppression of urine
liaobi	urine suppression
liaobizhong	specific gravity of urine
liaobizhong	urine specific gravity
liaodanhongsu	urine bilirubin
liaodansuyuan	urine urobilinogen
liaodaohaimiantiqiang	cavernae corporis spongiosi penis
liaodianfenmei	amylase in urine
liaodianfenmei	urine amylase
liaoerchafenanceding	urine catecholamine determination
liaohouyuli	dribble of urine
liaohu	urine bottle
liaojimei	urine plasminogen activator
liaoliang	urine output
liaoliang	urine volume
liaoliugaidaoshu	diversion of urine
liaolongsuoshiyan	urine concentration test
liaolongsuoshiyan	urine concentration test letter
liaopaichuliang	urine output
liaopeiyang	urine culture
liaopin	frequency of urine
liaorenshenshiyan	urine pregnancy test
liaosanbeishiyan	urine threeglass test
liaose	color of urine
liaose	urine color
liaoshentouya	osmotic pressure of urine
liaoshentouya	urine osmotic pressure
liaotang	glucose in urine
liaotang	urine glucose
liaotang	urine sugar
liaotangdingxingshiyan	qualitative test for glucose in urine
liaotongti	urine acetone bodies
liaowaishen	extravasation of urine
liaoxingfushui	urine ascites
liaoyang	urine
liaoyang	urine sample
liaoyaolongdu	urine drug level
liaoye	urine
liaoyichang	urine abnormal
liaozhuliu	retention of urine
liaozhuliu	urine retention
lideshouzhi	fuck-you finger
lidou	semen mucunae sempervirentis
liji	diarrhea
lingsuanyanniao	phosphate urine
lingzexu	Lin Zexu or Lin Tse-hsu "Commissioner Lin" (1785-1850), Qing official whose anti-opium activities led to first Opium war with Britain 1840-1842
linshuanyanniao	phosphate urine
linsuanyanliao	phosphate urine
linsuanyanniao	phosphate urine
linzexu	Lin Zexu or Lin Tse-hsu "Commissioner Lin" (1785-1850), Qing official whose anti-opium activities led to first Opium war with Britain 1840-1842
linzhexu	Lin Zexu or Lin Tse-hsu "Commissioner Lin" (1785-1850), Qing official whose anti-opium activities led to first Opium war with Britain 1840-1842
liqingwa	strip slate
liqinwa	strip slate
litamade	fuck you
liubian	bull's penis (served as food)
liubian	ox penis and testes
liubian	penis et testis bovis
liucan	abortion
liucan	elective abortion
liuchan	abortion
liuchan	elective abortion
liuke	penis et testis bovis
liuyueke	new york strip
liyong	fuck
ljp	connecting strip
ljt	bond strip
ljt	bonding strip
ljt	connecting strip
ll	naked
lmk	naked short selling
lmk	naked short-selling
lmk	naked shorting
longbi	disuria and urine retention
longbi	illness having to do with obstruction of urine flow
longbi	retention of urine
louliao	leakage of urine
louniao	leakage of urine
louti	naked
lqw	strip slate
lsyn	phosphate urine
lt	naked
lth	nude
lth	nude painting
ltk	strip mine
ltk	strip mines
ltk	strip ours
ltk	strip-mines
ltkc	strip mining
ltkc	strip minings
ltkc	strip-mine
ltkc	strip-mined
ltkc	strip-minings
ltkg	strip miner
ltw	naked dance
luan	(old) penis
luan	penis
luanlong	fuck about with
luannong	fuck about with
lubian	deer penis and testes
lubian	penis cervi
lubian	penis et testis cervi
ludou	semen phaseoli
ludou	semen vignae radiatae
lueduo	rape
lunbao	to gang rape
lunjian	gang rape
lunjian	gang-rape
lunjian	pack rape
lunjian	to gang rape
luo	naked
luoben	nude run
luoben	nude runs
luoben	to streak (run naked)
luobeng	nude run
luobeng	nude runs
luobeng	to streak (run naked)
luobotiao	preserved radish strip
luoceng	to become naked
luochen	to become naked
luocheng	to become naked
luodianlan	naked cable
luoguan	naked pipe
luohun	lit. naked wedding
luohun	naked marriage
luoji	naked machine
luoli	naked carp
luolu	naked
luolv	naked lady
luolv	naked-lady
luomaikong	naked short selling
luomaikong	naked short-selling
luomaikong	naked shorting
luomo	nude model
luonu	naked lady
luonu	naked-lady
luonv	naked lady
luonv	naked-lady
luosen	naked-tailed
luoshen	naked-tailed
luosheng	naked-tailed
luoshi	naked eyes
luoshi	naked-eyes
luoshu	naked mole rat
luoshu	naked mole rats
luoshu	naked mouse
luoshu	nude mice
luosu	naked mole rat
luosu	naked mole rats
luosu	naked mouse
luosu	nude mice
luotan	naked
luoti	body double (in nude scenes)
luoti	get naked
luoti	naked
luoti	nude
luoti	strip-jack-naked
luoti	the nude
luotihua	nude
luotihua	nude painting
luotiwu	naked dance
luoxi	nude scene (in a movie)
luoxiang	nude
luoxiang	nude (painting, sculpture etc)
luoyan	naked eye
luoyan	naked-eye
luoyanshili	naked vision
luoyanshili	naked visual acuity
luoyanshili	visible to the naked eye
luoyanshu	naked mole rat
luoyansili	naked vision
luoyansili	naked visual acuity
luoyansili	visible to the naked eye
luoyansu	naked mole rat
luoyuanzhi	nude atom
luoyuanzi	nude atom
luozao	nude photograph
luozhao	nude photograph
luozhuang	in nude
lupian	aluminium strip
lutan	naked
lutiankaicai	strip mining
lutiankaicai	strip minings
lutiankaicai	strip-mine
lutiankaicai	strip-mined
lutiankaicai	strip-minings
lutiankaichai	strip mining
lutiankaichai	strip minings
lutiankaichai	strip-mine
lutiankaichai	strip-mined
lutiankaichai	strip-minings
lutiankuang	strip mine
lutiankuang	strip mines
lutiankuang	strip ours
lutiankuang	strip-mines
lutiankuanggong	strip miner
lutiao	aluminum strip
luyindai	recorder strip
luyingdai	recorder strip
lvdou	semen phaseoli
lvdou	semen vignae radiatae
lvedai	torture
lvedaiertong	torture of children
lveduo	rape
lvesha	torture-murder
lvpian	aluminium strip
lvtiao	aluminum strip
lvtisheng	nyotaimori or "body sushi", Japanese practice of serving sushi on the body of a naked woman
lxzl	cooling blood to stop diarrhea
lyd	recorder strip
lysl	naked vision
lysl	naked visual acuity
lysl	visible to the naked eye
lyxcb	cochin china diarrhea
lyxcb	cochin-china diarrhea
lyz	nude atom
lz	penis
lzh	semen litchi
lzx	Lin Zexu or Lin Tse-hsu "Commissioner Lin" (1785-1850), Qing official whose anti-opium activities led to first Opium war with Britain 1840-1842
mabinglang	semen capparis masaikai
mabingnang	semen capparis masaikai
mabinlang	semen capparis masaikai
mafan	quero
maidongbuwendingdai	pulsation instability strip
maidongbuwengdingdai	pulsation instability strip
maisen	prostitute
maisen	to prostitute oneself
maishen	prostitute
maishen	to prostitute oneself
maisheng	prostitute
maisheng	to prostitute oneself
maixiao	to prostitute oneself
maiyin	prostitute
maiyin	prostitute oneself
maiyin	to prostitute oneself
maiyin	whore
maiyinde	prostitute
maiying	prostitute
maiying	prostitute oneself
maiying	to prostitute oneself
maiying	whore
maiyingde	prostitute
make	donkeg penis and testes
malagebazhi	fuck!
malagebazi	fuck!
malegebazhi	fuck!
malegebazi	fuck!
managebazi	fuck!
manegebazi	fuck!
manxinfuxie	chronic diarrhea
manxingfuxie	chronic diarrhea
maomaoqiu	porn
maoshikafei	kopi luwak or civet coffee, made from coffee beans plucked from Asian palm civet's feces
maosikafei	kopi luwak or civet coffee, made from coffee beans plucked from Asian palm civet's feces
maqianzhi	semen strychni
maqianzi	semen strychni
matou	pierpont
mazhuiji	opium
mazuiji	opium
mbd	naked
mbwsd	mobius strip
mbwsd	moebius strip
mbz	semen momordicae
mbz	to commit suicide
mdbwdd	pulsation instability strip
mdg	semen gynocardiae odoratae
meishi	food porn
meisi	food porn
meiyou	be naked of
meiyou	naked of
meiyoushengqi	soul
mengkan	carpet strip
menkan	carpet strip
mfb	close-fitting strip
mfd	seal strip
mfd	sealed strip
mfd	sealing strip
mfjt	sealing joint strip
mft	draught excluder strip
mft	gland strip
mft	weather strip
miejuezhongzhu	genocide
miejuezhongzhuzhui	crime of genocide
miejuezhongzu	genocide
miejuezhongzuzui	crime of genocide
miejuezongzu	genocide
miejuezongzuzui	crime of genocide
miezhong	to commit genocide
miezhongzhui	genocide
miezhongzui	genocide
miezong	to commit genocide
miezongzui	genocide
mifenban	close-fitting strip
mifendai	seal strip
mifendai	sealed strip
mifendai	sealing strip
mifeng	sponge rubber strip sealing
mifengban	close-fitting strip
mifengdai	seal strip
mifengdai	sealed strip
mifengdai	sealing strip
mifengjiaotiao	sealing joint strip
mifengtiao	draught excluder strip
mifengtiao	gland strip
mifengtiao	weather strip
mifenjiaotiao	sealing joint strip
mifentiao	draught excluder strip
mifentiao	gland strip
mifentiao	weather strip
mijian	to drug and then rape sb
miliao	urologic and male genital tuberculosis
minbaide	naked
mingbaide	naked
minghuo	naked fire
minghuo	naked flame
minghuo	naked lights
mingpai	designation strip
minhuo	naked fire
minhuo	naked flame
minhuo	naked lights
miniao	urologic and male genital tuberculosis
minpai	designation strip
mjzz	genocide
mjzzz	crime of genocide
mlgbz	fuck!
mmcc	fuck the dog
mmq	porn
mobiwushidai	mobius strip
mobiwushidai	moebius strip
mobiwusidai	mobius strip
mobiwusidai	moebius strip
mobozhi	to commit suicide
mobozi	to commit suicide
momocencen	fuck the dog
momocengceng	fuck the dog
momochengcheng	fuck the dog
moxiangjin	sperm whale
moxiangjin	sperm whale (Physeter macrocephalus)
moxiangjin	sperm whales
moxiangjing	sperm whale
moxiangjing	sperm whale (Physeter macrocephalus)
moxiangjing	sperm whales
moze	to torture
moze	torture
mozhe	to torture
mozhe	torture
mqz	semen strychni
mskf	kopi luwak or civet coffee, made from coffee beans plucked from Asian palm civet's feces
mtdb	strip wooden flooring
mudou	semen cajani
mutiaodiban	strip wooden flooring
mxfx	chronic diarrhea
mxj	sperm whale
mxj	sperm whale (Physeter macrocephalus)
mxj	sperm whales
myd	prostitute
mzj	opium
mzz	genocide
naduzi	(coll.) to have diarrhea
naifuzi	semen raphani sativi
nakai	pull-strip
nangfeishijian	fuck the dog
nangfeishijian	to fuck around
nanguazhi	semen cucurbita
nanguazhi	semen cucurbitae
nanguazhi	semen cucurbitae moschatae
nanguazi	semen cucurbita
nanguazi	semen cucurbitae
nanguazi	semen cucurbitae moschatae
nanian	lock strip
nanji	male prostitute
nanji	whore
nanjindatusha	rape of nanking
nanjingdatusa	rape of nanking
nanjingdatusha	rape of nanking
nanjingtiaoyue	Treaty of Nanjing (1842) that concluded the First Opium War between Qing China and Britain
nanjintiaoyue	Treaty of Nanjing (1842) that concluded the First Opium War between Qing China and Britain
nanmei	semen trigonellae
naoduzhi	(coll.) to have diarrhea
naoduzi	(coll.) to have diarrhea
naoer	(slang) penis
naoshiqu	rumble strip
naosiqu	rumble strip
natiao	lashing strip
naxi	(coll.) to have diarrhea
nazhou	strip
nazou	strip
nbz	specific gravity of urine
nbz	urine specific gravity
ncz	urine sediments analyzer
ndet	torture of children
ndfm	amylase in urine
ndfm	urine amylase
ndhmtq	cavernae corporis spongiosi penis
ndhs	urine bilirubin
ndsy	urine urobilinogen
ndsz	fuck-you finger
ndz	(coll.) to have diarrhea
necfacd	urine catecholamine determination
neitiao	rib strip
neiyuanxianchongbing	cochin china diarrhea
neiyuanxianchongbing	cochin-china diarrhea
ng	penis
ngz	semen cucurbita
ngz	semen cucurbitae
ngz	semen cucurbitae moschatae
nhd	adhesive strip
nhyl	dribble of urine
niangxipi	(dialect) fuck!
niangxuezhini	cooling blood to stop diarrhea
nianhedai	adhesive strip
nianhuantu	comic strip
nianjiepian	connecting strip
nianjietiao	bond strip
nianjietiao	bonding strip
nianjietiao	connecting strip
nianzi	nelumbinis semen
nianzi	semen nelumbinis
nianzu	footjob
niao	concentration in urine and plasma
niao	male genital organ
niao	urine
niaoben	profuse urine
niaobeng	profuse urine
niaobi	retention of urine
niaobi	sappression of urine
niaobi	suppression of urine
niaobi	urine suppression
niaobizhong	specific gravity of urine
niaobizhong	urine specific gravity
niaobizong	specific gravity of urine
niaobizong	urine specific gravity
niaodanhongshu	urine bilirubin
niaodanhongsu	urine bilirubin
niaodanshuyuan	urine urobilinogen
niaodansuyuan	urine urobilinogen
niaodaohaimiantiqiang	cavernae corporis spongiosi penis
niaodianfengmei	amylase in urine
niaodianfengmei	urine amylase
niaodianfenmei	amylase in urine
niaodianfenmei	urine amylase
niaoercafenanceding	urine catecholamine determination
niaoerchafenanceding	urine catecholamine determination
niaoerchafenancheding	urine catecholamine determination
niaoerchafenganceding	urine catecholamine determination
niaohouyuli	dribble of urine
niaohouyuni	dribble of urine
niaohu	urine bottle
niaojimei	urine plasminogen activator
niaoliang	urine output
niaoliang	urine volume
niaoliugaidaoshu	diversion of urine
niaoliugaidaosu	diversion of urine
niaoniang	urine output
niaoniang	urine volume
niaoniugaidaoshu	diversion of urine
niaonongshuoshiyan	urine concentration test
niaonongshuoshiyan	urine concentration test letter
niaonongsuoshiyan	urine concentration test
niaonongsuoshiyan	urine concentration test letter
niaonongsuosiyan	urine concentration test
niaonongsuosiyan	urine concentration test letter
niaopaichuliang	urine output
niaopaichuniang	urine output
niaopaiculiang	urine output
niaopeiyang	urine culture
niaopin	frequency of urine
niaoping	frequency of urine
niaorengshengshiyan	urine pregnancy test
niaorensensiyan	urine pregnancy test
niaorenshenshiyan	urine pregnancy test
niaosanbeishiyan	urine threeglass test
niaosanbeisiyan	urine threeglass test
niaose	color of urine
niaose	urine color
niaosentouya	osmotic pressure of urine
niaosentouya	urine osmotic pressure
niaoshanbeishiyan	urine threeglass test
niaoshe	color of urine
niaoshe	urine color
niaoshengtouya	osmotic pressure of urine
niaoshengtouya	urine osmotic pressure
niaoshentouya	osmotic pressure of urine
niaoshentouya	urine osmotic pressure
niaotang	glucose in urine
niaotang	urine glucose
niaotang	urine sugar
niaotangdingxingshiyan	qualitative test for glucose in urine
niaotangdingxingsiyan	qualitative test for glucose in urine
niaotangdingxinshiyan	qualitative test for glucose in urine
niaotongti	urine acetone bodies
niaowaisen	extravasation of urine
niaowaishen	extravasation of urine
niaowaisheng	extravasation of urine
niaoxinfushui	urine ascites
niaoxingfushui	urine ascites
niaoxingfusui	urine ascites
niaoyang	urine
niaoyang	urine sample
niaoyaonongdu	urine drug level
niaoye	urine
niaoyicang	urine abnormal
niaoyichang	urine abnormal
niaozhuliu	retention of urine
niaozhuliu	urine retention
niaozhuniu	retention of urine
niaozhuniu	urine retention
niaozuliu	retention of urine
niaozuliu	urine retention
nideshouzhi	fuck-you finger
nideshouzi	fuck-you finger
nidesouzhi	fuck-you finger
nidou	semen mucunae sempervirentis
niji	diarrhea
ninsuanyanniao	phosphate urine
ninzexu	Lin Zexu or Lin Tse-hsu "Commissioner Lin" (1785-1850), Qing official whose anti-opium activities led to first Opium war with Britain 1840-1842
niqingwa	strip slate
nitamade	fuck you
niubian	penis et testis bovis
niuchan	abortion
niuchan	elective abortion
niuke	penis et testis bovis
niulang	(slang) male prostitute
niuyueke	new york strip
niyong	fuck
njdts	rape of nanking
njm	urine plasminogen activator
njty	Treaty of Nanjing (1842) that concluded the First Opium War between Qing China and Britain
nlgds	diversion of urine
nnssy	urine concentration test
nnssy	urine concentration test letter
nongbi	disuria and urine retention
nongbi	illness having to do with obstruction of urine flow
nongbi	retention of urine
nouniao	leakage of urine
nouti	naked
npcl	urine output
npy	urine culture
nrssy	urine pregnancy test
nsbsy	urine threeglass test
nsq	rumble strip
nsty	osmotic pressure of urine
nsty	urine osmotic pressure
ntdxsy	qualitative test for glucose in urine
ntmd	fuck you
nts	nyotaimori or "body sushi", Japanese practice of serving sushi on the body of a naked woman
ntt	urine acetone bodies
nuan	(old) penis
nuan	penis
nuannong	fuck about with
nubian	deer penis and testes
nubian	penis cervi
nubian	penis et testis cervi
nuedai	torture
nuedaiertong	torture of children
nuesha	torture-murder
nunbao	to gang rape
nunjian	gang rape
nunjian	gang-rape
nunjian	pack rape
nunjian	to gang rape
nuoben	nude run
nuoben	nude runs
nuoben	to streak (run naked)
nuobotiao	preserved radish strip
nuocheng	to become naked
nuodiannan	naked cable
nuoguan	naked pipe
nuohun	lit. naked wedding
nuohun	naked marriage
nuoji	naked machine
nuomaikong	naked short selling
nuomaikong	naked short-selling
nuomaikong	naked shorting
nuomo	nude model
nuoni	naked carp
nuonu	naked
nuonv	naked lady
nuonv	naked-lady
nuoshen	naked-tailed
nuoshi	naked eyes
nuoshi	naked-eyes
nuoshu	naked mole rat
nuoshu	naked mole rats
nuoshu	naked mouse
nuoshu	nude mice
nuotan	naked
nuoti	body double (in nude scenes)
nuoti	get naked
nuoti	naked
nuoti	nude
nuoti	strip-jack-naked
nuoti	the nude
nuotihua	nude
nuotihua	nude painting
nuotiwu	naked dance
nuoxi	nude scene (in a movie)
nuoxiang	nude
nuoxiang	nude (painting, sculpture etc)
nuoyan	naked eye
nuoyan	naked-eye
nuoyanshini	naked vision
nuoyanshini	naked visual acuity
nuoyanshini	visible to the naked eye
nuoyanshu	naked mole rat
nuoyuanzi	nude atom
nuozhao	nude photograph
nuozhuang	in nude
nutan	naked
nutiankaicai	strip mining
nutiankaicai	strip minings
nutiankaicai	strip-mine
nutiankaicai	strip-mined
nutiankaicai	strip-minings
nutiankuang	strip mine
nutiankuang	strip mines
nutiankuang	strip ours
nutiankuang	strip-mines
nutiankuanggong	strip miner
nutisheng	nyotaimori or "body sushi", Japanese practice of serving sushi on the body of a naked woman
nuxing	orgasm balls
nuyindai	recorder strip
nv	orgasm balls
nvdou	semen phaseoli
nvdou	semen vignae radiatae
nvedai	torture
nvedaiertong	torture of children
nveduo	rape
nvesa	torture-murder
nvesha	torture-murder
nvpian	aluminium strip
nvtiao	aluminum strip
nvtiseng	nyotaimori or "body sushi", Japanese practice of serving sushi on the body of a naked woman
nvtishen	nyotaimori or "body sushi", Japanese practice of serving sushi on the body of a naked woman
nvtisheng	nyotaimori or "body sushi", Japanese practice of serving sushi on the body of a naked woman
nvxin	orgasm balls
nvxing	orgasm balls
nws	extravasation of urine
nxfs	urine ascites
nxp	(dialect) fuck!
ny	urine
nyc	urine abnormal
nyk	new york strip
nynd	urine drug level
nzl	retention of urine
nzl	urine retention
paidui	strip parties
pailiao	pass urine
painiao	pass urine
paixie	to excrete (urine, sweat etc)
paixiewu	feces
paiyi	feces
pangdahai	semen sterculiae lychnophorae
pangdahai	semen sterculiae scaphigerae
pangdahai	sterculiae lychnophorae semen
pao	classifier for urine or feces
paodu	(coll.) to have diarrhea
paoluo	the hot pillar (ancient Chinese torture instrument)
paonuo	the hot pillar (ancient Chinese torture instrument)
paoyou	fuck buddies
paoyou	fuck buddy
pdh	semen sterculiae lychnophorae
pdh	semen sterculiae scaphigerae
pdh	sterculiae lychnophorae semen
peixibao	gametoid genital cells
peixibao	genital cells
pgd	flat strip steel
piao	to visit a prostitute
piaoji	to visit a prostitute
piaoji	whore
piaoke	whore master
piaoke	whore mongering
piaoke	whore-master
piaoke	whore-monger
piaozhi	prostitute's fee for service
piaozi	prostitute's fee for service
pidai	applicator strip
pige	leather strip
pingangdai	flat strip steel
pinggangdai	flat strip steel
pingrouyan	with the naked eye
pinrouyan	with the naked eye
pitiao	leather strip
pitui	facesitting
pixuxie	splenoasthenic diarrhea
pixuxiexie	splenasthenic diarrhea
pn	pass urine
pohuai	rape
poyanhua	low-class prostitute
pry	with the naked eye
pujie	fuck you! (Cantonese)
pxb	gametoid genital cells
pxb	genital cells
pxw	feces
pxx	splenoasthenic diarrhea
pxxx	splenasthenic diarrhea
pyh	low-class prostitute
qb	rape
qdb	to have sex with a prostitute
qdcz	to obtain confessions under torture
qhx	diarrhea with cold
qiangbao	rape
qiangbao	to rape
qiangduo	rape
qiangjian	a-rape
qiangjian	forcible rape
qiangjian	out-rape
qiangjian	rape
qiangjian	to rape
qiangjianan	rape
qiangjianfulv	statutory-rape
qiangjianfunu	statutory-rape
qiangjianfunv	statutory-rape
qiangjiansaren	rape-murder
qiangjiansharen	rape-murder
qiangjianshareng	rape-murder
qiangjianweishui	attempted rape
qiangjianweisui	attempted rape
qiangjianwo	rape me
qiangjianzhui	offence of rape
qiangjianzhui	rape
qiangjianzui	offence of rape
qiangjianzui	rape
qianhou	urine and feces
qianjingzi	semen euphorbiae
qianjingzi	semen euphorbiae lathyridis
qianjingzi	semen lathyridis
qianjinzhi	semen euphorbiae
qianjinzhi	semen euphorbiae lathyridis
qianjinzhi	semen lathyridis
qianjinzi	semen euphorbiae
qianjinzi	semen euphorbiae lathyridis
qianjinzi	semen lathyridis
qianliexianlang	vagina masculina
qianliexiannang	vagina masculina
qianliuzi	semen pharbitidis
qianniexiannang	vagina masculina
qianniuzhi	semen pharbitidis
qianniuzi	semen pharbitidis
qianshi	Semen euryales (botany)
qianshi	euryales semen
qianshi	semen euryales
qianshi	semen eutyales
qianshu	prostitute
qiansi	Semen euryales (botany)
qiansi	euryales semen
qiansi	semen euryales
qiansi	semen eutyales
qiansu	prostitute
qiantiao	lead strip
qiantiao	strip of lead
qianwaicexin	sperm fontanellen
qianwaicexing	sperm fontanellen
qianwaichexin	sperm fontanellen
qiaodabei	to have sex with a prostitute
qiaoxiaobei	to be masturbated by a prostitute
qiaozhongbei	to receive oral sex from a prostitute
qiaozongbei	to receive oral sex from a prostitute
qiefu	harakiri (formal Japanese: seppuku), a samurai's suicide by disemboweling
qieke	semen hyosyami
qieliaoji	strip knife
qieniaoji	strip knife
qihanxie	diarrhea with cold
qiluocang	takeoff and landing strip
qiluochang	takeoff and landing strip
qingke	chinese naked oat fruit
qingke	naked oat fruit
qingseng	a suicide
qingseng	to commit suicide
qingshen	a suicide
qingshen	to commit suicide
qingsheng	a suicide
qingsheng	to commit suicide
qingtongpian	bronze strip
qingxiangzhi	semen celosiae argenteae
qingxiangzi	semen celosiae argenteae
qinke	chinese naked oat fruit
qinke	naked oat fruit
qinsheng	a suicide
qinsheng	to commit suicide
qintongpian	bronze strip
qinuochang	takeoff and landing strip
qinxiangzi	semen celosiae argenteae
qiongzhitiao	agar strip
qiongzitiao	agar strip
qishuke	semen pistaciae verae
qisuke	semen pistaciae verae
qitangliaobing	maple sugar urine disease
qitangliaobing	maple syrup urine disease
qitangliaobing	maple syrup urine diseases
qitangniaobin	maple sugar urine disease
qitangniaobin	maple syrup urine disease
qitangniaobin	maple syrup urine diseases
qitangniaobing	maple sugar urine disease
qitangniaobing	maple syrup urine disease
qitangniaobing	maple syrup urine diseases
qiu	penis
qiuqian	quigley
qj	rape
qja	rape
qjfn	statutory-rape
qjsr	rape-murder
qjw	rape me
qjws	attempted rape
qjz	rape
qlc	takeoff and landing strip
qlxn	vagina masculina
qnd	fuck a duck
qnd	fuck you
qnd	fuck-a-duck
qnz	semen pharbitidis
qsk	semen pistaciae verae
qtj	semen capparis versicoloris
qtnb	maple sugar urine disease
qtnb	maple syrup urine disease
qtnb	maple syrup urine diseases
qtp	bronze strip
qudacengzhao	to obtain confessions under torture
qudachengzao	to obtain confessions under torture
qudachengzhao	to obtain confessions under torture
qudachenzhao	to obtain confessions under torture
qudiao	to strip out
qujie	torture
qulide	fuck a duck
qulide	fuck you
qulide	fuck-a-duck
qunide	fuck a duck
qunide	fuck you
qunide	fuck-a-duck
qwcx	sperm fontanellen
qxb	to be masturbated by a prostitute
qxz	semen celosiae
qzb	to receive oral sex from a prostitute
qzt	agar strip
rb	penis
rc	to torture
rc	torture
rcxs	pregnancy urine hormone
rcxs	pregnancy-urine hormone
rdk	myristicae semen
rdk	semen myristicae
rejiepangliu	diarrhea with retention
rejiepangniu	diarrhea with retention
renfenliao	human-animal faces and urine
renfenniao	human-animal faces and urine
rengfengniao	human-animal faces and urine
renggongliuchan	provocated abortion
rengongliucan	provocated abortion
rengongliuchan	provocated abortion
rengongniuchan	provocated abortion
rengshi	(human) penis (TCM)
rengshi	penis
rengzhongbai	human urine sediment
renshi	(human) penis (TCM)
renshi	penis
rensi	(human) penis (TCM)
rensi	penis
renzhongbai	human urine sediment
renzongbai	human urine sediment
rfn	human-animal faces and urine
rglc	provocated abortion
rjpl	diarrhea with retention
rl	abortion
rm	torture
rmn	chylolus urine
rmn	chylous urine
rmx	chylous diarrhea
rongchuxingsu	pregnancy urine hormone
rongchuxingsu	pregnancy-urine hormone
rongcuxingshu	pregnancy urine hormone
rongcuxingshu	pregnancy-urine hormone
rongcuxingsu	pregnancy urine hormone
rongcuxingsu	pregnancy-urine hormone
rongcuxinsu	pregnancy urine hormone
rongcuxinsu	pregnancy-urine hormone
rouchuo	to torture
rouchuo	torture
roucuo	to torture
roucuo	torture
roudoukou	myristicae semen
roudoukou	semen myristicae
roulin	rape
rouling	rape
roumo	to torture
roumo	torture
rounin	rape
rouyan	naked eye
rouyan	naked eyes
rouyan	naked-eye
rouyan	naked-eyes
rouyan	the naked eye
rouyanguanca	observation by naked eye
rouyanguance	naked-eye observation
rouyanguancha	observation by naked eye
rouyanguanche	naked-eye observation
rouyankejian	apparent to the naked eye
rouyankejiande	visible to the naked eye
rr	fuck
rs	penis
ruanbian	soft feces
rumiliao	chylolus urine
rumiliao	chylous urine
ruminiao	chylolus urine
ruminiao	chylous urine
rumixie	chylous diarrhea
rurou	fuck
rurou	to fuck
ry	naked eye
rygc	naked-eye observation
rygc	observation by naked eye
rykj	apparent to the naked eye
rykjd	visible to the naked eye
rzb	human urine sediment
sancashenjingtong	facial torture
sanchasenjingtong	facial torture
sanchashengjingtong	facial torture
sanchashenjingtong	facial torture
sanchashenjintong	facial torture
sandianquanlu	(slang) naked
sandianquanlu	naked
sandianquanlu	nude
sandianquannu	(slang) naked
sandianquannu	naked
sandianquannu	nude
sangdianjie	strip mall
sangdianjie	strip-mall
sangtou	(of a prostitute) to receive a patron for the first time
sangtuxiaxie	to vomit and have diarrhea
sangtuxiaxie	vomiting and diarrhea
sangyejie	commercial strip
sanhetao	semen caryae cathayensis
sanjiaojiaotiao	apex strip
sanque	tit fuck
sanxin	penis and scrota
sanxing	penis and scrota
sanzhuyu	semen corni
sao	smell of urine
saomiaoxian	picture strip
saomiaoxian	scanning strip
saoqi	smell of urine
saotan	to burn charcoal (often a reference to suicide by carbon monoxide poisoning)
saren	fructus seu semen amomi
sazhuzaiyang	to kill the pigs and slaughter the sheep (idiom)
scgt	stopping diarrhea with astringents
scsjt	facial torture
sczx	relieving diarrhea with astringents
sczx	stopping diarrhea with astringents
sdj	strip mall
sdj	strip-mall
sdql	(slang) naked
sdql	naked
sdql	nude
secanggutuo	stopping diarrhea with astringents
secangzhixie	relieving diarrhea with astringents
secangzhixie	stopping diarrhea with astringents
sechanggutuo	stopping diarrhea with astringents
sechangzhixie	relieving diarrhea with astringents
sechangzhixie	stopping diarrhea with astringents
sechangzixie	relieving diarrhea with astringents
sechangzixie	stopping diarrhea with astringents
sedai	color strip
sedai	colour strip
senchi	tear a strip off
senfengtegongdui	kamikaze unit (Japanese corps of suicide pilots in World War II)
senfengtujidui	kamikaze unit (Japanese corps of suicide pilots in World War II)
sengjiangdai	runway strip
sengzhijiejie	genital fubercle
sengzhijiejie	genital tubecle
sengzhikong	genital ostium
sengzhikong	genital pores
sengzhiqi	genital organ
sengzhiqi	genital organs
sengzhiqi	genital part
sengzhiqi	genital stage
sengzhiqiguan	genital organ external genital organ
sengzhixian	genital gianas
sengzhixian	genital gland
sengzhixibao	gametoid genital cells
sengzhixibao	genital cell
sengzhixibao	genital cells
sennv	prostitute
sennv	prostitute (slang)
sensu	tear off a strip
seqindianyin	hard porn
seqingdianying	hard porn
seqingmingxing	porn star
seqingmingxing	porn-star
seqingye	porn business
seqingzhuopin	porn
seqingzuopin	porn
seqingzuoping	porn
seqinminxin	porn star
seqinminxin	porn-star
seqinye	porn business
seqinzuopin	porn
sftgd	kamikaze unit (Japanese corps of suicide pilots in World War II)
sftjd	kamikaze unit (Japanese corps of suicide pilots in World War II)
shanchashenjingtong	facial torture
shandianquanlu	(slang) naked
shandianquanlu	naked
shandianquanlu	nude
shangdianjie	strip mall
shangdianjie	strip-mall
shangtou	(of a prostitute) to receive a patron for the first time
shangtuxiaxie	to vomit and have diarrhea
shangtuxiaxie	vomiting and diarrhea
shangyejie	commercial strip
shanhetao	semen caryae cathayensis
shanjiaojiaotiao	apex strip
shanque	tit fuck
shanzhuyu	semen corni
shanzuyu	semen corni
shaomiaoxian	picture strip
shaomiaoxian	scanning strip
shaoqi	smell of urine
shaosuo	tana
shaotan	to burn charcoal (often a reference to suicide by carbon monoxide poisoning)
sharen	fructus seu semen amomi
shareng	fructus seu semen amomi
shazhuzaiyang	to kill the pigs and slaughter the sheep (idiom)
shazhuzhaiyang	to kill the pigs and slaughter the sheep (idiom)
shazuzaiyang	to kill the pigs and slaughter the sheep (idiom)
shechanggutuo	stopping diarrhea with astringents
shechangzhixie	relieving diarrhea with astringents
shechangzhixie	stopping diarrhea with astringents
shedai	color strip
shedai	colour strip
shenchi	tear a strip off
shenci	tear a strip off
shenfengtegongdui	kamikaze unit (Japanese corps of suicide pilots in World War II)
shenfengtujidui	kamikaze unit (Japanese corps of suicide pilots in World War II)
shenfentegongdui	kamikaze unit (Japanese corps of suicide pilots in World War II)
shenfentujidui	kamikaze unit (Japanese corps of suicide pilots in World War II)
shengdanshu	hollie
shengfengtegongdui	kamikaze unit (Japanese corps of suicide pilots in World War II)
shengfengtujidui	kamikaze unit (Japanese corps of suicide pilots in World War II)
shengjiangdai	runway strip
shengnv	prostitute
shengnv	prostitute (slang)
shengsu	tear off a strip
shengzhijiejie	genital fubercle
shengzhijiejie	genital tubecle
shengzhikong	genital ostium
shengzhikong	genital pores
shengzhiqi	genital organ
shengzhiqi	genital organs
shengzhiqi	genital part
shengzhiqi	genital stage
shengzhiqiguan	genital organ external genital organ
shengzhixian	genital gianas
shengzhixian	genital gland
shengzhixibao	gametoid genital cells
shengzhixibao	genital cell
shengzhixibao	genital cells
shengzijiejie	genital fubercle
shengzijiejie	genital tubecle
shengzikong	genital ostium
shengzikong	genital pores
shengziqi	genital organ
shengziqi	genital organs
shengziqi	genital part
shengziqi	genital stage
shengziqiguan	genital organ external genital organ
shengzixian	genital gianas
shengzixian	genital gland
shengzixibao	gametoid genital cells
shengzixibao	genital cell
shengzixibao	genital cells
shenjiangdai	runway strip
shenlv	prostitute
shenlv	prostitute (slang)
shennu	prostitute
shennu	prostitute (slang)
shennv	prostitute
shennv	prostitute (slang)
shenshu	tear off a strip
shensu	tear off a strip
shenzhijiejie	genital fubercle
shenzhijiejie	genital tubecle
shenzhikong	genital ostium
shenzhikong	genital pores
shenzhiqi	genital organ
shenzhiqi	genital organs
shenzhiqi	genital part
shenzhiqi	genital stage
shenzhiqiguan	genital organ external genital organ
shenzhixian	genital gianas
shenzhixian	genital gland
shenzhixibao	gametoid genital cells
shenzhixibao	genital cell
shenzhixibao	genital cells
sheqingdianying	hard porn
sheqingmingxing	porn star
sheqingmingxing	porn-star
sheqingye	porn business
sheqingzuopin	porn
shibai	abortion
shidai	ornamental strip
shihaomeiyou	fuck-all
shijianbiao	milestone
shiliuzhi	semen punicae
shiliuzhi	semen punicae granati
shiliuzi	semen punicae granati
shilubi	Snoopy (comic strip pet dog)
shilv	a woman with a hypoplastic vagina
shilv	congenital stricture of vagina
shilv	female suffering absence or atresia of vagina (as birth defect)
shiniuzi	semen punicae granati
shinu	congenital stricture of vagina
shinu	female suffering absence or atresia of vagina (as birth defect)
shinubi	Snoopy (comic strip pet dog)
shinv	a woman with a hypoplastic vagina
shinv	congenital stricture of vagina
shinv	female suffering absence or atresia of vagina (as birth defect)
shipai	test strip
shiqu	strip of
shiren	congenital stricture of vagina
shireng	congenital stricture of vagina
shitongku	torture
shitongku	torture'
shiyanpian	test strip
shiyou	condyloma (genital wart of viral origin)
shizhi	reagent strip
shizhihuake	bird rape seed
shizhihuake	herba seu semen erysimi aurantiaci
shizhihuake	semen brassicae integrifoliae
shizhihuake	semen lepidii affinis
shizhihuake	semen lepidii apetali
shizhihuake	semen lepidii ruderalis
shizhihuake	semen raphani sativi
shizhihuake	semen thlaspis arvensis
shizhu	phyllostachys nude mcclure
shizhuke	semen vaccariae segetalis
shizihuake	bird rape seed
shizihuake	herba seu semen erysimi aurantiaci
shizihuake	semen brassicae integrifoliae
shizihuake	semen lepidii affinis
shizihuake	semen lepidii apetali
shizihuake	semen lepidii ruderalis
shizihuake	semen raphani sativi
shizihuake	semen thlaspis arvensis
shizuke	semen vaccariae segetalis
shmy	fuck-all
shoujin	semen deposition
shoujin	to deposit semen
shoujin	to receive sperm
shoujing	semen deposition
shoujing	to deposit semen
shoujing	to receive sperm
shoujinglang	sperm receptacles
shoujingnang	sperm receptacles
shoujinnang	sperm receptacles
shoulan	to suffer (e.g. under torture)
shouliandai	convergence strip
shouliandai	strip of convergence
shoulianzhixie	astringing to stop diarrhea
shoulianzixie	astringing to stop diarrhea
shounan	to suffer (e.g. under torture)
shouniandai	convergence strip
shouniandai	strip of convergence
shounianzhixie	astringing to stop diarrhea
shuangjingshudai	bi-metal strip
shuangjingshutiao	bimetal strip
shuangjingshutiao	bimetallic strip
shuangjinshudai	bi-metal strip
shuangjinshutiao	bimetal strip
shuangjinshutiao	bimetallic strip
shuangjinsudai	bi-metal strip
shuangjinsutiao	bimetal strip
shuangjinsutiao	bimetallic strip
shuangyan	naked eyes
shuanzaoren	semen ziziphi spinoae
shuanzaoren	semen ziziphi spinosae
shuanzaoren	semen zizyphi spinosae
shuanzaoren	ziziphi spinosi semen
shuanzaoren	zizyphi spinosi semen
shuchang	to visit a prostitute
shuixie	watery diarrhea
shuixin	water torture
shuixin	water-boarding (torture)
shuixing	water torture
shuixing	water-boarding (torture)
shujingguan	sperm duct
shujingguan	sperm-duct
shujinguan	sperm duct
shujinguan	sperm-duct
shuli	erection
shuliaotiao	plastic strip
shulong	(old) to deflorate a prostitute
shuni	erection
shunong	(old) to deflorate a prostitute
shupian	naked tablet
sibai	abortion
sihaomeiyou	fuck-all
siliuzi	semen punicae granati
sinubi	Snoopy (comic strip pet dog)
sinv	a woman with a hypoplastic vagina
sinv	congenital stricture of vagina
sinv	female suffering absence or atresia of vagina (as birth defect)
sipai	test strip
sitongku	torture
sitongku	torture'
siyanpian	test strip
siyou	condyloma (genital wart of viral origin)
sizhu	phyllostachys nude mcclure
sizhuke	semen vaccariae segetalis
sizihuake	bird rape seed
sizihuake	herba seu semen erysimi aurantiaci
sizihuake	semen brassicae integrifoliae
sizihuake	semen lepidii affinis
sizihuake	semen lepidii apetali
sizihuake	semen lepidii ruderalis
sizihuake	semen raphani sativi
sizihuake	semen thlaspis arvensis
sjg	sperm-duct
sjjt	apex strip
sjn	sperm receptacles
sjsd	bi-metal strip
sjst	bimetal strip
sjst	bimetallic strip
slzx	astringing to stop diarrhea
smx	picture strip
smx	scanning strip
sn	prostitute
snb	Snoopy (comic strip pet dog)
song	(coll.) semen
song	semen
songguoti	penis cerebri
songke	semen pini koraiensis
soujing	semen deposition
soujing	to deposit semen
soujing	to receive sperm
soujingnang	sperm receptacles
souliandai	convergence strip
souliandai	strip of convergence
soulianzhixie	astringing to stop diarrhea
sounan	to suffer (e.g. under torture)
sqdy	hard porn
sqmx	porn star
sqmx	porn-star
sqy	porn business
sqzp	porn
stk	torture
stk	torture'
str	semen pruni davidianae
stxx	to vomit and have diarrhea
stxx	vomiting and diarrhea
suanzaoren	semen ziziphi spinoae
suanzaoren	semen ziziphi spinosae
suanzaoren	semen zizyphi spinosae
suanzaoren	ziziphi spinosi semen
suanzaoren	zizyphi spinosi semen
suanzaoreng	semen ziziphi spinoae
suanzaoreng	semen ziziphi spinosae
suanzaoreng	semen zizyphi spinosae
suanzaoreng	ziziphi spinosi semen
suanzaoreng	zizyphi spinosi semen
suanzhaoren	semen ziziphi spinoae
suanzhaoren	semen ziziphi spinosae
suanzhaoren	semen zizyphi spinosae
suanzhaoren	ziziphi spinosi semen
suanzhaoren	zizyphi spinosi semen
sucang	to visit a prostitute
suchang	to visit a prostitute
sui	urine
suixie	watery diarrhea
suixing	water torture
suixing	water-boarding (torture)
sujingguan	sperm duct
sujingguan	sperm-duct
suli	erection
suliaotiao	plastic strip
suniaotiao	plastic strip
sunong	(old) to deflorate a prostitute
sunsi	bamboo strip
suoying	to make the vagina tighter
supian	naked tablet
suzi	semen perillae acutae
syj	commercial strip
syp	test strip
szc	radix seu semen pittospori illicioidis
szd	genital
szhk	bird rape seed
szhk	herba seu semen erysimi aurantiaci
szhk	semen brassicae integrifoliae
szhk	semen lepidii affinis
szhk	semen lepidii apetali
szhk	semen lepidii ruderalis
szhk	semen raphani sativi
szhk	semen thlaspis arvensis
szjj	genital fubercle
szjj	genital tubecle
szjj	genital tubercle
szjj	genital tubercles
szk	genital aperture
szk	genital orifice
szk	genital orifices
szk	genital ostium
szk	genital pore
szk	genital pores
szq	genital
szq	genital atrium
szq	genital cavity
szq	genital chamber
szq	genital cloaca
szq	genital coelom
szq	genital organ
szq	genital organs
szq	genital part
szq	genital stage
szqg	genital organ external genital organ
szr	semen pini
szr	semen ziziphi spinoae
szr	semen ziziphi spinosae
szr	semen zizyphi spinosae
szr	ziziphi spinosi semen
szr	zizyphi spinosi semen
szxb	gametoid genital cells
szxb	genital cell
szxb	genital cells
szzy	to kill the pigs and slaughter the sheep (idiom)
tamade	as fuck
tamade	cluster fuck
tamade	cluster-fuck
tamade	face fuck
tamade	fat fuck
tamade	flying fuck
tamade	fuck
tamade	fuck a duck
tamade	fuck it
tamade	fuck ton
tamade	fuck you
tamade	fuck'n
tamade	fuck-a-duck
tamade	fuck-it
tamade	fuck-ton
tamade	fuck-tons
tamade	fuck-you finger
tamade	the fuck
tanbo	to strip to the waist
tangjie	herba seu semen erysimi aurantiaci
tangliao	diabetic urine
tangliaobing	honey-urine
tangliaobingxingfuxie	diabetic diarrhea
tangniao	diabetic urine
tangniaobin	honey-urine
tangniaobing	honey-urine
tangniaobingxingfuxie	diabetic diarrhea
tangniaobinxinfuxie	diabetic diarrhea
tanhuangpian	spring strip
taoren	(old) girl trafficked into a brothel to work as prostitute
taoren	persicae semen
taoren	semen oroxyli
taoren	semen persicae
taoreng	(old) girl trafficked into a brothel to work as prostitute
taoreng	persicae semen
taoreng	semen oroxyli
taoreng	semen persicae
taozhi	(coll.) condom
taozhi	condom
taozi	(coll.) condom
tchk	to free oneself from a life of torture
tezengdai	characteristic strip
tezhendai	characteristic strip
tezhengdai	characteristic strip
tgz	semen melo
thp	spring strip
tianjiu	dulce
tianshili	semen aesculi wilsonii
tianshini	semen aesculi wilsonii
tiansili	semen aesculi wilsonii
tianti	nude body
tianxianzhi	semen hyoscyami
tianxianzhi	semen hyosyami
tianxianzi	semen hyoscyami
tianxianzi	semen hyosyami
tianxingren	semen armeniacae dulce
tianxingren	semen armeniacse dalce
tianxingreng	semen armeniacae dulce
tianxingreng	semen armeniacse dalce
tianxinren	semen armeniacae dulce
tianxinren	semen armeniacse dalce
tiao	strip
tiaobo	sowing in strip
tiaobo	strip sowing
tiaobo	strip-seeding
tiaobo	strip-sowing
tiaochuhuoken	to free oneself from a life of torture
tiaochuhuokeng	to free oneself from a life of torture
tiaocuhuokeng	to free oneself from a life of torture
tiaoshi	boulder strip
tiaoshui	to commit suicide by jumping into water
tiaosi	boulder strip
tiaosui	to commit suicide by jumping into water
tiaoxin	a strip
tiaoxin	strip-type
tiaoxing	a strip
tiaoxing	strip-type
tiaoxingjichu	long strip footing
tiaoxingjichu	strip footing
tiaoxingjichu	strip foundation
tiaoxingjicu	long strip footing
tiaoxingjicu	strip footing
tiaoxingjicu	strip foundation
tiaoxingma	strip code
tiaoxinjichu	long strip footing
tiaoxinjichu	strip footing
tiaoxinjichu	strip foundation
tiaoxinma	strip code
tiaozengpian	adjusting strip
tiaozhengpian	adjusting strip
tiaozhenpian	adjusting strip
tiaozhi	(old) prostitute
tiaozhi	prostitute
tiaozhuang	strip
tiaozi	(old) prostitute
tiaozi	prostitute
tie	classifier for sticking plaster: strip
tietiao	magnet strip
tiexin	strip-wound core
tiexing	strip-wound core
tijiao	crowe
tinglizhi	semen lepidii apetali
tinglizhi	semen lepidii seu descurainiae
tinglizi	semen lepidii apetali
tinglizi	semen lepidii seu descurainiae
tingnizi	semen lepidii apetali
tingnizi	semen lepidii seu descurainiae
tmd	fuck
tmd	fuck'n
tmd	fuck-it
tmd	fuck-ton
tmd	fuck-tons
tnb	honey-urine
tnbxfx	diabetic diarrhea
tongbian	urine of boys
tongbian	urine of boys under 12, used as medicine (TCM)
tongku	torture
tongku	torture'
tongxian	flat copper strip
tongyingtongyong	purgatives treating diarrhea
tongyingtongyong	treating diarrhea with cathartics
tongyintongyong	purgatives treating diarrhea
tongyintongyong	treating diarrhea with cathartics
tongzhiniao	urine of boys under 12, used as medicine (TCM)
tongziliao	urine of boys under 12, used as medicine (TCM)
tongziniao	urine of boys under 12, used as medicine (TCM)
touhuan	to commit suicide by hanging
tt	condom
tu	crude opium
tunbu	hunching
tunjin	to commit suicide by swallowing gold
tunjing	to commit suicide by swallowing gold
tunyuntuwu	to blow cigarette or opium smoke
tuodiao	strip
tuodiao	strip off
tuodiao	to strip off
tuoguang	get naked
tuoguang	to strip naked
tuoguang	to strip nude
tuoqu	strip down
tuoqu	strip-down
tuoqu	strip-downs
tuoxia	strip down
tuoxiu	strip show
tuoyan	fuck the dog
tuoyi	strip
tuoyiwu	strip
tuoyiwu	strip joints
tuoyiwu	strip party
tuoyiwu	strip show
tuoyiwu	strip tease
tuoyiwu	strip-tease
tuoyiwu	strip-teases
tushizi	semen cuscutae
tusizhi	semen cuscutae
tusizi	semen cuscutae
txjc	long strip footing
txjc	strip footing
txjc	strip foundation
txm	strip code
txr	semen armeniacae dulce
txr	semen armeniacse dalce
tytw	to blow cigarette or opium smoke
tyty	purgatives treating diarrhea
tyty	treating diarrhea with cathartics
tyw	strip
tyw	strip joints
tyw	strip party
tyw	strip show
tyw	strip tease
tyw	strip-tease
tyw	strip-teases
tz	prostitute
tzn	urine of boys under 12, used as medicine (TCM)
tzp	adjusting strip
waiganhanxiexie	exogenous cold diarrhea
waiganshixie	exogenous damp diarrhea
waigansixie	exogenous damp diarrhea
waiganzhongrexie	exogenous pyretic diarrhea
waiganzhongshuxie	exogenous sunstrode diarrhea
waiganzhongsuxie	exogenous sunstrode diarrhea
waiganzongrexie	exogenous pyretic diarrhea
waiganzongshuxie	exogenous sunstrode diarrhea
waiqu	torture
wandanqu	go fuck yourself
wandou	semen pisi sativi
wangbuliuxin	semen vaccariae
wangbuliuxin	semen vaccariae segetalis
wangbuliuxin	vaccariae semen
wangbuliuxing	semen vaccariae
wangbuliuxing	semen vaccariae segetalis
wangbuliuxing	vaccariae semen
wangbuniuxing	semen vaccariae
wangbuniuxing	semen vaccariae segetalis
wangbuniuxing	vaccariae semen
wangubuhua	diarrhea with undigested food
wblx	semen vaccariae
wblx	semen vaccariae segetalis
wblx	vaccariae semen
wdq	go fuck yourself
weidao	vaster
weishui	attempted (murder, suicide)
weisui	attempted (murder, suicide)
weitiao	foxing strip
weitiao	rubber melt strip
weixianrengwu	suicide mission
weixianrenwu	suicide mission
weizhuizhisha	commit suicide to escape punishment
weizhuizhisha	to commit suicide to escape punishment
weizuizisa	commit suicide to escape punishment
weizuizisa	to commit suicide to escape punishment
weizuizisha	commit suicide to escape punishment
weizuizisha	to commit suicide to escape punishment
wgbh	diarrhea with undigested food
wghxx	exogenous cold diarrhea
wgsx	exogenous damp diarrhea
wgx	diarrhea before dawn
wgzrx	exogenous pyretic diarrhea
wgzsx	exogenous sunstrode diarrhea
whjz	apyrene sperm
whz	semen sapindi mukorossi
wogui	to lie across the railway tracks (to commit suicide or to prevent trains from getting through)
wokao	fuck me
wokao	fuck-me
wsss	bunny fuck
wszq	external genital organ
wszq	external genital organs
wtz	semen firmianae
wugengxie	diarrhea before dawn
wugenxie	diarrhea before dawn
wuhejingzhi	apyrene sperm
wuhejingzi	apyrene sperm
wuhejinzi	apyrene sperm
wuhuanzhi	semen sapindi mukorossi
wuhuanzi	semen sapindi mukorossi
wuhun	(Buddhism etc) the five forbidden pungent vegetables: leek, scallion, garlic, rape and coriander
wuliao	strip stack
wumao	nude mouse
wuniao	sappression of urine
wuniao	strip stack
wuniao	suppression of urine
wuniao	urine suppression
wushuoshishi	bunny fuck
wusuoshishi	bunny fuck
wusuosisi	bunny fuck
wuxie	five kinds of diarrhea
wxrw	suicide mission
wyb	the genital organs
wzzs	commit suicide to escape punishment
wzzs	to commit suicide to escape punishment
xb	urine
xbdc	oliguria with reddish urine
xbdc	scanty dark urine
xbdx	blood in my urine
xbhc	brown urine
xbhc	dark urine
xbhc	deep-colored urine
xbhc	yellowish or reddish urine
xbll	dripping discharge of urine
xbn	fuck about with
xbq	urine
xbqc	clear abundant urine
xbqc	clear urine in large amounts
xbsj	incontinence of urine
xdd	(coll.) penis
xdj	to commit suicide
xetx	infantile vomiting and diarrhea
xetx	vomiting and diarrhea in children
xhk	semen cuscutae reflexae
xhk	semen pharbitidis purpureae
xiabailong	fuck about with
xiabainong	fuck about with
xiahun	bunny fuck
xiali	dysentery and diarrhea
xiali	togovirus diarrhea
xiangdou	semen tonco
xianggong	male prostitute
xiangjiaomifengtiao	sealing strip of rubber
xiangjiaomifentiao	sealing strip of rubber
xiangjiaotiao	india-rubber strip
xiangjiaotiao	rubber strip
xianguang	rat-fuck
xiangzhi	semen cyclogalanopsis glaucae
xiangzi	semen cyclogalanopsis glaucae
xianhun	fuck about
xianhun	fuck around
xiani	dysentery and diarrhea
xiani	togovirus diarrhea
xianjing	with crystal structure visible to the naked eye
xianshuimei	(dialect) prostitute from Guangdong (esp. one in Shanghai before the Revolution) (loanword from "handsome maid")
xiansuimei	(dialect) prostitute from Guangdong (esp. one in Shanghai before the Revolution) (loanword from "handsome maid")
xiaobian	urine
xiaobiandaixie	blood in my urine
xiaobianduanchi	oliguria with reddish urine
xiaobianduanchi	scanty dark urine
xiaobianduanci	oliguria with reddish urine
xiaobianduanci	scanty dark urine
xiaobianhuangchi	brown urine
xiaobianhuangchi	dark urine
xiaobianhuangchi	deep-colored urine
xiaobianhuangchi	yellowish or reddish urine
xiaobianhuangci	brown urine
xiaobianhuangci	dark urine
xiaobianhuangci	deep-colored urine
xiaobianhuangci	yellowish or reddish urine
xiaobianlingli	dripping discharge of urine
xiaobianlinli	dripping discharge of urine
xiaobianninni	dripping discharge of urine
xiaobianqi	urine
xiaobianqinchang	clear abundant urine
xiaobianqinchang	clear urine in large amounts
xiaobianqingcang	clear abundant urine
xiaobianqingcang	clear urine in large amounts
xiaobianqingchang	clear abundant urine
xiaobianqingchang	clear urine in large amounts
xiaobianshijin	incontinence of urine
xiaobianshijing	incontinence of urine
xiaobiansijin	incontinence of urine
xiaocan	abortion
xiaocan	an abortion
xiaochan	abortion
xiaoertuxie	infantile vomiting and diarrhea
xiaoertuxie	vomiting and diarrhea in children
xiaogong	(literary) urine
xiaogong	urine
xiaojie	(slang) prostitute
xiaojie	prostitute
xiaoke	excessive eatingdrinking-urine
xiaoliao	penis
xiaoliao	penis (kiddie term)
xiaomai	semen tritici
xiaomoxiangjin	pygmy sperm whale
xiaomoxiangjing	pygmy sperm whale
xiaoshengjing	nervus cavernosus penis major
xiaozemaliya	non-nude
xiaozemaniya	non-nude
xiaozhemaliya	non-nude
xibao	sperm cells
xiduze	opium eater
xiduzhe	opium eater
xie	diarrhea
xiedu	to have diarrhea
xieli	to have diarrhea
xieni	to have diarrhea
xinbao	vagina cordis
xinfang	torture chamber (esp. unofficial)
xing	torture
xingbao	vagina cordis
xingfang	torture chamber (esp. unofficial)
xingjiao	fuck
xingjiaoyi	child porn
xingjiaoyi	child-porn
xingju	engine of torture
xingju	instrument of torture
xingju	instruments of torture
xingju	torture instrument
xinglve	torture porn
xingnue	torture porn
xingnve	torture porn
xingqinfan	rape-crisis
xingqingfan	rape-crisis
xingqiu	to extort confession by torture
xingren	armeniacae semen
xingreng	armeniacae semen
xingru	to humiliate and torture
xingtang	torture chamber
xingxun	inquisition by torture
xingxun	interrogation under torture
xingxunbigong	extort a confession by torture
xingxunbigong	extraction of confession by torture
xingxunbigong	use torture to coerce a statement
xingxunshi	torture chambers
xingxunsi	torture chambers
xinjiao	fuck
xinjiaoyi	child porn
xinjiaoyi	child-porn
xinju	engine of torture
xinju	instrument of torture
xinju	instruments of torture
xinju	torture instrument
xinnve	torture porn
xinqinfan	rape-crisis
xinqiu	to extort confession by torture
xinru	to humiliate and torture
xintang	torture chamber
xinxun	inquisition by torture
xinxun	interrogation under torture
xinxunbigong	extort a confession by torture
xinxunbigong	extraction of confession by torture
xinxunbigong	use torture to coerce a statement
xinxunshi	torture chambers
xiongpeizhi	sperm cell
xiongpeizi	sperm cell
xiqu	western strip
xitiao	thin strip
xiujue	olfactory genital dysplasia
xiuxiandai	fallow strip
xixue	diarrhea
xiyapian	opium eating
xiyapian	opium smoking
xj	prostitute
xjj	penis (child's word)
xjmft	sealing strip of rubber
xjt	india-rubber strip
xjt	rubber strip
xjy	child porn
xjy	child-porn
xmxj	pygmy sperm whale
xn	penis
xpz	sperm cell
xqf	rape-crisis
xqq	genital phase
xqq	genital phases
xqq	genital stage
xsm	(dialect) prostitute from Guangdong (esp. one in Shanghai before the Revolution) (loanword from "handsome maid")
xuanhuake	semen cuscutae reflexae
xuanhuake	semen pharbitidis purpureae
xueliao	blood urine
xueliao	bloody urine
xueniao	blood urine
xueniao	bloody urine
xuexinfuxie	bloody diarrhea
xuexingfuxie	bloody diarrhea
xumin	naked name
xuming	naked name
xunduanjian	to commit suicide
xunhua	to visit a prostitute
xunsi	attempt suicide
xunsi	to attempt suicide
xxbg	extort a confession by torture
xxbg	extraction of confession by torture
xxbg	use torture to coerce a statement
xxfx	bloody diarrhea
xyj	smallness of penis
xyp	opium eating
xyp	opium smoking
xzmly	non-nude
xzzx	abortion threatened
yaban	holding strip
yajinban	pressure strip
yajingban	pressure strip
yaluohao	the Arrow (a Hong Kong registered ship involved in historical incident in 1856 used as pretext for the second Opium War)
yaluohaoshijian	the Arrow Incident of 1856 (used as pretext for the second Opium War)
yaluohaosijian	the Arrow Incident of 1856 (used as pretext for the second Opium War)
yamazhi	semen lini
yamazhi	semen lini usitatissimi
yamazi	semen lini
yamazi	semen lini usitatissimi
yangdai	sample strip
yangdai	strip census
yangjiaodou	semen cassiae occidentalis
yangui	opium addict
yangzhui	torture
yangzui	torture
yanhua	prostitute
yanhua	prostitute (esp. in Yuan theater)
yanhuafendai	prostitute
yanhuafengdai	prostitute
yanhualv	prostitute
yanhualv	prostitute (esp. in Yuan theater)
yanhuanu	prostitute
yanhuanu	prostitute (esp. in Yuan theater)
yanhuanv	prostitute
yanhuanv	prostitute (esp. in Yuan theater)
yanliao	urine test
yanlide	worse
yanniao	urine test
yanqiang	opium pipe
yanqiujingmo	vagina bulbi
yanqiujinmo	vagina bulbi
yansude	elevate
yantu	raw opium
yanuohao	the Arrow (a Hong Kong registered ship involved in historical incident in 1856 used as pretext for the second Opium War)
yanuohaoshijian	the Arrow Incident of 1856 (used as pretext for the second Opium War)
yanxinbigong	torture'
yanxingbigong	torture'
yanxingkaoda	interrogation by torture
yanxingkaoda	torture
yanxinkaoda	interrogation by torture
yanxinkaoda	torture
yanye	strip leaf
yanye	strip-leaf
yanzao	nude picture
yanzhao	nude picture
yaoer	a prostitute
yaojie	(dialect) prostitute
yaojie	prostitute
yaosezijin	to commit suicide by biting off one's tongue
yaoshezhijin	to commit suicide by biting off one's tongue
yaoshezijin	to commit suicide by biting off one's tongue
yaoshezijing	to commit suicide by biting off one's tongue
yaoxianyingliu	drainage with medicated strip
yaoxianyinliu	drainage with medicated strip
yaoxianyinniu	drainage with medicated strip
yaoze	abortion
yaozhe	abortion
yapian	crude opium
yapian	gum opium
yapian	opium
yapian	opium (loanword)
yapian	opium taker
yapiande	opium
yapianding	opium tincture
yapianmaoyi	opium trade
yapianyin	opium addiction
yapianyin	opium-addiction
yapianyin	opium-habit
yapianying	opium addiction
yapianying	opium-addiction
yapianying	opium-habit
yapianzanzeng	opium war
yapianzanzeng	opium wars
yapianzanzeng	the Opium Wars of 1840-1842 and 1860-1861
yapianzanzeng	the opium war
yapianzhanzhen	opium war
yapianzhanzhen	opium wars
yapianzhanzhen	the Opium Wars of 1840-1842 and 1860-1861
yapianzhanzhen	the opium war
yapianzhanzheng	opium war
yapianzhanzheng	opium wars
yapianzhanzheng	the Opium Wars of 1840-1842 and 1860-1861
yapianzhanzheng	the opium war
yapianzhiji	opium preparations
yapianzhongdu	opium poisoning
yapianziji	opium preparations
yapianzongdu	opium poisoning
yatiao	hold down strip
yatiao	hold-down strip
yatiao	jonist strip
yatiao	press strip
yazi	male prostitute (slang)
ych	rape flower
ycht	rape flower
ycz	oilseed rape (Brassica campestris)
ycz	rape seed
ycz	rape-seed
ycz	rape-seeds
yczy	bird rape seed oil
yd	vagina
yda	cancer of vagina
yda	carcinoma of vagina
ydbs	atresia of vagina
ydbs	imperforate vagina
ydbs	obliteration of vagina
ydbz	zoo sperm
ydcs	contusion of vagina
ydde	fuck
yddm	artery of vagina
ydjc	examination per vagina
ydjc	per vagina examination
ydjc	visual inspection of vagina
ydjz	zoo sperm
ydq	fornix of vagina
ydqt	vestibule of the vagina
ydqt	vestibule of vagina
ydqt	vestibules of the vagina
ydss	injury of vagina
ydss	operation on vagina
ydxb	adenosis of vagina
ydxb	vagina adenosis
ydy	inflammation of the vulva or vagina
ydzl	adhesions of vagina
yecao	mistress or prostitute (old)
yechao	mistress or prostitute (old)
yeji	(slang) prostitute
yeji	prostitute
yemingsa	bat's feces
yemingsha	bat's feces
yeminsha	bat's feces
yeshou	beastiality
yesou	beastiality
yeyoucai	bird rape
yeyouchai	bird rape
yf	prostitute
yh	prostitute
yhfd	prostitute
yhn	prostitute
yhn	prostitute (esp. in Yuan theater)
yidingdianer	fuck
yikelaoshushihuaileyiguotang	lit. a piece of rat feces spoiled the whole pot of soup (idiom)
yikelaosusihuaileyiguotang	lit. a piece of rat feces spoiled the whole pot of soup (idiom)
yikenaoshushihuaineyiguotang	lit. a piece of rat feces spoiled the whole pot of soup (idiom)
yikuai	strip away
yililaoshushihuaileyiguozhou	lit. a piece of rat feces spoiled the whole pot of congee (idiom)
yililaoshushihuaileyiguozou	lit. a piece of rat feces spoiled the whole pot of congee (idiom)
yililaosusihuaileyiguozhou	lit. a piece of rat feces spoiled the whole pot of congee (idiom)
yimengting	loperamide (used to treat diarrhea)
yimenting	loperamide (used to treat diarrhea)
yimi	semen coicis
yinbianji	strip tensometer
yinbin	to entertain a customer (of prostitute)
yinchu	external genital
yincu	external genital
yindao	vagina
yindaobishuo	obliteration of vagina
yindaobisuo	obliteration of vagina
yindaoqianting	vestibule of the vagina
yindaoqianting	vestibules of the vagina
yindi	penis femineus
yindi	penis muliebris
yinfu	prostitute
yinfu	whore
yingao	inguinal testicle
yingao	retained testicle
yingao	undesceaded testicle
yingbianji	strip tensometer
yingbin	to entertain a customer (of prostitute)
yingbing	to entertain a customer (of prostitute)
yingchu	external genital
yingdao	vagina
yingdaobisuo	obliteration of vagina
yingdaoqianting	vestibule of the vagina
yingdaoqianting	vestibules of the vagina
yingdi	penis femineus
yingdi	penis muliebris
yingfu	prostitute
yingfu	whore
yinggao	inguinal testicle
yinggao	retained testicle
yinggao	undesceaded testicle
yingji	military prostitute
yingjing	penis
yingjingbaopi	preputium penis
yingjinghaimiantixiaoliang	trabeculae of corpus spongiosum of penis
yingjingjing	collum glandis penis
yingjingtou	caput penis
yingjue	to commit suicide
yingjunzi	opium addict
yingjunzi	opium eater
yingmei	whore master
yingru	to rape and insult
yingshu	opium poppies
yingshu	opium poppy
yingshu	opium poppy seed
yingshu	opium-poppy
yingshujian	opipramol opium alkaloids
yingshujian	opium alkaloids
yingshuke	opium poppy peel
yingshuke	opium poppy pericarp
yingshuzi	semen papaveris
yingsu	opium poppies
yingsu	opium poppy
yingsu	opium poppy seed
yingsu	opium-poppy
yingsujian	opipramol opium alkaloids
yingsujian	opium alkaloids
yingsuke	opium poppy peel
yingsuke	opium poppy pericarp
yingsuzhi	semen papaveris
yingsuzi	semen papaveris
yingxue	(coll.) vagina
yingzhuidou	semen ciceris arietini
yingzuidou	semen ciceris arietini
yininaoshushihuaineyiguozhou	lit. a piece of rat feces spoiled the whole pot of congee (idiom)
yinjin	penis
yinjinbaopi	preputium penis
yinjingbaopi	preputium penis
yinjinghaimiantixiaoliang	trabeculae of corpus spongiosum of penis
yinjinghaimiantixiaoniang	trabeculae of corpus spongiosum of penis
yinjingjing	collum glandis penis
yinjingtou	caput penis
yinjinhaimiantixiaoliang	trabeculae of corpus spongiosum of penis
yinjinjin	collum glandis penis
yinjintou	caput penis
yinjue	to commit suicide
yinjunzhi	opium addict
yinjunzhi	opium eater
yinjunzi	opium addict
yinjunzi	opium eater
yinmei	whore master
yinru	to rape and insult
yinsujian	opipramol opium alkaloids
yinsujian	opium alkaloids
yinsuke	opium poppy peel
yinsuke	opium poppy pericarp
yinsuzi	semen papaveris
yinxue	(coll.) vagina
yinzuidou	semen ciceris arietini
yiren	semen coicis
yireng	semen coicis
yishibugua	as naked as i was born
yishibugua	as naked as i was my mother bore me
yishibugua	as naked as my mother bore me
yishibugua	as naked as the day i was born
yishibugua	naked as a jaybird
yishibugua	naked as i was born
yishibugua	naked as i was my mother bore me
yishibugua	naked as my mother bore me
yishibugua	naked as the day i was born
yishibugua	naked as the day i was my mother bore me
yishibugua	not wearing one thread (idiom); absolutely naked
yishoushanghai	be naked to injury
yishu	suicide note
yisibugua	as naked as i was born
yisibugua	as naked as i was my mother bore me
yisibugua	as naked as my mother bore me
yisibugua	as naked as the day i was born
yisibugua	naked as a jaybird
yisibugua	naked as i was born
yisibugua	naked as i was my mother bore me
yisibugua	naked as my mother bore me
yisibugua	naked as the day i was born
yisibugua	naked as the day i was my mother bore me
yisibugua	not wearing one thread (idiom); absolutely naked
yisousanghai	be naked to injury
yisu	suicide note
yitahutu	fuck-up
yitiao	a strip of
yituanzao	fuck-up
yituanzao	goat fuck
yituanzhao	fuck-up
yituanzhao	goat fuck
yiweigaowan	ectopic testicle
yixingzhanzheng	dirtbag
yiyidaishui	(separated only by) a narrow strip of water
yiyidaisui	(separated only by) a narrow strip of water
yiyiren	semen coicis
yiyireng	semen coicis
yizhijin	strip of cloth worn around the head
yizijin	strip of cloth worn around the head
yizijing	strip of cloth worn around the head
yj	penis
yja	cancer of penis
yja	carcinoma of penis
yjb	dorsum of penis
yjb	dorsum penis
yjb	pressure strip
yjbp	preputium penis
yjbq	erection of penis
yjbq	penile erection
yjc	radix seu semen oenotherae
yjcs	contusion of penis
yjf	raphe of penis
yjf	raphe penis
yjf	rhaphe penis
yjg	ossa penis
yjg	penis bone
yjg	radices penis
yjg	radix penis
yjg	root of penis
yjgh	ossification of penis
yjhmtxl	trabeculae of corpus spongiosum of penis
yjj	collum penis
yjj	crus of penis
yjj	crus penis
yjj	neck of penis
yjjh	tuberculosis of penis
yjjx	deformity of penis
yjjz	incarceration of penis
yjjz	strangulation of penis
yjm	prostitute
yjm	prostitute (slang)
yjnz	cyst of penis
yjnz	distortion of penis
yjqs	absence of penis
yjqs	loss of penis
yjss	injury of penis
yjt	body of penis
yjt	corpora penis
yjt	corpus penis
yjxz	hematoma of penis
yjz	opium eater
yjzd	fracture of penis
yjzl	tumor of penis
yjzw	translocation of penis
yklsshlygt	lit. a piece of rat feces spoiled the whole pot of soup (idiom)
ylh	the Arrow (a Hong Kong registered ship involved in historical incident in 1856 used as pretext for the second Opium War)
ylhsj	the Arrow Incident of 1856 (used as pretext for the second Opium War)
yllsshlygz	lit. a piece of rat feces spoiled the whole pot of congee (idiom)
ylr	semen pruni
ylzw	oil crop (rape, peanut, soy, sesame etc)
yms	bat's feces
ymt	loperamide (used to treat diarrhea)
yongrouyan	with the naked eye
youcai	flowering edible rape (Brassica chinensis var. oleifera)
youcai	oil-seed rape
youcai	oilnavew bird rape
youcai	oilseed rape
youcai	oilseed rape (Brassica napus)
youcai	rape
youcai	rape plant
youcaihua	rape flower
youcaihuatian	rape flower
youcaizhi	oilseed rape (Brassica campestris)
youcaizhi	rape seed
youcaizhi	rape-seed
youcaizhi	rape-seeds
youcaizhiyou	bird rape seed oil
youcaizi	oilseed rape (Brassica campestris)
youcaizi	rape seed
youcaizi	rape-seed
youcaizi	rape-seeds
youcaiziyou	bird rape seed oil
youchai	flowering edible rape (Brassica chinensis var. oleifera)
youchai	oil-seed rape
youchai	oilnavew bird rape
youchai	oilseed rape
youchai	oilseed rape (Brassica napus)
youchai	rape
youchai	rape plant
youchaihua	rape flower
youchaihuatian	rape flower
youchaizi	oilseed rape (Brassica campestris)
youchaizi	rape seed
youchaizi	rape-seed
youchaizi	rape-seeds
youchaiziyou	bird rape seed oil
youchi	underage prostitute
youci	underage prostitute
youdongbaozhi	zoo sperm
youdongbaozi	zoo sperm
youdongjingzhi	zoo sperm
youdongjingzi	zoo sperm
youdongjinzi	zoo sperm
youliaozhuowu	oil crop (rape, peanut, soy, sesame etc)
youliaozuowu	oil crop (rape, peanut, soy, sesame etc)
youmai	naked oat
youmai	naked oat (Avena nuda)
youmai	naked oat (old)
youmai	naked oats
youniaozuowu	oil crop (rape, peanut, soy, sesame etc)
youxiangdangbiaozhiyouxianglipaifang	lit. to lead the life of a whore but still want a monument put up to one's chastity (idiom)
youxiangdangbiaoziyouxianglipaifang	lit. to lead the life of a whore but still want a monument put up to one's chastity (idiom)
youxiangdangbiaoziyouxiangnipaifang	lit. to lead the life of a whore but still want a monument put up to one's chastity (idiom)
yp	opium
ypd	opium
ypd	opium tincture
ypmy	opium trade
ypy	opium addiction
ypy	opium-addiction
ypy	opium-habit
ypzd	opium poisoning
ypzj	opium preparations
ypzz	opium war
ypzz	opium wars
ypzz	the Opium Wars of 1840-1842 and 1860-1861
ypzz	the opium war
yqjm	vagina bulbi
yqsj	benefiting qi for consolidating semen
yry	with the naked eye
ysbg	as naked as i was born
ysbg	as naked as i was my mother bore me
ysbg	as naked as my mother bore me
ysbg	as naked as the day i was born
ysbg	naked as a jaybird
ysbg	naked as i was born
ysbg	naked as i was my mother bore me
ysbg	naked as my mother bore me
ysbg	naked as the day i was born
ysbg	naked as the day i was my mother bore me
ysbg	not wearing one thread (idiom); absolutely naked
ysk	opium poppy peel
ysk	opium poppy pericarp
yssh	be naked to injury
yszj	to commit suicide by biting off one's tongue
ytht	fuck-up
yts	genus Brassica (cabbage, rape etc)
ytz	bird rape seed
ytz	fuck-up
ytz	goat fuck
ytz	rape
ytz	rape (Brassica campestris L.)
yuanben	progenitor
yuanjiaomei	prostitute
yuanjiaomei	prostitute (slang)
yuejiancao	radix seu semen oenotherae
yuejianchao	radix seu semen oenotherae
yuepao	get the fuck
yueyueyushi	tail
yujin	(literary) penis
yujin	penis
yujing	(literary) penis
yunshi	semen caesalpiniae decapetalae
yuntai	bird rape leaf
yuntai	rape
yuntai	rape (plant)
yuntaishu	genus Brassica (cabbage, rape etc)
yuntaisu	genus Brassica (cabbage, rape etc)
yuntaizhi	bird rape seed
yuntaizhi	rape
yuntaizhi	rape (Brassica campestris L.)
yuntaizhi	semen brassicae campestris
yuntaizi	bird rape seed
yuntaizi	rape
yuntaizi	rape (Brassica campestris L.)
yuntaizi	semen brassicae campestris
yuren	rainier
yushua	rain strip
ywgw	ectopic testicle
ywlc	medical abortion
yxbg	torture'
yxdbzyxlpf	lit. to lead the life of a whore but still want a monument put up to one's chastity (idiom)
yxkd	interrogation by torture
yxkd	torture
yxyl	drainage with medicated strip
yyc	bird rape
yyds	(separated only by) a narrow strip of water
yyr	coicis semen
yyr	semen coicis
yzj	strip of cloth worn around the head
zadao	plug-in strip
zadaokaiguan	plug in strip
zadaokaiguan	plug-in strip
zangchunru	Iris Chang (1968-2004), Chinese American historian and author of the Rape of Nanjing
zanghanxie	diarrhea with cold
zanglixingniaoshijin	stress incontinence of urine
zanxin	squeezing the fingers between sticks (old form of torture)
zanxing	squeezing the fingers between sticks (old form of torture)
zanzhi	to squeeze the fingers (old form of torture)
zanzi	sticks used for squeezing the fingers (old form of torture)
zanzi	to squeeze the fingers (old form of torture)
zaobian	strip searched
zaopian	strip of soap
zazhong	fuck
zazong	fuck
zcr	Iris Chang (1968-2004), Chinese American historian and author of the Rape of Nanjing
zdkg	plug in strip
zdkg	plug-in strip
zdn	medistream urine
zdn	mid-portion urine
zdn	midstream urine
zemo	to torture
zemo	torture
zengxiang	image erection
zengzhong	dynamite
zfx	fatty diarrhea
zhadao	plug-in strip
zhadaokaiguan	plug in strip
zhadaokaiguan	plug-in strip
zhanfuying	caging
zhangchunru	Iris Chang (1968-2004), Chinese American historian and author of the Rape of Nanjing
zhangcunru	Iris Chang (1968-2004), Chinese American historian and author of the Rape of Nanjing
zhanghanxie	diarrhea with cold
zhanglixingliaoshijin	stress incontinence of urine
zhanglixingniaoshijin	stress incontinence of urine
zhanglixingniaoshijing	stress incontinence of urine
zhanglixingniaosijin	stress incontinence of urine
zhanglixinniaoshijin	stress incontinence of urine
zhangnixingniaoshijin	stress incontinence of urine
zhanxing	squeezing the fingers between sticks (old form of torture)
zhanzhi	sticks used for squeezing the fingers (old form of torture)
zhanzhi	to squeeze the fingers (old form of torture)
zhaobian	strip searched
zhaopian	strip of soap
zhazhong	fuck
zhazi	feces
zhemo	to torture
zhemo	torture
zhengxiang	image erection
zhengzi	semen coryli heterophyllae
zhenhanrenxin	scourging
zhenzi	semen coryli heterophyllae
zhibao	suicide
zhibao	suicide bombing
zhicengdai	tac-strip
zhichendai	tac-strip
zhichengdai	tac-strip
zhidai	strip chart
zhifangxie	fatty diarrhea
zhijin	commit suicide
zhijin	suicide
zhilengti	a gent
zhili	erection
zhinengti	a gent
zhinenti	a gent
zhini	erection
zhiqiang	commit suicide
zhiqumiewang	suicide
zhisha	commit suicide
zhisha	commits suicide
zhisha	committing suicide
zhisha	suicide
zhisha	suicide belt
zhisha	suicide oneself
zhisha	suicide-belt
zhisha	to attempt suicide
zhisha	to commit suicide
zhishaan	murder-suicide
zhishadiwu	suicide substrate
zhishadiwu	suicide substrates
zhishalv	suicide rate
zhishaqitu	attempted suicide
zhishaqitu	suicide attempt
zhishaqitu	suicide attempts
zhishashenwang	committed suicide
zhishashi	suicide
zhishashi	suicide (attack)
zhishashibaozha	suicide bombing
zhishashizhadan	a suicide bomb
zhishashizhadan	suicide bomb
zhishaweisui	attempted suicide
zhishaweisui	incomplete suicide
zhishaweisui	suicide attempt
zhishaxingwei	suicide
zhishaxingwei	suicide act
zhishayinian	suicide ideation
zhishazhadanshashou	suicide bomber
zhishazhe	suicide
zhitiao	paper strip
zhixianweiqiao	vagina fibrosa digitorum manus
zhixianweiqiao	vagina fibrosa digitorum pedis
zhixie	anti-diarrhea
zhixie	checking diarrhea
zhizhang	fuck-tard
zhongdian	cruel torture
zhongduanliao	medistream urine
zhongduanliao	mid-portion urine
zhongduanliao	midstream urine
zhongduanniao	medistream urine
zhongduanniao	mid-portion urine
zhongduanniao	midstream urine
zhongguo	to fuck someone
zhongjiandidai	middle strip
zhongjin	penis
zhongjin	penis (Chinese medicine)
zhongren	semen capparis masaikai
zhongren	semen castanopsis fargesii
zhongren	semen castanopsis tibetanae
zhongren	semen cucurbitae melonaeformis
zhongren	semen cyclogalanopsis glaucae
zhongren	semen hodgsoniae
zhongren	semen juglandis cathayensis
zhongren	semen pruni salicinae
zhongren	semen querci acutissimae
zhongren	semen querci liaotungensis
zhongreng	semen capparis masaikai
zhongreng	semen castanopsis fargesii
zhongreng	semen castanopsis tibetanae
zhongreng	semen cucurbitae melonaeformis
zhongreng	semen cyclogalanopsis glaucae
zhongreng	semen hodgsoniae
zhongreng	semen juglandis cathayensis
zhongreng	semen pruni salicinae
zhongreng	semen querci acutissimae
zhongreng	semen querci liaotungensis
zhongyangfencedai	median strip
zhongyangfenchedai	median strip
zhongyangfengchedai	median strip
zhongzhumiejue	genocide
zhongzhuqingxi	genocide
zhongzi	bird rape seed
zhongzumiejue	genocide
zhongzuqingxi	genocide
zhongzuqinxi	genocide
zhoulang	cherokee strip
zhouqidai	period strip
zhuangpeicejian	erection department
zhuangpeicejian	erection shop
zhuangpeichejian	erection department
zhuangpeichejian	erection shop
zhuangpeigong	erection man
zhuangpeitu	erection drawing
zhuangpeitu	erection-diagram
zhuangpeitu	erection-drawing
zhuangshidai	decorative strip
zhuangsidai	decorative strip
zhuangxie	erection and dismantling
zhujinglang	sperm reservoir
zhujingnang	sperm reservoir
zhujinnang	sperm reservoir
zhuobai	to strip bark
zhuoji	(slang) (of a woman) to work as a prostitute
zhuole	rat-fuck
zhuoluden	strip light
zhuoluden	strip lights
zhuoluden	strip-light
zhuoluden	strip-lights
zhuoludeng	strip light
zhuoludeng	strip lights
zhuoludeng	strip-light
zhuoludeng	strip-lights
zhuonudeng	strip light
zhuonudeng	strip lights
zhuonudeng	strip-light
zhuonudeng	strip-lights
zhuoya	(slang) (of a man) to work as a prostitute
zhurumoxiangjin	dwarf sperm whale
zhurumoxiangjin	dwarf sperm whales
zhurumoxiangjing	dwarf sperm whale
zhurumoxiangjing	dwarf sperm whales
zhutong	bamboo strip
zhuxi	bamboo-strip mat
zhuzhou	fuck
zhx	diarrhea with cold
zibao	suicide
zibao	suicide bombing
zichengdai	tac-strip
zidai	strip chart
zifangxie	fatty diarrhea
zijin	commit suicide
zijin	suicide
zijing	commit suicide
zijing	fetal essence, i.e. semen (medical term)
zijing	suicide
zinengti	a gent
ziqiang	commit suicide
ziqumiewang	suicide
zisa	commit suicide
zisa	commits suicide
zisa	committing suicide
zisa	suicide
zisa	suicide belt
zisa	suicide oneself
zisa	suicide-belt
zisa	to attempt suicide
zisa	to commit suicide
zisaan	murder-suicide
zisadiwu	suicide substrate
zisadiwu	suicide substrates
zisalv	suicide rate
zisaqitu	attempted suicide
zisaqitu	suicide attempt
zisaqitu	suicide attempts
zisasenwang	committed suicide
zisasi	suicide
zisasi	suicide (attack)
zisasibaozha	suicide bombing
zisasizhadan	a suicide bomb
zisasizhadan	suicide bomb
zisaweisui	attempted suicide
zisaweisui	incomplete suicide
zisaweisui	suicide attempt
zisaxingwei	suicide
zisaxingwei	suicide act
zisayinian	suicide ideation
zisazhadansasou	suicide bomber
zisazhe	suicide
zisha	commit suicide
zisha	commits suicide
zisha	committing suicide
zisha	suicide
zisha	suicide belt
zisha	suicide oneself
zisha	suicide-belt
zisha	to attempt suicide
zisha	to commit suicide
zishaan	murder-suicide
zishadiwu	suicide substrate
zishadiwu	suicide substrates
zishalu	suicide rate
zishalv	suicide rate
zishanv	suicide rate
zishaqitu	attempted suicide
zishaqitu	suicide attempt
zishaqitu	suicide attempts
zishashengwang	committed suicide
zishashenwang	committed suicide
zishashi	suicide
zishashi	suicide (attack)
zishashibaoza	suicide bombing
zishashibaozha	suicide bombing
zishashizadan	a suicide bomb
zishashizadan	suicide bomb
zishashizhadan	a suicide bomb
zishashizhadan	suicide bomb
zishaweishui	attempted suicide
zishaweishui	incomplete suicide
zishaweishui	suicide attempt
zishaweisui	attempted suicide
zishaweisui	incomplete suicide
zishaweisui	suicide attempt
zishaxingwei	suicide
zishaxingwei	suicide act
zishaxinwei	suicide
zishaxinwei	suicide act
zishayilian	suicide ideation
zishayinian	suicide ideation
zishazadanshashou	suicide bomber
zishaze	suicide
zishazhadanshashou	suicide bomber
zishazhe	suicide
zitiao	paper strip
ziwen	to commit suicide by cutting one's own throat
ziweng	to commit suicide by cutting one's own throat
zixianweiqiao	vagina fibrosa digitorum manus
zixianweiqiao	vagina fibrosa digitorum pedis
zixie	anti-diarrhea
zixie	checking diarrhea
zizang	fuck-tard
zjdd	middle strip
zjn	sperm reservoir
zjq	vagina digitalis
zld	strip light
zld	strip lights
zld	strip-light
zld	strip-lights
zlkf	semen coffeae caneporae
zlxnsj	stress incontinence of urine
zm	torture
zongdian	cruel torture
zongduanniao	medistream urine
zongduanniao	mid-portion urine
zongduanniao	midstream urine
zongguo	to fuck someone
zongjiandidai	middle strip
zongjing	penis
zongjing	penis (Chinese medicine)
zongren	semen capparis masaikai
zongren	semen castanopsis fargesii
zongren	semen castanopsis tibetanae
zongren	semen cucurbitae melonaeformis
zongren	semen cyclogalanopsis glaucae
zongren	semen hodgsoniae
zongren	semen juglandis cathayensis
zongren	semen pruni salicinae
zongren	semen querci acutissimae
zongren	semen querci liaotungensis
zongyangfenchedai	median strip
zongzi	bird rape seed
zongzumiejue	genocide
zongzuqingxi	genocide
zoulang	cherokee strip
zounang	cherokee strip
zouqidai	period strip
zpcj	erection department
zpcj	erection shop
zpf	erection cost
zpg	erection man
zpt	erection drawing
zpt	erection-diagram
zpt	erection-drawing
zqmw	suicide
zrmxj	dwarf sperm whale
zrmxj	dwarf sperm whales
zsa	murder-suicide
zsdw	suicide substrate
zsdw	suicide substrates
zsl	suicide rate
zsqt	attempted suicide
zsqt	suicide attempt
zsqt	suicide attempts
zss	suicide
zss	suicide (attack)
zssbz	suicide bombing
zssw	committed suicide
zsszd	a suicide bomb
zsszd	suicide bomb
zsws	attempted suicide
zsws	incomplete suicide
zsws	suicide attempt
zsxw	suicide
zsxw	suicide act
zsyn	suicide ideation
zsz	suicide
zszdss	suicide bomber
zuili	semen castanopsis chinensis
zujingnang	sperm reservoir
zuobai	to strip bark
zuoji	(slang) (of a woman) to work as a prostitute
zuole	rat-fuck
zuoludeng	strip light
zuoludeng	strip lights
zuoludeng	strip-light
zuoludeng	strip-lights
zuone	rat-fuck
zuoya	(slang) (of a man) to work as a prostitute
zurumoxiangjing	dwarf sperm whale
zurumoxiangjing	dwarf sperm whales
zutong	bamboo strip
zuxi	bamboo-strip mat
zuzhou	fuck
zuzou	fuck
zxwq	vagina fibrosa digitorum manus
zxwq	vagina fibrosa digitorum pedis
zyfcd	median strip
zzmj	genocide
zzqx	genocide
