text	translation	source	flag
abduct	绑架；诱拐；使外展	both	G4-verb-sense-lost
abducted	[法] 诱拐	both	G4-verb-sense-lost
abe	亚伯（男子名，等于Abraham）	both	review
abigail	n. 侍女；Abigail:.；n. 阿比盖尔(女子名)	both	review
abjure	发誓放弃；公开放弃；避免	both	G4-verb-sense-lost
abolish	废除，废止；取消，革除	both	G4-verb-sense-lost
abolishing	废除，废止；取消，革除	both	G4-verb-sense-lost
abscond	逃匿，潜逃；避债	both	G4-verb-sense-lost
absconder	[法] 潜逃者, 逃亡者	both	G4-verb-sense-lost
absent	缺席的；缺少的；心不在焉的；茫然的	both	G4-verb-sense-lost
absolve	免除；赦免；宣告…无罪	both	G4-verb-sense-lost
abuse	滥用；虐待；辱骂；弊端；恶习，陋习	both	G4-verb-sense-lost
abused	滥用，恶习；受虐	both	G4-verb-sense-lost
abuser	滥用者；施虐者	both	G4-verb-sense-lost
abuses	滥用；虐待；暴行	both	G4-verb-sense-lost
abut	邻接；毗邻；紧靠	both	G4-verb-sense-lost
accent	口音；重音；强调；特点；重音符号	both	G4-verb-sense-lost
acclaim	欢呼，喝彩；称赞	both	G4-verb-sense-lost
acclimate	使适应；使服水土	both	G4-verb-sense-lost
acclimatize	使适应新环境，使服水土	both	G4-verb-sense-lost
acclimatized	使适应新环境，使服水土	both	G4-verb-sense-lost
accommodated	使适应；安置；为…提供住宿	both	G4-verb-sense-lost
accomplish	完成；实现；达到	both	G4-verb-sense-lost
accord	符合；一致；协议；自愿	both	G4-verb-sense-lost
accorded	符合；一致；协议；自愿	both	G4-verb-sense-lost
accost	勾引；引诱；对…说话；搭讪	both	G4-verb-sense-lost
accredit	授权；信任；委派；归因于	both	G4-verb-sense-lost
accuse	控告，指控；谴责；归咎于	both	G4-verb-sense-lost
ace	幺点；直接得分的发球；佼佼者；（俚）最好的朋友	both	G4-verb-sense-lost
aced	发球得分	both	G4-verb-sense-lost
acetylated	[机] 乙酰化了的	both	G4-verb-sense-lost
achieve	取得；获得；实现；成功	both	G4-verb-sense-lost
acknowledge	承认；答谢；报偿；告知已收到	both	G4-verb-sense-lost
acquire	获得；取得；学到；捕获	both	G4-verb-sense-lost
acquit	无罪释放；表现；脱卸义务和责任；清偿	both	G4-verb-sense-lost
act	行为，行动；法令，法案；（戏剧，歌剧的）一幕，段；装腔作势	both	G4-verb-sense-lost
activate	刺激；使活动；使活泼；使产生放射性	both	G4-verb-sense-lost
actuate	开动（机器等）；促使，驱使；激励（人等）	both	G4-verb-sense-lost
adaptor	[通信] 适配器；（美）改编者；转接器（等于adapter）	both	review
adecco	Adecco公司(财富500强公司之一, 总部所在地瑞士, 主要经营)	both	review
adhere	坚持；依附；粘着；追随	both	G4-verb-sense-lost
adirondack	阿尔岗金族印第安人； 艾迪龙达克（美国IBM公司大型计算机System3081D在开发时期所用代号）	both	review
adler	阿德勒(①姓氏 ②Alfred, 1870-1937, 奥地利精神病学家、心理学家)	both	review
admins	[计]一种数据库管理系统(Admins公司)	both	review
adopting	采取；接受；收养；正式通过	both	G4-verb-sense-lost
adore	崇拜；爱慕；喜爱；极喜欢	both	G4-verb-sense-lost
adores	崇拜；爱慕；喜爱；极喜欢	both	G4-verb-sense-lost
adsorb	吸附；聚集	both	G4-verb-sense-lost
adventure	冒险；冒险精神；投机活动	both	G4-verb-sense-lost
adventured	冒险；冒险精神；投机活动	both	G4-verb-sense-lost
adventuring	冒险；冒险精神；投机活动	both	G4-verb-sense-lost
advertise	通知；为…做广告；使突出	both	G4-verb-sense-lost
advise	建议；劝告，忠告；通知；警告	both	G4-verb-sense-lost
adviser	顾问；劝告者；指导教师（等于advisor）	both	review
advocate	提倡者；支持者；律师	both	G4-verb-sense-lost
aerate	充气；让空气进入；使暴露于空气中	both	G4-verb-sense-lost
aeronautical	航空的；航空学的；飞机驾驶员的（等于aeronautic）	both	review
aerosolized	雾化；使…成烟雾状散开	both	G4-verb-sense-lost
affect	情感；引起感情的因素	both	G4-verb-sense-lost
affix	[语] 词缀；附加物	both	G4-verb-sense-lost
affixed	粘贴；署名；使…附于	both	G4-verb-sense-lost
afflict	折磨；使痛苦；使苦恼	both	G4-verb-sense-lost
age	年龄；时代；寿命，使用年限；阶段	both	G4-verb-sense-lost
aggrandize	增加；夸大；强化	both	G4-verb-sense-lost
aggravate	加重；使恶化；激怒	both	G4-verb-sense-lost
aggregator	聚合器，整合者；汇集者，聚合	both	G4-verb-sense-lost
agonize	使极度痛苦；折磨	both	G4-verb-sense-lost
aid	援助；帮助；助手；帮助者	both	G4-verb-sense-lost
aims	自动化工业管理系统	both	G4-verb-sense-lost
alarm	闹钟；警报，警告器；惊慌	both	G4-verb-sense-lost
alarms	[安全] 警报；[安全] 警报器；闹钟	both	G4-verb-sense-lost
alerted	警告；使警觉，使意识到	both	G4-verb-sense-lost
alerts	警报；警戒状态；通告	both	G4-verb-sense-lost
alighted	飞落； 突然注意到，偶然发现（或想到）	both	G4-verb-sense-lost
alighting	飞落； 突然注意到，偶然发现（或想到）	both	G4-verb-sense-lost
alights	飞落； 突然注意到，偶然发现（或想到）	both	G4-verb-sense-lost
align	使结盟；使成一行；匹配	both	G4-verb-sense-lost
alkylating	[机] 烷基化的, 烷基化作用	both	G4-verb-sense-lost
allay	减轻；使缓和；使平静	both	G4-verb-sense-lost
allege	宣称，断言；提出…作为理由	both	G4-verb-sense-lost
allude	暗指，转弯抹角地说到；略为提及，顺便提到	both	G4-verb-sense-lost
alluded	暗指，转弯抹角地说到；略为提及，顺便提到	both	G4-verb-sense-lost
ally	同盟国；伙伴；同盟者；助手	both	G4-verb-sense-lost
almighty	adj. 万能的；极大的；adv. 极度地；Almighty:上帝.	both	review
alphabetize	依字母顺序排列；用字母表示；拼音化	both	G4-verb-sense-lost
alphabetized	依字母顺序排列；用字母表示；拼音化	both	G4-verb-sense-lost
altered	为参加短程高速汽车赛而改装的赛车	both	G4-verb-sense-lost
alzheimer	n. 老年痴呆症（亦称: disease，阿兹海默症）	both	review
amalgamate	合并；使（金属）汞齐化；混合	both	G4-verb-sense-lost
ambition	野心，雄心；抱负，志向	both	G4-verb-sense-lost
ambulate	走动；步行；移动	both	G4-verb-sense-lost
amend	修改；改善，改进	both	G4-verb-sense-lost
amenities	n. 适意；舒适；便利设施；（复）amenities：礼仪；礼节.	both	review
americanize	使美国化	both	G4-verb-sense-lost
americanized	美国化的	both	G4-verb-sense-lost
amortize	摊销（等于amortise）；分期偿还	both	G4-verb-sense-lost
amounted	总计，合计；相当于；共计；产生…结果	both	G4-verb-sense-lost
amplify	放大，扩大；增强；详述	both	G4-verb-sense-lost
amputate	截肢；切断；删除	both	G4-verb-sense-lost
amuse	娱乐；消遣；使发笑；使愉快	both	G4-verb-sense-lost
anchorage	n. 下锚；停泊所；停泊税；寄托；Anchorage.；n. 安克雷奇(美国港口城市)	both	review
andale	[美国] 安代尔； [地名] [厄立特里亚] 安达莱	both	review
andy	n. 安迪（男子名，Andrew的昵称）；安迪（女子名，Andrea的昵称）	both	review
anele	（尤指给临终的人）涂油	both	G4-verb-sense-lost
annex	附加物；附属建筑物	both	G4-verb-sense-lost
annexing	并吞； 兼并； 强占； 并吞（国家、地区等）	both	G4-verb-sense-lost
annotate	注释；作注解	both	G4-verb-sense-lost
announce	宣布；述说；预示；播报	both	G4-verb-sense-lost
announces	宣布；述说；预示；播报	both	G4-verb-sense-lost
anonymize	隐去（试验结果等）中的姓名资料，使匿名	both	G4-verb-sense-lost
antagonize	使…敌对；使…对抗；对…起反作用	both	G4-verb-sense-lost
antes	（赌纸牌下的）赌注； 已付的金额； 分担额； 预付款	both	G4-verb-sense-lost
anticipate	预期，期望；占先，抢先；提前使用	both	G4-verb-sense-lost
anticipates	预期，期望；占先，抢先；提前使用	both	G4-verb-sense-lost
antony	Antony.；n. 安东尼（男子名）；n. 安东尼市（法国中北部城市）	both	review
apologize	道歉；辩解；赔不是	both	G4-verb-sense-lost
appeal	呼吁，请求；吸引力，感染力；上诉；诉诸裁判	both	G4-verb-sense-lost
appear	出现；显得；似乎；出庭；登场	both	G4-verb-sense-lost
appease	使平息；使满足；使和缓；对…让步	both	G4-verb-sense-lost
append	设置数据文件的搜索路径	both	G4-verb-sense-lost
appertain	属于；和……有关，有关系	both	G4-verb-sense-lost
apply	申请；涂，敷；适用；请求	both	G4-verb-sense-lost
appreciated	欣赏；感激；领会；鉴别	both	G4-verb-sense-lost
arbitrate	仲裁；公断	both	G4-verb-sense-lost
archer	n. 射箭运动员；弓箭手；Archer.；n. 射手座；阿切尔(姓氏)	both	review
arches	拱桥；弓形	both	G4-verb-sense-lost
areer	经历；职业；生涯	both	G4-verb-sense-lost
argentine	adj. 银的；n. 银；Argentine.；n. 阿根廷人；adj. 阿根廷（人）的	both	review
argue	争论，辩论；提出理由	both	G4-verb-sense-lost
arise	出现；上升；起立	both	G4-verb-sense-lost
arranging	n. 安排；动词arrange现在分词形式.	both	review
array	数组，阵列；排列，列阵；大批，一系列；衣服	both	G4-verb-sense-lost
arrayed	排列的；摆好的；准备就序的	both	G4-verb-sense-lost
arraying	部署兵力； 排列； 整队； 盛装	both	G4-verb-sense-lost
arrive	到达；成功；达成；出生	both	G4-verb-sense-lost
arrives	到达；成功；达成；出生	both	G4-verb-sense-lost
arrogate	冒称；霸占；没来由地将…归属于	both	G4-verb-sense-lost
arsenal	n. 兵工厂；军械库；储藏；Arsenal.；n. 阿森纳(英格兰一足球队名)	both	review
article	文章；物品；条款；[语] 冠词	both	G4-verb-sense-lost
articles	[语] 文章；物品；[法] 条款；[语] 冠词	both	G4-verb-sense-lost
articulate	发音清晰的；口才好的；有关节的	both	G4-verb-sense-lost
articulating	清晰地发（音）；明确有力地表达；用关节连接；使相互连贯	both	G4-verb-sense-lost
ascend	上升；登高；追溯	both	G4-verb-sense-lost
ask	问，询问；要求；需要；邀请；讨价	both	G4-verb-sense-lost
asks	问，询问；要求；需要；邀请；讨价	both	G4-verb-sense-lost
aspire	渴望；立志；追求	both	G4-verb-sense-lost
assassin	n. 暗杀者；刺客；Assassin.；n. 暗杀基督教十字军成员的穆斯林狂热派	both	review
assassinate	暗杀；行刺	both	G4-verb-sense-lost
assassinated	暗杀；行刺	both	G4-verb-sense-lost
assemble	集合，聚集；装配；收集	both	G4-verb-sense-lost
assign	分配；指派；[计][数] 赋值	both	G4-verb-sense-lost
assigns	受让人，接受财产等转让的人	both	G4-verb-sense-lost
assimilate	吸收；使同化；把…比作；使相似	both	G4-verb-sense-lost
assister	（帮助）的名词形式； 拂	both	G4-verb-sense-lost
assume	僭取；篡夺；夺取；擅用；侵占	both	G4-verb-sense-lost
assure	保证；担保；使确信；弄清楚	both	G4-verb-sense-lost
assures	保证；担保；使确信；弄清楚	both	G4-verb-sense-lost
atomize	使分裂为原子；将…喷成雾状；使遭受原子弹轰炸	both	G4-verb-sense-lost
atrophy	萎缩，萎缩症；发育停止	both	G4-verb-sense-lost
attack	攻击；抨击；疾病发作	both	G4-verb-sense-lost
attainment	n. 达到；获得；attainments:成就； 才能； 学识.	both	review
attend	出席；致力于；照料；照顾	both	G4-verb-sense-lost
attender	出席者；按规定常到的人；常客	both	G4-verb-sense-lost
attenuated	[生物][物] 衰减的；瘦长的	both	G4-verb-sense-lost
attest	证明；证实；为…作证	both	G4-verb-sense-lost
attune	使协调；使合拍；为…调音；调合波长	both	G4-verb-sense-lost
auditions	试演；试听；[生理] 听力	both	G4-verb-sense-lost
augur	预言者；占兆官；占卜师	both	G4-verb-sense-lost
augured	预示，预兆，预言； 成为预兆； 占卜	both	G4-verb-sense-lost
augurs	（古罗马的）占兆官； 占卜师，预言者	both	G4-verb-sense-lost
authenticate	鉴定；证明…是真实的	both	G4-verb-sense-lost
author	作者；作家；创始人	both	G4-verb-sense-lost
authored	授权；任命	both	G4-verb-sense-lost
authorize	批准，认可；授权给；委托代替	both	G4-verb-sense-lost
authors	n. 作家；作者；vt. 编写；创作；Author.；n. 上帝	both	review
autoload	自动加载[装填，装卸，上料，送料]	both	G4-verb-sense-lost
automate	使自动化，使自动操作	both	G4-verb-sense-lost
avail	有益于，有益于；使对某人有利	both	G4-verb-sense-lost
avatar	n. （网络空间中使用的）头像；化身；（印度教）天神下凡；Avatar.；n. 阿凡达	both	review
aver	人名；(法、俄、塞)阿韦尔	both	G4-verb-sense-lost
averages	平均水平； （速度等的）平均率； 平均估价	both	G4-verb-sense-lost
avow	承认；公开宣称；坦率承认	both	G4-verb-sense-lost
awaken	唤醒；唤起；使…意识到	both	G4-verb-sense-lost
awakes	唤醒； 觉悟到； 使觉悟	both	G4-verb-sense-lost
awarded	授予；判定	both	G4-verb-sense-lost
awarding	颁奖；获奖情况	both	G4-verb-sense-lost
awards	奖项；判决；[劳经] 奖赏	both	G4-verb-sense-lost
axed	（用斧）砍； 精简（机构等）； 大量削减（经费等）	both	G4-verb-sense-lost
axing	（用斧）砍； 精简（机构等）； 大量削减（经费等）	both	G4-verb-sense-lost
babied	婴儿，婴孩；孩子气的人	both	G4-verb-sense-lost
baby	婴儿，婴孩；孩子气的人	both	G4-verb-sense-lost
backcross	回[逆]交，回交杂种	both	G4-verb-sense-lost
backfill	回填；用来填满坑穴的泥土或其他东西	both	G4-verb-sense-lost
background	背景；隐蔽的位置	both	G4-verb-sense-lost
backlog	[管理] 积压的工作；积压待办的事务；大木材	both	G4-verb-sense-lost
backpedal	倒踏脚踏板；（拳击中的）后退；（意见等的）撤回；变卦	both	G4-verb-sense-lost
backslider	指那些想要改掉坏习惯，但是往往在改了一段时间后又恢复老习惯的人	both	G4-verb-sense-lost
backstab	以卑鄙的手段陷害	both	G4-verb-sense-lost
backstop	挡球网；捕手；支撑物	both	G4-verb-sense-lost
backstops	挡球网；捕手；支撑物	both	G4-verb-sense-lost
backtrack	[计] 回溯；由原路返回；放弃	both	G4-verb-sense-lost
badge	徽章；证章；标记	both	G4-verb-sense-lost
badger	獾；獾皮；（大写）獾州人（美国威斯康星州人的别称）；毛鼻袋熊	both	G4-verb-sense-lost
badgering	獾；獾皮；（大写）獾州人（美国威斯康星州人的别称）；毛鼻袋熊	both	G4-verb-sense-lost
badgers	n. 獾；獾皮(毛)；Badger:獾州人(对威斯康星州人的昵称).；v. 纠缠；一再烦扰；吵着要	both	review
baffles	[机][电子] 挡板；困惑；转盘	both	G4-verb-sense-lost
baited	引诱；在…中放诱饵；折磨	both	G4-verb-sense-lost
baits	（钓鱼等用的）饵，诱饵； 用作诱饵的人（或物）	both	G4-verb-sense-lost
bale	包；捆；灾祸；不幸	both	G4-verb-sense-lost
baled	将某物打成包或包装成捆	both	G4-verb-sense-lost
bales	捆；毛包	both	G4-verb-sense-lost
ballot	投票；投票用纸；投票总数	both	G4-verb-sense-lost
band	带，环；[物] 波段；(演奏流行音乐的) 乐队	both	G4-verb-sense-lost
bandied	吵嘴，顶嘴； 传播（谣言、消息等）（常为漫不经心地）	both	G4-verb-sense-lost
banners	横幅；旗帜广告；广告横幅	both	G4-verb-sense-lost
bar	条，棒；酒吧；障碍；法庭	both	G4-verb-sense-lost
bared	人名；(阿拉伯)巴雷德	both	G4-verb-sense-lost
barer	光秃秃的； （房间、柜子等） 空的； 赤裸的； 刚好够的	both	G4-verb-sense-lost
barges	[船] 驳船	both	G4-verb-sense-lost
barging	驳船运输；驳运	both	G4-verb-sense-lost
bark	人名；(英、西、德、捷、法、芬、瑞典)巴克；(阿拉伯、俄)巴尔克	both	G4-verb-sense-lost
barks	剥（树皮）；狗吠	both	G4-verb-sense-lost
barricading	设路障于，以障碍物阻塞； 设路障[防御工事]保卫或固守	both	G4-verb-sense-lost
bashed	痛击，猛击； 严厉批评	both	G4-verb-sense-lost
bastardized	退化非纯种的；非正宗的	both	G4-verb-sense-lost
bat	蝙蝠；球棒；球拍；批处理文件的扩展名	both	G4-verb-sense-lost
baths	洗澡；浴缸	both	G4-verb-sense-lost
batten	板条；曲尺；扣板；小方材	both	G4-verb-sense-lost
batter	击球手；（用鸡蛋、牛奶、面粉等调成的）糊状物；墙面的倾斜	both	G4-verb-sense-lost
bawls	大叫，大喊； 放声大哭； 大声叫出； 叫卖（货物）	both	G4-verb-sense-lost
bayed	（尤指猎犬等）吠，叫，咆哮	both	G4-verb-sense-lost
beam	横梁；光线；电波；船宽；[计量] 秤杆	both	G4-verb-sense-lost
beat	拍子；敲击；有规律的一连串敲打	both	G4-verb-sense-lost
bebe	[医]婴儿（计算机病毒名）； [人名] 比比	both	review
becky	n. 贝基（女子名；Rebecca的昵称）	both	review
beef	牛肉；肌肉；食用牛；牢骚	both	G4-verb-sense-lost
beefed	牛肉；肌肉；食用牛；牢骚	both	G4-verb-sense-lost
beefing	牛肉；肌肉；食用牛；牢骚	both	G4-verb-sense-lost
befit	适合于；为…该做的；对…适当	both	G4-verb-sense-lost
befriend	帮助；待人如友；扶助	both	G4-verb-sense-lost
beget	产生；招致；引起；当…的父亲	both	G4-verb-sense-lost
begrudge	羡慕，嫉妒；吝惜，舍不得给	both	G4-verb-sense-lost
beguile	欺骗；使着迷；轻松地消磨	both	G4-verb-sense-lost
behave	表现；（机器等）运转；举止端正；（事物）起某种作用	both	G4-verb-sense-lost
behaves	表现；（机器等）运转；举止端正；（事物）起某种作用	both	G4-verb-sense-lost
behead	砍头；使河流被夺流	both	G4-verb-sense-lost
belabor	痛打；抨击；过度说明；反复讨论	both	G4-verb-sense-lost
belgique	比利时（西欧国家，首都布鲁塞尔Brussels）	both	review
belie	掩饰；与…不符；使失望；证明…虚假错误	both	G4-verb-sense-lost
believe	信任；料想；笃信宗教	both	G4-verb-sense-lost
bella	贝拉（女子名，等于Arabella，Isabella）	both	review
belly	腹部；胃；食欲	both	G4-verb-sense-lost
belong	属于，应归入；居住；适宜；应被放置	both	G4-verb-sense-lost
bennett	班尼特（男子名, 等于Benedict）	both	review
bequeath	遗赠；把…遗赠给；把…传下去	both	G4-verb-sense-lost
bequeathed	遗赠；把…遗赠给；把…传下去	both	G4-verb-sense-lost
berate	严责；申斥	both	G4-verb-sense-lost
berry	浆果（葡萄，番茄等）	both	G4-verb-sense-lost
berthed	停泊； 占铺位	both	G4-verb-sense-lost
berths	（船、列车等的）卧铺； （船舶的）停泊位或锚位； 差事； 船台	both	G4-verb-sense-lost
beseech	恳求，哀求；乞求，急切地要求得到	both	G4-verb-sense-lost
besiege	围困；包围；烦扰	both	G4-verb-sense-lost
besmirch	弄污；损害；诽谤	both	G4-verb-sense-lost
best	最好的人，最好的事物；最佳状态	both	G4-verb-sense-lost
betake	去，往，到（某处、某人处）	both	G4-verb-sense-lost
bethink	考虑； 开始想； （被）想起； 提醒	both	G4-verb-sense-lost
betide	预示；降临于，发生于	both	G4-verb-sense-lost
betray	背叛；出卖；泄露（秘密）；露出…迹象	both	G4-verb-sense-lost
betraying	背叛；出卖；泄露（秘密）；露出…迹象	both	G4-verb-sense-lost
beverly	Beverly.；n. 贝弗利（美国马萨诸塞州东北部城市）	both	review
beware	注意，当心；提防	both	G4-verb-sense-lost
bewitch	施魔法于，蛊惑；使着迷	both	G4-verb-sense-lost
bewitched	着魔的；被迷住的	both	G4-verb-sense-lost
bewray	泄露，暴露，显示	both	G4-verb-sense-lost
bib	围嘴，围涎；围裙的上部	both	G4-verb-sense-lost
bibs	（小儿用的）围嘴； 围裙的上部	both	G4-verb-sense-lost
bicker	吵嘴；口角；（水的）潺潺声	both	G4-verb-sense-lost
bid	出价；叫牌；努力争取	both	G4-verb-sense-lost
bigfoot	大脚；传说中生存于北美洲西北部太平洋沿岸森林中的野人（等于Sasquatch）	both	review
bilge	舱底；舱底污水；无聊的话	both	G4-verb-sense-lost
bilges	舱底； 无聊的想法，废话	both	G4-verb-sense-lost
bind	捆绑；困境；讨厌的事情；植物的藤蔓	both	G4-verb-sense-lost
bioassay	生物测定，生物鉴定；[生物] 活体检定	both	G4-verb-sense-lost
biodegrade	生物递降分解	both	G4-verb-sense-lost
birthing	生育的；生育用的；分娩用的	both	G4-verb-sense-lost
bite	咬；一口；咬伤；刺痛	both	G4-verb-sense-lost
bitterest	怀恨的； 尖锐的； 严寒的； 愤愤不平的	both	G4-verb-sense-lost
bivy	[军队俚语]小帐篷；临时营帐；[英国俚语]	both	G4-verb-sense-lost
biz	商业（等于business）	both	review
blabber	多嘴的人；泄密者；胡言乱语	both	G4-verb-sense-lost
blabbering	多嘴的人；泄密者；胡言乱语	both	G4-verb-sense-lost
blackbird	画眉；燕八哥；山鸟类；(欧洲的)乌鸫	both	G4-verb-sense-lost
blacked	弄脏； 使变黑； 抵制； 把黑油彩抹在（演员）脸上	both	G4-verb-sense-lost
blacken	使变黑；诽谤，诋毁	both	G4-verb-sense-lost
blackguard	恶棍；说脏话的人	both	G4-verb-sense-lost
blackmail	勒索，敲诈；勒索所得之款	both	G4-verb-sense-lost
blarney	奉承话；谄媚；胡扯	both	G4-verb-sense-lost
blazes	地狱； 火焰； 光辉； 迸发； （光或色彩等的）展现	both	G4-verb-sense-lost
bleeds	流血； 勒索，敲诈； 散开； 给（某人）放血	both	G4-verb-sense-lost
blemish	瑕疵；污点；缺点	both	G4-verb-sense-lost
blemished	有瑕疵的；有污点的	both	G4-verb-sense-lost
blister	水泡；水疱；气泡；砂眼；起泡剂	both	G4-verb-sense-lost
blisters	[医] 水疱；起疱剂；[冶] 气泡	both	G4-verb-sense-lost
bloat	膨胀的东西，肿胀的人；肿胀病人；自满的人	both	G4-verb-sense-lost
bloodied	血腥的；非常的；嗜杀的，残忍的；血色的	both	G4-verb-sense-lost
bloody	血腥的；非常的；嗜杀的，残忍的；血色的	both	G4-verb-sense-lost
blooms	花朵；[生态] 水华	both	G4-verb-sense-lost
blossom	花；开花期；兴旺期；花开的状态	both	G4-verb-sense-lost
blotted	涂污； （用吸墨纸）吸干	both	G4-verb-sense-lost
bluffed	以假象欺骗，吹牛； 以虚张声势找出或达成	both	G4-verb-sense-lost
bluffs	恐吓； 悬崖； 峭壁	both	G4-verb-sense-lost
blunt	钝的，不锋利的；生硬的；直率的	both	G4-verb-sense-lost
blunted	钝的，不锋利的；生硬的；直率的	both	G4-verb-sense-lost
blurb	大肆宣传；吹捧性广告；商品信息	both	G4-verb-sense-lost
blurt	未加思索地冲口说出；突然说出	both	G4-verb-sense-lost
boast	自夸；值得夸耀的事物，引以为荣的事物	both	G4-verb-sense-lost
boats	船；船艇	both	G4-verb-sense-lost
bobby	n. (英)警察；Bobby.；n. 鲍比(男子名；Robert的昵称)	both	review
bobs	使上下（或来回）快速摆动； 剪短（头发）； 截短（尾巴）； 轻敲	both	G4-verb-sense-lost
bodies	（人或动物的）身体；（文章、文件等的）正文；主体部分	both	G4-verb-sense-lost
body	身体；主体；大量；团体；主要部分	both	G4-verb-sense-lost
boil	沸腾，煮沸；疖子	both	G4-verb-sense-lost
boils	生疖，疮	both	G4-verb-sense-lost
bolt	螺栓，螺钉；闪电，雷电；门闩；弩箭；（布的）一匹，一卷	both	G4-verb-sense-lost
bombs	[军] 炸弹	both	G4-verb-sense-lost
bondable	提供保证书(或保金), 充当…的保证人, 为…作保	both	G4-verb-sense-lost
bonneville	博纳维尔牌汽车； 犹他州的邦纳维尔； [医]宝石柱白鲑； [人名] 博纳维尔； [地名] [法国] 博讷维尔	both	review
bookstore	书店（等于bookshop）	both	review
boomed	激增； 猛涨； 发出隆隆声； 以低沉有力的声音说话	both	G4-verb-sense-lost
boondoggle	手工品；细小而无用的事；劳动力和生产工具不经济的利用	both	G4-verb-sense-lost
boosted	提高，推进；宣传	both	G4-verb-sense-lost
bootlegs	（尤指在音乐会上录制的） 私制唱片	both	G4-verb-sense-lost
bootstrap	[计] 引导程序，辅助程序；解靴带	both	G4-verb-sense-lost
bootstrapped	bootstrap（拔靴带，靴襻；自己单独从事的，自力的，靠自身努力的，自力更生的；靠自身努力摆脱某种状况）的变形	both	G4-verb-sense-lost
bootstraps	[计] 引导程序，辅助程序；解靴带；[复]独自所做的努力	both	G4-verb-sense-lost
bop	防喷器；（美口）波普爵士音乐；一击	both	G4-verb-sense-lost
bopping	跳舞； 击，打	both	G4-verb-sense-lost
bops	防喷装置堆	both	G4-verb-sense-lost
bosom	胸；胸怀；中间；胸襟；内心；乳房；内部	both	G4-verb-sense-lost
boss	老板；首领；工头	both	G4-verb-sense-lost
bottom	底部；末端；臀部；尽头	both	G4-verb-sense-lost
bowled	参加保龄球赛	both	G4-verb-sense-lost
bows	饰片；弓形物	both	G4-verb-sense-lost
boxer	n. 拳击手；拳师狗；boxers: 拳击短裤.	both	review
bracket	支架；括号；墙上凸出的托架	both	G4-verb-sense-lost
braid	辫子；穗带；发辫	both	G4-verb-sense-lost
brained	有头脑的，有思想的	both	G4-verb-sense-lost
brainstorm	集思广益；头脑风暴；灵机一动	both	G4-verb-sense-lost
braise	文火炖熟的肉；赤鲷	both	G4-verb-sense-lost
branch	树枝，分枝；分部；支流	both	G4-verb-sense-lost
branches	[计][核] 分支；分支机构	both	G4-verb-sense-lost
brands	品牌；烙印	both	G4-verb-sense-lost
brattle	隆隆地响，呱哒呱哒地跑，（动物）受惊而奔跑	both	G4-verb-sense-lost
brays	驴叫声，似驴叫的声音； （喇叭的）嘟嘟声	both	G4-verb-sense-lost
breaching	烟道导管；烟道总管；模拟板实验性电路板功能试验	both	G4-verb-sense-lost
bream	鲤科鱼；欧鳊属淡水鱼；用加热和刮擦的方法清扫船底	both	G4-verb-sense-lost
breasts	[解剖] 乳房；胸脯	both	G4-verb-sense-lost
breckenridge	[英格兰人姓氏] 布雷肯里奇 Brackenridge的变体； [地名] [美国] 布雷肯里奇	both	review
breed	[生物] 品种；种类，类型	both	G4-verb-sense-lost
breeds	[生物] 品种；族类	both	G4-verb-sense-lost
breeze	微风；轻而易举的事；煤屑；焦炭渣；小风波	both	G4-verb-sense-lost
bridged	在…建桥	both	G4-verb-sense-lost
bridges	n. 桥；Bridges.；n. 布里奇斯(姓氏)	both	review
briefest	短暂的； （衣着）短的； 简洁的； 简明的	both	G4-verb-sense-lost
brigade	旅；大部队；队列	both	G4-verb-sense-lost
brigades	旅；大部队；队列	both	G4-verb-sense-lost
bring	带来；促使；引起；使某人处于某种情况或境地	both	G4-verb-sense-lost
bringer	带来者；提供者	both	G4-verb-sense-lost
bringing	带来；促使；引起；使某人处于某种情况或境地	both	G4-verb-sense-lost
brisk	敏锐的，活泼的，轻快的；凛冽的	both	G4-verb-sense-lost
broached	谈起； 打开并开始用； 用凿子扩大（或修光）； （在桶上）钻孔取液体	both	G4-verb-sense-lost
broaches	谈起； 打开并开始用； 用凿子扩大（或修光）； （在桶上）钻孔取液体	both	G4-verb-sense-lost
broadcast	广播；播音；广播节目	both	G4-verb-sense-lost
bronzes	青铜； 青铜色； 赤褐色； 青铜艺术品	both	G4-verb-sense-lost
brooded	孵蛋； 沉思	both	G4-verb-sense-lost
broods	（雏鸡、鸟等的）一窝； 一家的孩子	both	G4-verb-sense-lost
bros	(brothers之略)兄弟	both	review
browbeat	恫吓，吓唬；欺侮	both	G4-verb-sense-lost
browned	褐色的，棕色的，咖啡色的，赭色的；皮肤(晒得)黝黑的，皮肤给晒黑了的；肤色深的	both	G4-verb-sense-lost
brush	刷子；画笔；毛笔；争吵；与某人有效冲突；灌木丛地带；矮树丛；狐狸尾巴	both	G4-verb-sense-lost
brutalize	残酷地对待；使像野兽般残忍，使变得残酷无情	both	G4-verb-sense-lost
brutalized	残酷地对待；使像野兽般残忍，使变得残酷无情	both	G4-verb-sense-lost
bubble	气泡，泡沫，泡状物；透明圆形罩，圆形顶	both	G4-verb-sense-lost
buck	（美）钱，元；雄鹿；纨绔子弟；年轻的印第安人或黑人	both	G4-verb-sense-lost
buckler	小圆盾，防御物，防卫	both	G4-verb-sense-lost
bucks	雄鹿队（篮球队名）；巴克斯（英国伦敦附近的一个郡名）	both	G4-verb-sense-lost
bud	芽，萌芽；蓓蕾	both	G4-verb-sense-lost
budged	（使）稍微移动； （使）改变主意，（使）让步	both	G4-verb-sense-lost
budging	（使）稍微移动； （使）改变主意，（使）让步	both	G4-verb-sense-lost
buff	浅黄色；软皮；爱好者；[俚] 健康的身体	both	G4-verb-sense-lost
buffalo	[畜牧][脊椎] 水牛；[脊椎] 野牛（产于北美）；水陆两用坦克	both	G4-verb-sense-lost
buffed	健壮的；肌肉发达的	both	G4-verb-sense-lost
buffet	自助餐；小卖部；打击；猛烈冲击	both	G4-verb-sense-lost
bug	臭虫，小虫；故障；窃听器	both	G4-verb-sense-lost
bugger	家伙；同性恋者；鸡奸者	both	G4-verb-sense-lost
buggered	家伙；同性恋者；鸡奸者	both	G4-verb-sense-lost
bugle	喇叭；军号；筋骨草属植物	both	G4-verb-sense-lost
bulked	变得越来越大	both	G4-verb-sense-lost
bulks	（大）体积； （巨大）物体； 主体； 巨大的体重（或重量、形状、身体等）	both	G4-verb-sense-lost
bulldog	牛头犬，恶犬；短枪管大型手枪	both	G4-verb-sense-lost
bulldoze	强迫；恫吓；用推土机清除	both	G4-verb-sense-lost
bulldozed	强迫；恫吓；用推土机清除	both	G4-verb-sense-lost
bullied	威胁；恃强欺弱	both	G4-verb-sense-lost
bully	欺凌弱小者；土霸	both	G4-verb-sense-lost
bullying	恃强欺弱的行为	both	G4-verb-sense-lost
bulwarks	堡垒； 保障； 支柱； 舷墙	both	G4-verb-sense-lost
bum	流浪汉；屁股；狂欢作乐；能力差的人；嗡嗡声；执达员（等于bumbailiff）	both	review
bums	屁股； 懒鬼； （被）解雇； 沉湎于…（娱乐等）活动的人	both	G4-verb-sense-lost
bunco	欺诈；骗局（赌博中的）	both	G4-verb-sense-lost
bunt	短打；推；顶撞	both	G4-verb-sense-lost
buoy	[水运] 浮标；浮筒；救生圈；航标	both	G4-verb-sense-lost
buoys	浮标； 航标； 救生圈； 救生衣	both	G4-verb-sense-lost
burgers	n. 汉堡；Burgers.；n. 伯格斯(姓氏)	both	review
burgess	n. (英)市民；镇民；（代表市镇或大学的）国会议员；（殖民地弗吉尼亚州或马里兰州的立法机关）下议院议员；Burgess：.；n. 伯吉斯	both	review
burrow	（兔、狐等的）洞穴，地道；藏身处，住处	both	G4-verb-sense-lost
burst	爆发，突发；爆炸	both	G4-verb-sense-lost
bused	[计] 多丛的，事先培训好的，计划中的	both	G4-verb-sense-lost
bushes	灌木；丛林地带；小城镇	both	G4-verb-sense-lost
busk	妇女胸衣；妇女胸衣前端的钢丝	both	G4-verb-sense-lost
bustle	喧闹；活跃；裙撑；热闹的活动	both	G4-verb-sense-lost
bustled	闹哄哄地忙乱，奔忙； 催促	both	G4-verb-sense-lost
busts	半身雕塑像； 妇女的胸部； 胸围； 突击搜捕	both	G4-verb-sense-lost
busy	忙碌的；热闹的；正被占用的	both	G4-verb-sense-lost
butt	屁股；烟头；笑柄；靶垛；粗大的一端	both	G4-verb-sense-lost
buy	购买，买卖；所购的物品	both	G4-verb-sense-lost
buys	购买，购得； 做出牺牲以获得； 够支付； 买通	both	G4-verb-sense-lost
cab	驾驶室；出租汽车；出租马车	both	G4-verb-sense-lost
cables	[电] 电缆；锚索；连线	both	G4-verb-sense-lost
caches	[计] 高速缓存；隐藏所；隐藏物	both	G4-verb-sense-lost
cajole	以甜言蜜语哄骗；勾引	both	G4-verb-sense-lost
cajoled	以甜言蜜语哄骗；勾引	both	G4-verb-sense-lost
cajoling	以甜言蜜语哄骗；勾引	both	G4-verb-sense-lost
calculate	计算；预测；认为；打算	both	G4-verb-sense-lost
calendar	日历；[天] 历法；日程表	both	G4-verb-sense-lost
calendared	日历；[天] 历法；日程表	both	G4-verb-sense-lost
calk	鞋底防滑尖铁；马蹄防滑刺	both	G4-verb-sense-lost
called	打电话、称呼；[通信] 呼叫；访问	both	G4-verb-sense-lost
callus	[皮肤] 胼胝；愈合组织；老茧	both	G4-verb-sense-lost
calmest	（水面）平静的； （天气）无风的； 镇定的； 宁静的	both	G4-verb-sense-lost
calypso	n. 卡利普索民歌；匙唇兰；Calypso.；n. [希神]卡吕普索(海之女神)	both	review
cam	abbr. 计算机辅助制造 - manufacturing；n. 凸轮	both	review
campaigned	作战；参加竞选；参加活动	both	G4-verb-sense-lost
campaigning	作战；参加竞选；参加活动	both	G4-verb-sense-lost
camps	露营，营地；野营房	both	G4-verb-sense-lost
canal	运河；[地理] 水道；[建] 管道；灌溉水渠	both	G4-verb-sense-lost
canals	[水运] 运河；隧道	both	G4-verb-sense-lost
canceled	取消的；已撤消的	both	G4-verb-sense-lost
cancer	n. 癌；肿瘤；毒瘤；Cancer.；n. 巨蟹座	both	review
cane	手杖；藤条；细长的茎	both	G4-verb-sense-lost
caned	手杖；藤条；细长的茎	both	G4-verb-sense-lost
canker	[植保] 溃疡病；口疮；腐败的原由，弊害	both	G4-verb-sense-lost
canning	n. 罐头制造业；装罐头；Canning.；n. 坎宁（姓氏）	both	review
cannon	大炮；加农炮；榴弹炮；机关炮	both	G4-verb-sense-lost
canonize	推崇；使加入圣徒之列；褒扬；将…封为圣徒	both	G4-verb-sense-lost
canonized	推崇；使加入圣徒之列；褒扬；将…封为圣徒	both	G4-verb-sense-lost
canton	n. 一些国家的行政区；(瑞士的）州；（法国的）县；（徽章或旗子）右上角的小方块部分；Canton.；n. 广州（英语中的旧称）	both	review
cants	罗马甜瓜，香瓜，哈密瓜	both	G4-verb-sense-lost
caper	跳跃，雀跃；刺山柑花蕾；不法活动	both	G4-verb-sense-lost
capitulate	认输，屈服；屈从，停止反抗；有条件投降；让步	both	G4-verb-sense-lost
capped	给…戴帽；去蒂；覆以…；除去盖子；胜过	both	G4-verb-sense-lost
capsize	倾覆（特指船）；翻覆；弄翻	both	G4-verb-sense-lost
capsizing	（船）翻覆，公司裁员瘦身到无法正常运作的情况	both	G4-verb-sense-lost
capsule	胶囊；[植] 蒴果；太空舱；小容器	both	G4-verb-sense-lost
capsules	[药] 胶囊；太空舱；小盒	both	G4-verb-sense-lost
captain	队长，首领；船长；上尉；海军上校	both	G4-verb-sense-lost
caption	标题；字幕；说明；逮捕	both	G4-verb-sense-lost
carbureted	使与碳化合；增碳	both	G4-verb-sense-lost
career	生涯；职业；事业；速度，全速	both	G4-verb-sense-lost
caress	爱抚，拥抱；接吻	both	G4-verb-sense-lost
carlyle	n. 卡莱尔(①姓氏；男子名 ②Thomas；1795-1881；苏格兰作家；历史学家；哲学家)	both	review
carouse	喧闹的酒会或宴会；一饮而尽	both	G4-verb-sense-lost
carrie	卡丽（女名，Caroline的昵称）	both	review
carries	携带；传递；运载；怀孕	both	G4-verb-sense-lost
carta	[计] - Analysis,计算机辅助记录器捕获分析	both	review
carted	用推车或卡车运送	both	G4-verb-sense-lost
cartoon	卡通片，[电影] 动画片；连环漫画	both	G4-verb-sense-lost
cartwright	n. 车匠；修车工；Cartwright.；n. 卡特赖特(名字)；卡特赖特·埃德蒙(英国动力织机发明者；1743-1823)	both	review
carve	雕刻；切开；开创	both	G4-verb-sense-lost
cascade	小瀑布，瀑布状物；串联	both	G4-verb-sense-lost
castigate	严惩；苛评；矫正；修订	both	G4-verb-sense-lost
castrate	阉割；删除；去掉最重要的部分；使丧失力量	both	G4-verb-sense-lost
catalyze	催化；刺激，促进	both	G4-verb-sense-lost
catapult	弹弓；石弩；飞机弹射器；（飞机上的）座椅弹射器	both	G4-verb-sense-lost
categorizing	分类；分类题	both	G4-verb-sense-lost
cater	投合，迎合；满足需要；提供饮食及服务	both	G4-verb-sense-lost
catered	投合，迎合；满足需要；提供饮食及服务	both	G4-verb-sense-lost
caterpillar	n. 毛虫；Caterpillar.；n. 卡特彼勒(财富500强公司之一；总部所在地美国；主要经营工业农业设备)	both	review
caucasus	高加索（俄罗斯南部地区，位于黑海和里海之间，等于Caucasia）；高加索山脉（等于 Mountains）	both	review
cause	原因；事业；目标	both	G4-verb-sense-lost
cauterize	烧灼；腐蚀；使麻木（等于cauterise）	both	G4-verb-sense-lost
caved	& vi. （使）塌陷，倒塌	both	G4-verb-sense-lost
caves	[地质] 洞穴	both	G4-verb-sense-lost
cavort	腾跃；欢跃；寻欢作乐	both	G4-verb-sense-lost
cecil	n. 塞西尔(①姓氏；男子名② Robert；1864-1958；英国政治家；曾获1937年诺贝尔和平奖)	both	review
celebrex	[医]西乐葆(celecoxib制剂)	both	review
celestial	adj. 天上的；非凡的；n. 天神；Celestial.；adj. 中国的；中国人的；n. 中国人	both	review
censor	检查员；[心理] 潜意识压抑力；信件检查员	both	G4-verb-sense-lost
center	中心，中央；中锋；中心点	both	G4-verb-sense-lost
centralize	使集中；使成为…的中心；使集权	both	G4-verb-sense-lost
chafed	摩擦；激怒	both	G4-verb-sense-lost
chafes	擦热（尤指皮肤）； 擦痛； 发怒； 惹怒	both	G4-verb-sense-lost
chaff	糠；谷壳；无价值的东西	both	G4-verb-sense-lost
chaffed	糠；谷壳；无价值的东西	both	G4-verb-sense-lost
chagrin	懊恼；委屈；气愤	both	G4-verb-sense-lost
chair	椅子；讲座；（会议的）主席位；大学教授的职位	both	G4-verb-sense-lost
chalk	粉笔；白垩；用粉笔划的记号	both	G4-verb-sense-lost
chalks	制造白色或彩色粉笔的白垩	both	G4-verb-sense-lost
champ	咀嚼；咀嚼声	both	G4-verb-sense-lost
champs	冠军计划（肯德基）	both	G4-verb-sense-lost
chance	机会，际遇；运气，侥幸；可能性	both	G4-verb-sense-lost
chandler	n. 杂货零售商人；蜡烛商；Chandler.；n. 钱德勒（男子名；美国亚利桑那州中南部一城市）	both	review
chanted	吟唱	both	G4-verb-sense-lost
chants	咏唱，咏唱的话语	both	G4-verb-sense-lost
chaperon	年长女伴（陪伴未婚少女上社交场所的）；监护人（青年社交聚会时在场的）	both	G4-verb-sense-lost
chaperoning	陪伴，伴随（未婚少女）； 作女子陪伴人，作监护人	both	G4-verb-sense-lost
chapman	n. 叫卖小贩；商人；Chapman；n. 查普曼(男子名)	both	review
charbroiled	用木炭火烤(肉)	both	G4-verb-sense-lost
charley	[男子名] 查利 Charles的昵称	both	review
charms	符咒；护身符；吸引力	both	G4-verb-sense-lost
chart	图表；海图；图纸；排行榜	both	G4-verb-sense-lost
charted	绘制…的图；制订	both	G4-verb-sense-lost
charts	图表；排行榜	both	G4-verb-sense-lost
che	胆碱酯酶（等于cholinesterase）；化学（等于Chemical）；充电指示灯	both	review
cheat	欺骗，作弊；骗子	both	G4-verb-sense-lost
cheated	欺骗，哄骗	both	G4-verb-sense-lost
checker	检验员；收银员；棋子；方格图案；制止者	both	G4-verb-sense-lost
cheer	欢呼；愉快；心情；令人愉快的事	both	G4-verb-sense-lost
chevy	人名；(法)舍维	both	G4-verb-sense-lost
chewer	反刍动物；咀嚼口香糖的人	both	G4-verb-sense-lost
chews	咀嚼，咬； （因为紧张等）咬住，不停地啃，（为尝味道）不停地咀嚼； 中粒煤	both	G4-verb-sense-lost
chicken	鸡肉；小鸡；胆小鬼，懦夫	both	G4-verb-sense-lost
chickened	鸡肉；小鸡；胆小鬼, 懦夫	both	G4-verb-sense-lost
chime	钟声；一套发谐音的钟；和谐	both	G4-verb-sense-lost
chimed	敲出和谐的乐声； 报（时）； 插嘴； （以…）打断谈话	both	G4-verb-sense-lost
chimes	编钟；钟琴；调和	both	G4-verb-sense-lost
chippers	a. 爽朗的, 活泼的, 爽快的	both	G4-verb-sense-lost
chitter	聊天；啾啾而鸣；冷得发抖	both	G4-verb-sense-lost
chok	香港潮语，指耍帅，摆酷，将自己最自信的一面展示出来	both	G4-verb-sense-lost
chokes	填塞； （使）窒息； （尤指感情激动）而哽咽； 因紧张而失灵	both	G4-verb-sense-lost
chop	砍；排骨；商标；削球	both	G4-verb-sense-lost
chorus	合唱队；齐声；歌舞队	both	G4-verb-sense-lost
choruses	合唱队；齐声；歌舞队	both	G4-verb-sense-lost
chow	食物；中国狗（体壮，有褐或黑色厚毛，舌为深蓝色）	both	G4-verb-sense-lost
christianized	使成为基督教徒	both	G4-verb-sense-lost
christy	人名；(英)克里斯蒂，克丽丝蒂(女名) (教名Christian、Christabel的昵称)	both	review
chromosome	[遗][细胞][染料] 染色体（形容词chromosomal，副词chromosomally）	both	review
chuck	[机] 卡盘；抚弄；赶走；恰克	both	G4-verb-sense-lost
chucked	扔； 抛； 抛弃； 丢弃	both	G4-verb-sense-lost
chuckled	咯咯的笑，轻声地笑	both	G4-verb-sense-lost
chunked	n. 大块, 矮胖的人(或物)	both	G4-verb-sense-lost
churns	奶桶，搅拌桶； 搅乳器	both	G4-verb-sense-lost
chuse	选择，选定	both	G4-verb-sense-lost
chute	瀑布；斜槽；降落伞；陡坡道	both	G4-verb-sense-lost
chutes	斜槽，滑道； 降落伞	both	G4-verb-sense-lost
cinches	容易做的事情； 必然发生的事	both	G4-verb-sense-lost
cinching	容易做的事情； 必然发生的事； 卷紧	both	G4-verb-sense-lost
cindy	辛迪（女子名，Cynthia的昵称）	both	review
circle	循环，周期；圆；圈子；圆形物	both	G4-verb-sense-lost
circuit	[电子] 电路，回路；巡回；一圈；环道	both	G4-verb-sense-lost
circumcise	割包皮；割除阴蒂；除去邪念	both	G4-verb-sense-lost
circumcised	割包皮；割除阴蒂；除去邪念	both	G4-verb-sense-lost
civilize	使文明；教化；使开化	both	G4-verb-sense-lost
civilizing	使文明；教化；使开化	both	G4-verb-sense-lost
claiming	声称；要求给予；理应获得	both	G4-verb-sense-lost
claims	要求，请求权；[贸易] 索赔；债权；[法] 权利要求	both	G4-verb-sense-lost
claps	鼓掌； 淋病； 善意的拍打； 砰然巨响	both	G4-verb-sense-lost
clash	冲突，不协调；碰撞声，铿锵声	both	G4-verb-sense-lost
clasping	抱紧； 紧紧拥抱； 握紧； 攥紧	both	G4-verb-sense-lost
clasps	钩； 紧握	both	G4-verb-sense-lost
clattered	发出咔哒声	both	G4-verb-sense-lost
claw	爪；螯，钳；爪形器具	both	G4-verb-sense-lost
clawing	爪；螯，钳；爪形器具	both	G4-verb-sense-lost
cleanest	清洁的； 整齐的； 新的； 正派的	both	G4-verb-sense-lost
clears	变明朗； 明白； 离去； （通过票据交换所）交换票据	both	G4-verb-sense-lost
cleave	人名；(英)克利夫	both	G4-verb-sense-lost
cleo	n. 克利奥(女子名；Cleopatra的昵称)	both	review
clews	（解决问题的）线索，线团	both	G4-verb-sense-lost
climbs	爬； 攀登； （尤指吃力地向某处）爬； 登山	both	G4-verb-sense-lost
cling	坚持，墨守；紧贴；附着	both	G4-verb-sense-lost
clings	附着于； 抓紧或抱住； 坚持； 依恋，依附于	both	G4-verb-sense-lost
clinique	诊所，门诊部（等于clinic）	both	review
clip	剪；修剪；剪下报刊上的文章（或新闻、图片等）；迅速行动；用别针别在某物上，用夹子夹在某物上	both	G4-verb-sense-lost
clips	夹子；回形针；弹片；剪下来的东西	both	G4-verb-sense-lost
cloak	斗蓬；宽大外衣；托词	both	G4-verb-sense-lost
cloaked	斗蓬；宽大外衣；托词	both	G4-verb-sense-lost
cloaks	（尤指旧时的）披风； 斗篷； 外衣； 战袍	both	G4-verb-sense-lost
clocked	[计][修]时钟控制，定时（的）	both	G4-verb-sense-lost
clogs	木屐；木底鞋；阻碍	both	G4-verb-sense-lost
cloister	回廊；修道院；修道院生活；隐居地	both	G4-verb-sense-lost
clone	克隆；无性系；无性繁殖；靠营养生殖而由母体分离繁殖的植物	both	G4-verb-sense-lost
closets	橱； 壁橱； 厕所； 贮藏室	both	G4-verb-sense-lost
clothe	给…穿衣；覆盖；赋予	both	G4-verb-sense-lost
clovis	[法]克洛维斯； [人名] 克洛维斯； [地名] [美国] 克洛维斯	both	review
club	俱乐部，社团；夜总会；棍棒；（扑克牌中的）梅花	both	G4-verb-sense-lost
clubs	俱乐部；社团；（扑克牌）梅花	both	G4-verb-sense-lost
clustered	成群的；聚集成群的	both	G4-verb-sense-lost
coach	教练；旅客车厢；长途公车；四轮大马车	both	G4-verb-sense-lost
coals	煤炭； 煤块	both	G4-verb-sense-lost
coarsen	使变粗；使变粗俗	both	G4-verb-sense-lost
cock	公鸡；龙头；雄鸟；头目	both	G4-verb-sense-lost
cockle	海扇壳，海扇类；鸟蛤；麦仙翁；小舟	both	G4-verb-sense-lost
cocks	[禽] 公鸡；闷头；塞子	both	G4-verb-sense-lost
cocos	[医]椰子； [地名] [巴西] 科库斯	both	review
code	代码，密码；编码；法典	both	G4-verb-sense-lost
codify	编纂；将...编成法典；编成法典	both	G4-verb-sense-lost
cogitate	仔细考虑；谋划	both	G4-verb-sense-lost
cohabit	同居（尤指未婚而同居者）	both	G4-verb-sense-lost
cohabiting	同居生活	both	G4-verb-sense-lost
coiled	盘绕的；卷成圈的	both	G4-verb-sense-lost
coined	杜撰（新词等）；铸造（硬币）	both	G4-verb-sense-lost
coliseum	竞技场；大剧场；大体育馆（等于colosseum）	both	review
collaborate	合作；勾结，通敌	both	G4-verb-sense-lost
collocate	布置；排列；使成搭配	both	G4-verb-sense-lost
collude	勾结；串通；共谋	both	G4-verb-sense-lost
cologne	n. 科隆香水；古龙水；Cologne:科隆(德国城市名）.	both	review
colonize	将…开拓为殖民地；移于殖民地；从他地非法把选民移入	both	G4-verb-sense-lost
colonized	将…开拓为殖民地；移于殖民地；从他地非法把选民移入	both	G4-verb-sense-lost
colonizing	将…开拓为殖民地；移于殖民地；从他地非法把选民移入	both	G4-verb-sense-lost
coloured	adj. 彩色的；有色的；动词词colour的过去式和过去分词.	both	review
comb	梳子；蜂巢；鸡冠	both	G4-verb-sense-lost
combine	联合收割机；联合企业	both	G4-verb-sense-lost
combines	使化合；使联合，使结合	both	G4-verb-sense-lost
comfort	安慰；舒适；安慰者	both	G4-verb-sense-lost
comforted	安慰；舒适；安慰者	both	G4-verb-sense-lost
comfortingly	令人欣慰地；安慰地	both	G4-verb-sense-lost
comforts	安慰；舒适；安慰者	both	G4-verb-sense-lost
comfy	舒服的；轻松的（等于comfortable）	both	review
commemorate	庆祝，纪念；成为…的纪念	both	G4-verb-sense-lost
commemorating	庆祝，纪念；成为…的纪念	both	G4-verb-sense-lost
commencing	开始；初动；进入速率；起始速率	both	G4-verb-sense-lost
comment	评论；意见；批评	both	G4-verb-sense-lost
commented	评论；意见；批评	both	G4-verb-sense-lost
commercialize	使商业化；使商品化	both	G4-verb-sense-lost
commercialized	商业化的	both	G4-verb-sense-lost
commission	委员会；佣金；犯；委任；委任状	both	G4-verb-sense-lost
commissions	[会计] 佣金，[会计] 手续费；现金奖励情况	both	G4-verb-sense-lost
commit	犯罪，做错事；把...交托给；指派…作战；使…承担义务	both	G4-verb-sense-lost
commits	犯罪，做错事；把...交托给；指派…作战；使…承担义务	both	G4-verb-sense-lost
communicate	通讯，传达；相通；交流；感染	both	G4-verb-sense-lost
comp	电脑及相关知识；DOS命令：比较两个文件的内容；免费票；广告样稿；排字工人	both	G4-verb-sense-lost
compacts	压紧， （使）坚实	both	G4-verb-sense-lost
companied	公司；陪伴, 同伴；连队	both	G4-verb-sense-lost
company	公司；陪伴，同伴；连队	both	G4-verb-sense-lost
compare	相比，匹敌；比较，区别；比拟（常与to连用）	both	G4-verb-sense-lost
compartmentalize	划分，区分	both	G4-verb-sense-lost
compass	指南针，罗盘；圆规	both	G4-verb-sense-lost
compassed	指南针, 罗盘；圆规	both	G4-verb-sense-lost
compassionate	慈悲的；富于同情心的	both	G4-verb-sense-lost
comped	〈口〉排字(工人)；〈美〉恭维话；招待券	both	G4-verb-sense-lost
compile	编译；编制；编辑；[图情] 汇编	both	G4-verb-sense-lost
comping	左手伴奏； 参加有奖竞赛的嗜好	both	G4-verb-sense-lost
compliment	恭维；称赞；问候；致意；道贺	both	G4-verb-sense-lost
complimented	恭维；称赞；问候；致意；道贺	both	G4-verb-sense-lost
complimenting	表扬，恭维	both	G4-verb-sense-lost
comply	遵守；顺从，遵从；答应	both	G4-verb-sense-lost
complying	遵守；顺从，遵从；答应	both	G4-verb-sense-lost
compose	构成；写作；使平静；排…的版	both	G4-verb-sense-lost
compt	点数；计算（等于count）	both	G4-verb-sense-lost
compute	计算；估计；推断	both	G4-verb-sense-lost
computerize	使电脑化；使计算机化；用电脑处理	both	G4-verb-sense-lost
conceded	承认；退让；给予，容许	both	G4-verb-sense-lost
concedes	承认；退让；给予，容许	both	G4-verb-sense-lost
concoct	捏造；混合而制；调合；图谋	both	G4-verb-sense-lost
concocted	捏造；混合而制；调合；图谋	both	G4-verb-sense-lost
concreted	混凝土的；实在的, 具体的；有形的	both	G4-verb-sense-lost
concur	同意；一致；互助	both	G4-verb-sense-lost
condemn	谴责；判刑，定罪；声讨	both	G4-verb-sense-lost
condescend	屈尊；俯就；（对某人）表现出优越感	both	G4-verb-sense-lost
condition	条件；情况；环境；身份	both	G4-verb-sense-lost
condo	分户出售公寓大厦（等于condominium）	both	review
condone	宽恕；赦免	both	G4-verb-sense-lost
conduce	导致；有益，有贡献于	both	G4-verb-sense-lost
confederate	n. 同盟者；同盟国；同伙；Confederate：美国南部联盟.；adj. 同盟的；联合的；v. （使)结盟；（使)联合	both	review
configure	安装；使成形	both	G4-verb-sense-lost
confine	界限，边界；约束；限制	both	G4-verb-sense-lost
confiscate	没收；充公；查抄	both	G4-verb-sense-lost
conflict	冲突，矛盾；斗争；争执	both	G4-verb-sense-lost
conflicted	冲突，矛盾；斗争；争执	both	G4-verb-sense-lost
conglomerates	[岩] 砾岩；综合性大企业；集合体	both	G4-verb-sense-lost
congratulate	祝贺；恭喜；庆贺	both	G4-verb-sense-lost
congratulated	祝贺；恭喜；庆贺	both	G4-verb-sense-lost
conjure	念咒召唤；用魔法驱赶；提出，想象；恳求	both	G4-verb-sense-lost
connexion	连接，联系（等于connection）	both	review
connie	n. 康妮(女子名；Constance的昵称)；n. 康尼(男子名； 和 Cornelius的昵称)	both	review
conrad	康拉德（男子名，等于Konrad）	both	review
consecrate	神圣的；被献给神的	both	G4-verb-sense-lost
consent	同意；（意见等的）一致；赞成	both	G4-verb-sense-lost
consider	考虑；认为；细想	both	G4-verb-sense-lost
consign	交付；托运；寄存；把…委托给	both	G4-verb-sense-lost
constitute	组成，构成；建立；任命	both	G4-verb-sense-lost
constituted	组成，构成；建立；任命	both	G4-verb-sense-lost
constituting	组成，构成；建立；任命	both	G4-verb-sense-lost
constrain	驱使；强迫；束缚	both	G4-verb-sense-lost
consume	消耗，消费；使…着迷；挥霍	both	G4-verb-sense-lost
consumes	消耗，消费；使…著迷；挥霍	both	G4-verb-sense-lost
consummate	至上的；完美的；圆满的	both	G4-verb-sense-lost
consummated	至上的；完美的；圆满的	both	G4-verb-sense-lost
contemplate	沉思；注视；思忖；预期	both	G4-verb-sense-lost
contest	竞赛；争夺；争论	both	G4-verb-sense-lost
contested	争辩；提出质疑	both	G4-verb-sense-lost
contextualize	将置于上下文中研究；使…溶入背景	both	G4-verb-sense-lost
contours	轮廓；[气象] 等高线	both	G4-verb-sense-lost
contracts	[经] 合同；[法] 契约	both	G4-verb-sense-lost
contradict	反驳；否定；与…矛盾；与…抵触	both	G4-verb-sense-lost
contradicts	反驳；否定；与…矛盾；与…抵触	both	G4-verb-sense-lost
contrasting	形成鲜明对比的；差异大的	both	G4-verb-sense-lost
contravene	抵触；违反；反驳；否认	both	G4-verb-sense-lost
contribute	贡献，出力；投稿；捐献	both	G4-verb-sense-lost
convicting	证明…有罪；宣告…有罪	both	G4-verb-sense-lost
convoke	召集；召集…开会	both	G4-verb-sense-lost
convolve	使卷；使盘旋；使缠绕	both	G4-verb-sense-lost
convoy	护送；护卫；护航队	both	G4-verb-sense-lost
convulse	震撼；使剧烈震动；使抽搐	both	G4-verb-sense-lost
cooed	（鸽）咕咕地叫，发出鸽叫般的声音； 温柔可爱地说话	both	G4-verb-sense-lost
coop	鸡笼；小屋；捕鱼篓	both	G4-verb-sense-lost
cooped	把…关进笼子里；限制；拘禁	both	G4-verb-sense-lost
coord	n. 同等的事物；n. 坐标；n. 一致；相同；同位；n. 配位；配价；adj. 坐标的；adj. 同位的；对等的；等位的；并列的；协调的；adj. 配位的	both	G4-verb-sense-lost
coordinated	adj. 协调性好的；协调的，配合的；v. coordinate的动词过去式、过去分词	both	review
coos	（鸽）咕咕地叫，发出鸽叫般的声音； 温柔可爱地说话	both	G4-verb-sense-lost
coped	成功地应付，对付	both	G4-verb-sense-lost
copulate	连接的；联合的；结合的	both	G4-verb-sense-lost
cordoba	n. 科多瓦(尼加拉瓜的货币单位)；Cordoba.；n. 科尔多瓦（西班牙城市)；n. 科尔多瓦(阿根廷城市)	both	review
corn	（美）玉米；（英）谷物；[皮肤] 鸡眼	both	G4-verb-sense-lost
corner	角落，拐角处；地区，偏僻处；困境，窘境	both	G4-verb-sense-lost
correspond	符合，一致；相应；通信	both	G4-verb-sense-lost
corresponds	符合，一致；相应；通信	both	G4-verb-sense-lost
corroded	侵蚀的，已被腐蚀的	both	G4-verb-sense-lost
costumed	穿著特种服装的；穿著戏装的	both	G4-verb-sense-lost
cottonwood	n. [植]三角叶杨；棉白杨；Cottonwood.；n. 科顿伍德河(美明尼苏达州河流名)	both	review
couched	表达	both	G4-verb-sense-lost
couching	（白内障手术方法之一）针拨白内障； 贴绒缝绣； 贴线缝绣	both	G4-verb-sense-lost
cough	咳嗽，咳嗽声；咳嗽病	both	G4-verb-sense-lost
councillor	议员；顾问；参赞（等于councilor）	both	review
counsel	法律顾问；忠告；商议；讨论；决策	both	G4-verb-sense-lost
counsellor	顾问；参赞；辅导员（等于counselor）；律师；法律顾问	both	review
counselor	顾问；法律顾问；参事（等于counsellor）	both	review
countenance	面容，表情；支持	both	G4-verb-sense-lost
counter	柜台；对立面；计数器；（某些棋盘游戏的）筹码	both	G4-verb-sense-lost
counterbore	（用平底扩孔钻）扩孔[锪孔，镗孔，镗阶梯孔]，沉孔，埋头孔； 扩孔钻	both	G4-verb-sense-lost
countered	反击，还击	both	G4-verb-sense-lost
counters	[核][电子] 计数器；计数器组件	both	G4-verb-sense-lost
counts	[数] 计数，[纺] 支数	both	G4-verb-sense-lost
couple	对；夫妇；数个	both	G4-verb-sense-lost
course	科目；课程；过程；进程；道路；路线，航向；一道菜	both	G4-verb-sense-lost
courted	试图取悦； 追求（关注或声望）	both	G4-verb-sense-lost
courting	讨好，向…献殷勤；求偶	both	G4-verb-sense-lost
courts	[法] 法院；场地	both	G4-verb-sense-lost
cousins	n. 卡曾斯(姓)；cousins.；n. 堂兄弟；堂姐妹；表兄弟；表姐妹	both	review
covenant	契约，盟约；圣约；盖印合同	both	G4-verb-sense-lost
cover	封面，封皮；盖子；掩蔽物；幌子，借口	both	G4-verb-sense-lost
covers	覆盖；封面，盖子；暗礁，保证金，暗礁群	both	G4-verb-sense-lost
coveted	垂涎的；梦寐以求的	both	G4-verb-sense-lost
cower	退缩；抖缩；蜷缩；弯腰屈膝	both	G4-verb-sense-lost
cowhide	牛皮，牛皮鞭；母牛皮，母牛皮革	both	G4-verb-sense-lost
coz	堂兄弟姐妹；表兄弟姐妹（等于cousin）	both	review
cozies	（尤指因地方小或封闭而）温暖舒适的；亲密无间的；密切的	both	G4-verb-sense-lost
cpm	n. 每分钟卡片张数(临界途径法)；abbr. 腐蚀防护手册（ Manual，CPM）	both	review
crab	螃蟹；蟹肉；脾气乖戾的人；起重机	both	G4-verb-sense-lost
crabs	蟹类；吊钳；脾气坏的人	both	G4-verb-sense-lost
cracker	n. 薄脆饼干；发出爆裂声的东西；爆竹；裂化设备；黑客；迷人的女子；自夸的人；穷苦白人；(复)crackers：n. 胡桃钳；Cracker	both	review
cradle	摇篮；发源地；发祥地；支船架	both	G4-verb-sense-lost
crafter	工匠；气泡孔；焊弧坑；手工者；针眼纸病	both	G4-verb-sense-lost
cramps	肌肉抽筋；腹部绞痛	both	G4-verb-sense-lost
crams	塞入； 填塞； 塞满； （为考试而）死记硬背功课	both	G4-verb-sense-lost
crane	吊车，起重机；鹤	both	G4-verb-sense-lost
cranes	起重机；鹤	both	G4-verb-sense-lost
cranks	思想奇怪的人； 脾气坏的人； 容易恼怒的人； ( 字形)曲柄	both	G4-verb-sense-lost
cray	小龙虾（等于crayfish）	both	review
creams	乳霜； 精英； 奶油色； 乳脂	both	G4-verb-sense-lost
credit	n. 信用；荣誉；学分；赞扬；贷款；赊欠；贷方；存款；(复)credits: 演职员名单.；v. 归功于；相信；记入贷方	both	review
creeps	缺磷症；佝偻病；毛骨悚然的感觉	both	G4-verb-sense-lost
creosote	[林] 木馏油；碳酸；杂芬油	both	G4-verb-sense-lost
crest	[物] 波峰；冠；山顶；顶饰	both	G4-verb-sense-lost
crests	到达山顶（或浪峰）； 到达洪峰，达到顶点	both	G4-verb-sense-lost
crews	一起工作的人，一群做同一工作的人	both	G4-verb-sense-lost
cries	叫喊；传闻	both	G4-verb-sense-lost
criminalize	宣告…为犯法行为；判定…为非法事件	both	G4-verb-sense-lost
criminate	定罪；使负罪；责备	both	G4-verb-sense-lost
criticize	批评；评论；苛求	both	G4-verb-sense-lost
criticizes	批评；评论；非难	both	G4-verb-sense-lost
croak	呱呱叫声；低沉沙哑的说话声	both	G4-verb-sense-lost
croaked	呱呱地叫； 用粗的声音说	both	G4-verb-sense-lost
croaks	呱呱地叫； 用粗的声音说	both	G4-verb-sense-lost
croix	克鲁瓦； [地名] [法国] 克鲁瓦	both	review
crook	骗子，坏蛋；弯处，弯曲部分；钩状物	both	G4-verb-sense-lost
croon	低吟，低吟声；轻哼，轻哼声	both	G4-verb-sense-lost
crooned	带感情地唱（古老的流行歌曲等）； 低声吟唱	both	G4-verb-sense-lost
crooning	低声歌唱；满怀柔情地唱流行歌曲	both	G4-verb-sense-lost
croons	带感情地唱（古老的流行歌曲等）； 低声吟唱	both	G4-verb-sense-lost
crop	产量；农作物；庄稼；平头	both	G4-verb-sense-lost
crowd	群众,一伙；一堆,许多,大众	both	G4-verb-sense-lost
crowds	人群；大众；一大堆；观众观众	both	G4-verb-sense-lost
crowley	[爱尔兰姓氏] 克罗利住所名称，来源于古英语，含义是“鸦+树林，开垦地”(crow+wood,clearing)	both	review
crowns	王冠； 花冠（有时象征胜利）； 王权； （某物的）顶部	both	G4-verb-sense-lost
crows	[鸟] 乌鸦；望风者	both	G4-verb-sense-lost
crusade	改革运动；十字军东侵	both	G4-verb-sense-lost
crusading	改革运动；十字军东侵	both	G4-verb-sense-lost
crush	粉碎；迷恋；压榨；拥挤的人群	both	G4-verb-sense-lost
crushes	压碎，压坏； 破坏； 镇压； 榨	both	G4-verb-sense-lost
crust	地壳；外壳；面包皮；坚硬外皮	both	G4-verb-sense-lost
crutch	拐杖；支柱；依靠；胯部	both	G4-verb-sense-lost
cry	叫喊；叫声；口号；呼叫	both	G4-verb-sense-lost
crystallize	使结晶；明确；使具体化；做成蜜饯	both	G4-verb-sense-lost
cuddled	拥抱；偎依；舒服地贴著身睡	both	G4-verb-sense-lost
cued	向…发出指示信号	both	G4-verb-sense-lost
cues	开端，线索；提示，关键；球杆；诱因	both	G4-verb-sense-lost
cuff	袖口，裤子翻边；手铐；一巴掌	both	G4-verb-sense-lost
cuffed	折口；袖级袖；翻口短袜	both	G4-verb-sense-lost
cuffs	袖口；手铐；护腕	both	G4-verb-sense-lost
cuing	发辫；尾；【台】球杆；(买票等的)排队	both	G4-verb-sense-lost
cull	剔出来杀掉的动物；拣出的等外品	both	G4-verb-sense-lost
cully	容易受骗的人，被人愚弄的人，伙伴儿	both	G4-verb-sense-lost
culminated	到绝顶；达到高潮；达到顶点	both	G4-verb-sense-lost
cultivate	培养；陶冶；耕作	both	G4-verb-sense-lost
cure	治疗；治愈；[临床] 疗法	both	G4-verb-sense-lost
cures	治愈；治疗法	both	G4-verb-sense-lost
curses	诅咒，咒骂	both	G4-verb-sense-lost
curtail	缩减；剪短；剥夺…特权等	both	G4-verb-sense-lost
curtained	带帘子的；装有窗帘的	both	G4-verb-sense-lost
curtsey	女人行的鞠躬礼；屈膝礼	both	G4-verb-sense-lost
cushion	垫子；起缓解作用之物；（猪等的）臀肉；银行储蓄	both	G4-verb-sense-lost
cuss	诅咒；家伙；坏话	both	G4-verb-sense-lost
cussing	诅咒；家伙；坏话	both	G4-verb-sense-lost
customize	定做，按客户具体要求制造	both	G4-verb-sense-lost
customized	自定义；客制化；自定义级别	both	G4-verb-sense-lost
customizer	[IT]定制器； 定制服务提供商	both	G4-verb-sense-lost
cut	伤口；切口；削减；（服装等的）式样；削球；切入	both	G4-verb-sense-lost
cycle	循环；周期；自行车；整套；一段时间	both	G4-verb-sense-lost
cycles	周期；循环动作；圈数	both	G4-verb-sense-lost
cypher	[数] 零；零的记号；密码索引书	both	G4-verb-sense-lost
dab	轻拍；少量；熟手；比目鱼	both	G4-verb-sense-lost
dabble	溅湿；浸入水中	both	G4-verb-sense-lost
dabbled	溅湿；浸入水中	both	G4-verb-sense-lost
dallying	随随便便地对待； 不很认真地考虑； 浪费时间； 调情	both	G4-verb-sense-lost
danced	跳舞； 手舞足蹈； 摇晃； 跳跃	both	G4-verb-sense-lost
dances	跳舞； 舞会； 舞蹈艺术； 某种形式的舞	both	G4-verb-sense-lost
dangle	人名；(法)当格勒	both	G4-verb-sense-lost
dans	(=1- acid) 1-二甲基氨基萘-5-磺酸,(=1-dimethylaminonaphthalene-5-sulfonyl) 1-二甲基氨基萘-5-磺酰	both	review
dares	敢； 敢做； 激（某人做某事）； 问（某人）有没有胆量（做某事）	both	G4-verb-sense-lost
darlene	达琳（亦作 Darleen）	both	review
dart	投掷，投射；使迅速突然移动	both	G4-verb-sense-lost
darted	投掷，投射； 向前冲，飞奔	both	G4-verb-sense-lost
dashes	破折号；冲撞；少量添加物	both	G4-verb-sense-lost
dateline	国际日期变更线；报纸写明的发稿日期及地址；新闻电头	both	G4-verb-sense-lost
daub	涂抹；涂料；拙劣的画	both	G4-verb-sense-lost
daunted	使气馁，使畏缩；威吓	both	G4-verb-sense-lost
dawdle	混日子；游手好闲；浪费时间	both	G4-verb-sense-lost
dawned	破晓； （天）刚亮； 开始出现； 变得明朗	both	G4-verb-sense-lost
dawns	黎明； 开端； 天亮； （破晓时的）晨空	both	G4-verb-sense-lost
deactivate	使无效；使不活动；遣散；复员	both	G4-verb-sense-lost
deadheads	n. 免费乘客, 免费入场者	both	G4-verb-sense-lost
deal	交易；（美）政策；待遇；份量	both	G4-verb-sense-lost
dealing	n. 经营方法；行为态度；dealings:商务往来； 交往.	both	review
deallocate	[计] 解除分配, 再分配, 解除分配, 释放	both	G4-verb-sense-lost
deals	[贸易] 交易；份额；协约	both	G4-verb-sense-lost
debar	阻止；排除；防止	both	G4-verb-sense-lost
debase	降低；使…贬值；掺杂	both	G4-verb-sense-lost
debate	辩论；辩论会	both	G4-verb-sense-lost
debates	[法] 辩论；讨论	both	G4-verb-sense-lost
debilitate	使衰弱；使虚弱	both	G4-verb-sense-lost
debilitation	衰弱；乏力	both	G4-verb-sense-lost
debits	（簿记中的）收方，借方； 从账户中提取的款项	both	G4-verb-sense-lost
debunk	揭穿；拆穿…的假面具；暴露	both	G4-verb-sense-lost
decan	黄道十度分度	both	G4-verb-sense-lost
decapitate	斩首；解雇；使无效	both	G4-verb-sense-lost
decay	衰退，[核] 衰减；腐烂，腐朽	both	G4-verb-sense-lost
decays	（使）腐烂，腐朽； 衰败，衰退，衰落	both	G4-verb-sense-lost
decertified	收回…的证件；收回执照	both	G4-verb-sense-lost
decertify	收回…的证件；收回执照	both	G4-verb-sense-lost
deck	甲板；行李仓；露天平台	both	G4-verb-sense-lost
declassify	从机密表删除；撤销文件等的机密级	both	G4-verb-sense-lost
declines	下降；衰退；拒绝	both	G4-verb-sense-lost
decode	译(密码文电等)，译(码)，解(码)等：；(尤指在学习过程中)把拼写和读音关系用于(阅读)	both	G4-verb-sense-lost
decommission	使…退役；解除…的军职	both	G4-verb-sense-lost
decommissioning	退役；停运	both	G4-verb-sense-lost
decrease	减少，减小；减少量	both	G4-verb-sense-lost
decried	责难，谴责；诽谤	both	G4-verb-sense-lost
decry	责难，谴责；诽谤	both	G4-verb-sense-lost
decrypt	译电文；解密码；解释	both	G4-verb-sense-lost
decrypted	译电文；解密码；解释	both	G4-verb-sense-lost
decrypting	[计]解密码（技术，方法）	both	G4-verb-sense-lost
decrypts	译电文；解密码；解释	both	G4-verb-sense-lost
deduce	推论，推断；演绎出	both	G4-verb-sense-lost
deduct	扣除，减去；演绎	both	G4-verb-sense-lost
deem	认为，视作；相信	both	G4-verb-sense-lost
defacer	损伤外观, 丑化, 使失面子	both	G4-verb-sense-lost
defamer	[法] 诋毁名誉者	both	G4-verb-sense-lost
default	违约；缺席；缺乏；系统默认值	both	G4-verb-sense-lost
defeat	失败的事实；击败的行为	both	G4-verb-sense-lost
defect	缺点，缺陷；不足之处	both	G4-verb-sense-lost
defended	[法] 辩护	both	G4-verb-sense-lost
defers	拖延，延缓，推迟； 服从某人的意愿，遵从	both	G4-verb-sense-lost
defies	藐视；公然反抗；挑衅；使落空	both	G4-verb-sense-lost
deflower	摧毁…的花；夺去（少女）贞节；吸取精华；采花	both	G4-verb-sense-lost
defocus	去焦现象；散焦现象	both	G4-verb-sense-lost
defray	支出；支付	both	G4-verb-sense-lost
defund	从…抽回资金	both	G4-verb-sense-lost
degauss	消磁，消除（船）四周磁场以防御磁雷； 去磁	both	G4-verb-sense-lost
deglaze	使脱釉； 溶解粘在（煎锅）上的肉粒	both	G4-verb-sense-lost
degrade	贬低；使……丢脸；使……降级；使……降解	both	G4-verb-sense-lost
degrees	n. 度；学位；名词degree复数形式.	both	review
dehumanize	使成兽性；使失掉人性	both	G4-verb-sense-lost
dehumanizing	使成兽性；使失掉人性	both	G4-verb-sense-lost
dehydrate	使…脱水；使极其口渴；使丧失力量和兴趣等	both	G4-verb-sense-lost
dehydrating	[医]脱水的	both	G4-verb-sense-lost
dehydro	氟哌利多	both	G4-verb-sense-lost
delaminate	将…分层，分成细层	both	G4-verb-sense-lost
delay	延期；耽搁；被耽搁或推迟的时间	both	G4-verb-sense-lost
delaying	延迟；耽搁	both	G4-verb-sense-lost
delays	延迟；延期	both	G4-verb-sense-lost
delegating	授权；委派；授权式	both	G4-verb-sense-lost
deli	熟食店；[食品] 熟食品（等于delicatessen）	both	review
deliberate	故意的；深思熟虑的；从容的	both	G4-verb-sense-lost
delineate	描绘；描写；画…的轮廓	both	G4-verb-sense-lost
delist	把从上场证券中除去；把…从清单中划去	both	G4-verb-sense-lost
demand	[经] 需求；要求；需要	both	G4-verb-sense-lost
demanded	要求；需要；查询	both	G4-verb-sense-lost
demarcate	划分界线；区别	both	G4-verb-sense-lost
demarcated	划分界线；区别	both	G4-verb-sense-lost
dematerialized	使消失；使丧失物质形态	both	G4-verb-sense-lost
demean	贬低...的身分；举止	both	G4-verb-sense-lost
dementing	[医] 痴呆的	both	G4-verb-sense-lost
demise	死亡，终止；转让；传位	both	G4-verb-sense-lost
democratize	使民主化；使大众化	both	G4-verb-sense-lost
democratized	使民主化；使大众化	both	G4-verb-sense-lost
demolition	拆除（等于demolishment）；破坏；毁坏	both	review
demoralize	使道德败坏；使堕落；使士气低落	both	G4-verb-sense-lost
demote	使降级；使降职	both	G4-verb-sense-lost
demoted	使降级；使降职	both	G4-verb-sense-lost
demystified	使非神秘化；阐明；启发	both	G4-verb-sense-lost
demystify	使非神秘化；阐明；启发	both	G4-verb-sense-lost
den	贼窝，私室；兽穴，窝巢；小房间	both	G4-verb-sense-lost
denominate	有特定名称的	both	G4-verb-sense-lost
denominated	为…命名；把…称作…	both	G4-verb-sense-lost
denounce	谴责；告发；公然抨击；通告废除	both	G4-verb-sense-lost
dent	凹痕；削弱；减少；齿	both	G4-verb-sense-lost
deodorize	脱去…的臭味，防臭	both	G4-verb-sense-lost
deoxygenated	[医]（血液）血红蛋白还原的	both	G4-verb-sense-lost
depend	依赖，依靠；取决于；相信，信赖	both	G4-verb-sense-lost
deplete	耗尽，用尽；使衰竭，使空虚	both	G4-verb-sense-lost
deplore	谴责；悲悼；哀叹；对…深感遗憾	both	G4-verb-sense-lost
deport	驱逐出境；举止；放逐	both	G4-verb-sense-lost
deported	驱逐出境；举止；放逐	both	G4-verb-sense-lost
deposit	存款；押金；订金；保证金；沉淀物	both	G4-verb-sense-lost
deposits	[金融] 存款；[地质] 沉积物；订金	both	G4-verb-sense-lost
deprecate	反对；抨击；轻视；声明不赞成	both	G4-verb-sense-lost
depress	压抑；使沮丧；使萧条	both	G4-verb-sense-lost
deprogramming	解洗脑，消除洗脑影响(常以强制手段劝阻接受某些宗教信仰)	both	G4-verb-sense-lost
deregulate	解除对……的管制	both	G4-verb-sense-lost
deregulated	解除对……的管制	both	G4-verb-sense-lost
descend	下降；下去；下来；遗传；屈尊	both	G4-verb-sense-lost
desecrate	亵渎；污辱；把（神物）供俗用	both	G4-verb-sense-lost
desecrated	亵渎；污辱；把（神物）供俗用	both	G4-verb-sense-lost
deserts	[地理] 沙漠；[农] 荒原；应得到的报应	both	G4-verb-sense-lost
desexed	使无性欲；使失去性特征；使失去性能力	both	G4-verb-sense-lost
designate	指定；指派；标出；把…定名为	both	G4-verb-sense-lost
desire	欲望；要求，心愿；性欲	both	G4-verb-sense-lost
desorb	使…释放出吸收之物； 使放出； 解吸	both	G4-verb-sense-lost
desorbed	释出被吸收之物；使解除吸附	both	G4-verb-sense-lost
despair	绝望；令人绝望的人或事	both	G4-verb-sense-lost
despaired	绝望；令人绝望的人或事	both	G4-verb-sense-lost
despise	轻视，鄙视	both	G4-verb-sense-lost
despoil	掠夺，剥夺；夺取	both	G4-verb-sense-lost
destress	消除过度的紧张, 减缓对…的压力	both	G4-verb-sense-lost
detained	被扣留，[法] 扣留	both	G4-verb-sense-lost
deter	制止，阻止；使打消念头	both	G4-verb-sense-lost
deterred	制止，阻止；使打消念头	both	G4-verb-sense-lost
deterring	制止，阻止；使打消念头	both	G4-verb-sense-lost
dethrone	废黜；废位赶出；罢免	both	G4-verb-sense-lost
dethroned	废黜；废位赶出；罢免	both	G4-verb-sense-lost
devalue	使贬值；降低…的价值	both	G4-verb-sense-lost
devalued	使贬值；降低…的价值	both	G4-verb-sense-lost
devaluing	使贬值；降低…的价值	both	G4-verb-sense-lost
devil	魔鬼；撒旦；家伙；恶棍；淘气鬼；冒失鬼	both	G4-verb-sense-lost
devolve	转移；移交；使滚下；衰落	both	G4-verb-sense-lost
deworming	[医] 除蠕虫	both	G4-verb-sense-lost
dhl	敦豪速递公司（Dalsey， Lynn是一家国际快递公司）	both	review
dialogue	对话；意见交换	both	G4-verb-sense-lost
dialoguing	(小说中的)对白；对语；对话体	both	G4-verb-sense-lost
dialyzed	[医]透析了的，透析的	both	G4-verb-sense-lost
diamond	钻石，金刚石；菱形；方块牌	both	G4-verb-sense-lost
dickens	n. 魔鬼；究竟；Dickens；n. 狄更斯（英国作家）	both	review
dicker	小生意；十张；十个	both	G4-verb-sense-lost
died	死亡，消逝	both	G4-verb-sense-lost
dieted	& vi. （使）节制饮食	both	G4-verb-sense-lost
diffract	衍射；使…分散；碾碎	both	G4-verb-sense-lost
diffracting	衍射；使…分散；碾碎	both	G4-verb-sense-lost
diflucan	[医]大扶康（含 fluconazole）	both	review
dight	装； 饰； 整顿； 打扫	both	G4-verb-sense-lost
dike	堤防，堤坝；障碍物；（英）壕沟	both	G4-verb-sense-lost
diked	堤防, 堤坝；障碍物；（英）壕沟	both	G4-verb-sense-lost
dimension	方面；[数] 维；尺寸；次元；容积 vt. 标出尺寸	both	G4-verb-sense-lost
diminish	使减少；使变小	both	G4-verb-sense-lost
diminishment	缩减（diminish的变体）	both	G4-verb-sense-lost
dims	（使）变暗淡； （使）变模糊； （使）减弱； 变淡漠	both	G4-verb-sense-lost
dinning	絮聒不休地说；喧闹	both	G4-verb-sense-lost
dip	下沉，下降；倾斜；浸渍，蘸湿	both	G4-verb-sense-lost
direct	直接的；直系的；亲身的；恰好的	both	G4-verb-sense-lost
dirtier	恶劣的； 肮脏的； 卑劣的； 下流的	both	G4-verb-sense-lost
dirtiest	恶劣的； 肮脏的； 卑劣的； 下流的	both	G4-verb-sense-lost
dirty	下流的，卑鄙的；肮脏的；恶劣的；暗淡的	both	G4-verb-sense-lost
disable	使失去能力；使残废；使无资格	both	G4-verb-sense-lost
disabuse	使省悟；解迷惑；释疑；矫正	both	G4-verb-sense-lost
disaggregate	分解；使…崩溃；解开聚集	both	G4-verb-sense-lost
disaggregated	分解；使…崩溃；解开聚集	both	G4-verb-sense-lost
disagree	不同意；不一致；争执；不适宜	both	G4-verb-sense-lost
disallow	驳回，不接受；不准许	both	G4-verb-sense-lost
disambiguate	消除（字句等的）含糊意义，消除…的虚无主义	both	G4-verb-sense-lost
disambiguated	消除（字句等的）含糊意义, 消除…的虚无主义	both	G4-verb-sense-lost
disappear	消失；失踪；不复存在	both	G4-verb-sense-lost
disapprove	不赞成；不喜欢	both	G4-verb-sense-lost
disavow	否认，否定；抵赖；拒绝对…的责任	both	G4-verb-sense-lost
discard	抛弃；被丢弃的东西或人	both	G4-verb-sense-lost
discharges	下（客）； 卸船； 免除（自己的义务、负担等）； 执行	both	G4-verb-sense-lost
discipline	学科；纪律；训练；惩罚	both	G4-verb-sense-lost
disclaim	否认，拒绝；放弃，弃权；拒绝承认	both	G4-verb-sense-lost
discolor	使变色；使褪色	both	G4-verb-sense-lost
discombobulated	使混乱；使泄气；使困惑	both	G4-verb-sense-lost
discomfited	挫败；扰乱，破坏；使…为难；使…破灭	both	G4-verb-sense-lost
discord	不和；不调和；嘈杂声	both	G4-verb-sense-lost
discovering	发现；使被知晓	both	G4-verb-sense-lost
discredit	怀疑；无信用；名声的败坏	both	G4-verb-sense-lost
disease	病，[医] 疾病；弊病	both	G4-verb-sense-lost
disenfranchise	剥夺…的公民权（等于disfranchise）	both	G4-verb-sense-lost
disenfranchised	剥夺…的公民权（等于disfranchise）	both	G4-verb-sense-lost
disenfranchisement	剥夺公民选举权	both	G4-verb-sense-lost
disfigure	使变丑；损毁…的外形；使大为减色	both	G4-verb-sense-lost
disfiguring	使变丑；损毁…的外形；使大为减色	both	G4-verb-sense-lost
disfranchised	剥夺公民权；剥夺推举议员权	both	G4-verb-sense-lost
disgorge	吐出；被迫交出；香槟酒酿制过程中的一道程序，即在插入最后的软木塞前，把沉淀物从酒瓶中取出	both	G4-verb-sense-lost
disgrace	耻辱；丢脸的人或事；失宠	both	G4-verb-sense-lost
disguise	伪装；假装；用作伪装的东西	both	G4-verb-sense-lost
dish	盘；餐具；一盘食物；外貌有吸引力的人	both	G4-verb-sense-lost
dishearten	使灰心，使沮丧，使气馁	both	G4-verb-sense-lost
dishonors	使丢脸；不尊重；不履行；【商】拒付	both	G4-verb-sense-lost
disintegrated	使分解；使碎裂；使崩溃；使衰变	both	G4-verb-sense-lost
disinter	掘出；发掘；显露	both	G4-verb-sense-lost
disjoint	互斥；没有共同元素；不相交的	both	G4-verb-sense-lost
dislike	嫌恶，反感，不喜爱	both	G4-verb-sense-lost
dislodge	逐出，驱逐；使……移动；用力移动	both	G4-verb-sense-lost
dismantle	拆除；取消；解散；除掉…的覆盖物	both	G4-verb-sense-lost
dismember	肢解，割断手足；分割，瓜分	both	G4-verb-sense-lost
dispel	驱散，驱逐；消除（烦恼等）	both	G4-verb-sense-lost
disperse	分散；使散开；传播	both	G4-verb-sense-lost
dispiriting	令人沮丧的；使人气馁的	both	G4-verb-sense-lost
disposes	处理，处置； 布置； 使愿意或准备做	both	G4-verb-sense-lost
dispossess	剥夺；使失去；逐出；霸占	both	G4-verb-sense-lost
disrobe	使脱光；脱去...的衣服；剥夺	both	G4-verb-sense-lost
disrupt	破坏；使瓦解；使分裂；使中断；使陷于混乱	both	G4-verb-sense-lost
disrupter	破坏者；分裂者	both	G4-verb-sense-lost
disruptor	破坏者，分裂者	both	G4-verb-sense-lost
dissemble	掩饰，掩盖；假装	both	G4-verb-sense-lost
dissembling	掩饰，掩盖；假装	both	G4-verb-sense-lost
dissent	异议；（大写）不信奉国教	both	G4-verb-sense-lost
dissenting	不同意的（等于dissentient）	both	review
dissuade	劝阻，劝止	both	G4-verb-sense-lost
distinguishes	区分；辨别；使杰出，使表现突出	both	G4-verb-sense-lost
distress	危难，不幸；贫困；悲痛	both	G4-verb-sense-lost
distressingly	令人苦恼地；悲惨地	both	G4-verb-sense-lost
distribute	分配；散布；分开；把…分类	both	G4-verb-sense-lost
disturb	打扰；妨碍；使不安；弄乱；使恼怒	both	G4-verb-sense-lost
dither	发抖；递色；[电子] 高频脉动	both	G4-verb-sense-lost
dive	潜水；跳水；俯冲；扑	both	G4-verb-sense-lost
diverged	分歧；偏离；分叉；离题	both	G4-verb-sense-lost
diversify	使多样化，使变化；增加产品种类以扩大	both	G4-verb-sense-lost
divert	转移；使…欢娱；使…转向	both	G4-verb-sense-lost
divides	划分；除；分开；使产生分歧	both	G4-verb-sense-lost
divined	猜测，预测； （用丫形杖）探测（地下水）	both	G4-verb-sense-lost
divorcing	使离婚，使分离；与…离婚	both	G4-verb-sense-lost
dizzy	晕眩的；使人头晕的；昏乱的；心不在焉的；愚蠢的	both	G4-verb-sense-lost
dmoz	开放目录项目（来自于Directory.Mozilla.org的简写，一个由世界各地志愿者共同维护与建设的全球目录社区）	both	review
dock	码头；船坞；被告席；尾巴的骨肉部分	both	G4-verb-sense-lost
doctor	修理；篡改，伪造；为…治病；授以博士学位	both	G4-verb-sense-lost
doctors	[医] 医生	both	G4-verb-sense-lost
document	文件，公文；[计] 文档；证件	both	G4-verb-sense-lost
dod	人名；(英)多德(男子教名George的昵称)；(南非)多德	both	review
doff	脱（衣，帽等）；丢弃，废除；落纱	both	G4-verb-sense-lost
dog	狗；丑女人；卑鄙的人；(俚)朋友	both	G4-verb-sense-lost
doing	n. 做；(复)doings: 所作之事，行为，活动	both	review
dollies	盐酸美沙酮药片	both	G4-verb-sense-lost
dolly	洋娃娃；手推车；移动式摄影车；洗衣搅棒	both	G4-verb-sense-lost
dominate	控制；支配；占优势；在…中占主要地位	both	G4-verb-sense-lost
domination	n. 支配；控制；管辖；dominations:[宗]主天使.	both	review
doodle	v. 乱写；乱画；信手涂鸦；n. 乱写；乱画；Doodle；n. 谷歌涂鸦（搜索引擎谷歌Google于节日和其他纪念日在主页上展示的定制版谷歌图标）	both	review
doom	厄运；死亡；判决；世界末日	both	G4-verb-sense-lost
doses	[药][核] 剂量	both	G4-verb-sense-lost
dow	美国陶氏；美国陶氏化学；道琼斯平均指数	both	G4-verb-sense-lost
dowel	[木] 木钉；暗榫；合板钉	both	G4-verb-sense-lost
downing	放下； （尤指大口或快速地）喝下； 使摔倒； 击落（敌机等）	both	G4-verb-sense-lost
downsize	以较小尺寸设计；缩小尺寸；裁减人数	both	G4-verb-sense-lost
downsized	以较小尺寸设计；缩小尺寸；裁减人数	both	G4-verb-sense-lost
dowse	人名；(英)道丝(女子教名)；(英)道斯，道丝(女名)	both	G4-verb-sense-lost
draft	汇票；草稿；选派；（尤指房间、烟囱、炉子等供暖系统中的）（小股）气流	both	G4-verb-sense-lost
drafted	设计；挑选；拉开	both	G4-verb-sense-lost
drain	排水；下水道，排水管；消耗	both	G4-verb-sense-lost
drained	（使）流干， （使）逐渐流走；喝光，喝干；使（精力、金钱等）耗尽	both	G4-verb-sense-lost
drains	排水沟；吸血	both	G4-verb-sense-lost
dramatic	adj. 戏剧性的；引人注目的；给人深刻印象的；激动人心的；dramatics: n.；戏剧作品；戏剧艺术；戏剧性的行为	both	review
draper	n. 布商；带式输送器；布面清选机；Draper.；n. 德雷珀(姓氏、男子名或地名)	both	review
drayton	德雷顿(①姓氏 ②Michael, 1563-1631, 英国诗人)	both	review
dreads	恐惧，畏惧； 令人恐惧的事物	both	G4-verb-sense-lost
dresses	[服装] 连衣裙；女装	both	G4-verb-sense-lost
drifted	使漂流；使吹积	both	G4-verb-sense-lost
drill	训练；钻孔机；钻子；播种机	both	G4-verb-sense-lost
drink	酒，饮料；喝酒	both	G4-verb-sense-lost
drip	水滴，滴水声；静脉滴注；使人厌烦的人	both	G4-verb-sense-lost
dripped	（使）滴下； 滴出； 含有； 充满	both	G4-verb-sense-lost
drive	驱动器；驾车；[心理] 内驱力，推进力；快车道	both	G4-verb-sense-lost
drivel	鼻涕；口水；糊涂话	both	G4-verb-sense-lost
droned	发出嗡嗡声； （以低沉、单调的声调）谈； 说； 唱	both	G4-verb-sense-lost
drones	雄蜂； 嗡嗡声； 持续的低音或和音； 不务正业而依赖他人为生者	both	G4-verb-sense-lost
drool	口水；梦话，胡说	both	G4-verb-sense-lost
dropping	n. 点滴；滴下；落下物；(复)droppings: 动物的粪.	both	review
drowned	血本无归者；被套牢者	both	G4-verb-sense-lost
drub	用棒打；硬灌；打击	both	G4-verb-sense-lost
drubs	用棒打；硬灌；打击	both	G4-verb-sense-lost
drys	(井,河等)干涸的；(气候)干旱的；无奶的；无泪的	both	G4-verb-sense-lost
dsgn	设计； 标示； 标示； 设计者	both	G4-verb-sense-lost
duck	鸭子；鸭肉；（英）宝贝儿；零分	both	G4-verb-sense-lost
ducked	鸭子；鸭肉；（英）宝贝儿；零分	both	G4-verb-sense-lost
ducks	鸭子；薄帆布工作服，帆布裤子	both	G4-verb-sense-lost
duff	水果布丁；揉好的面团；笨拙的人	both	G4-verb-sense-lost
dull	钝的；迟钝的；无趣的；呆滞的；阴暗的	both	G4-verb-sense-lost
dulled	钝的；迟钝的；无趣的；呆滞的；阴暗的	both	G4-verb-sense-lost
duller	迟钝的； 不鲜明的； 不活跃的； 不热心的	both	G4-verb-sense-lost
dulles	杜勒斯(①姓氏 ② Foster, 1888-1959, 曾于1953-1959任美国国务卿)	both	review
dullest	迟钝的； 不鲜明的； 不活跃的； 不热心的	both	G4-verb-sense-lost
dumb	哑的，无说话能力的；不说话的，无声音的	both	G4-verb-sense-lost
dunning	催债；不断烦扰；（使）成灰兔褐色	both	G4-verb-sense-lost
duns	资料综合编码制度	both	G4-verb-sense-lost
dykes	斜线切割机	both	G4-verb-sense-lost
dynamical	动力学的（等于dynamic）；有生气的；有力的	both	review
ear	耳朵；穗；听觉；倾听	both	G4-verb-sense-lost
earn	赚，赚得；获得，挣得；使得到；博得	both	G4-verb-sense-lost
eases	安心； 无病无痛； （限制的）放松； 容易	both	G4-verb-sense-lost
eastman	伊斯门(①姓氏 ②George, 1854-1932, 美国摄影技术领域的发明家)	both	review
eat	吃，喝；腐蚀；烦扰	both	G4-verb-sense-lost
eavesdrop	屋檐上流下来的水	both	G4-verb-sense-lost
echelon	梯形；梯次编队；梯阵；阶层	both	G4-verb-sense-lost
economize	节约，节省；有效地利用	both	G4-verb-sense-lost
ed	Edmund，Edward，Edwin等的昵称	both	review
edema	[病理] 水肿（等于oedema）；瘤腺体	both	review
edges	[地质] 边缘；边界；优势	both	G4-verb-sense-lost
edify	熏陶；启发；教诲	both	G4-verb-sense-lost
editorialize	（就某事）发表社论；插入主观评论	both	G4-verb-sense-lost
edmond	埃德蒙（亦作Edmund）	both	review
effectuate	完成；实行；招致	both	G4-verb-sense-lost
effexor	[医]郁复伸，（文拉法辛制剂）（含venlafaxine）	both	review
elaborates	详尽说明	both	G4-verb-sense-lost
elbowed	[医]角的，屈的，肘形的	both	G4-verb-sense-lost
elbows	肘；弯头；急弯；（沙发、椅子等的）扶手	both	G4-verb-sense-lost
electing	（进行）选举； 推举； 选择； 决定（做某事）	both	G4-verb-sense-lost
electrify	使电气化；使充电；使触电；使激动	both	G4-verb-sense-lost
electroplate	电镀物品	both	G4-verb-sense-lost
elects	（进行）选举； 推举； 选择； 决定（做某事）	both	G4-verb-sense-lost
elevate	提升；举起；振奋情绪等；提升…的职位	both	G4-verb-sense-lost
elias	伊莱亚斯（希伯来先知, 等于Elijah）	both	review
eliot	n. 埃利奥特；艾略特(姓氏；Elias的异体；亦作Elliott	both	review
elisabeth	伊丽莎白（女子名，等于Elizabeth）	both	review
eluted	[医]被洗脱的，被洗提的	both	G4-verb-sense-lost
emanate	发出；散发；发源	both	G4-verb-sense-lost
emanuel	伊曼纽尔（亦作Emmanuel,Immanuel）	both	review
embalm	铭记于心；使不朽；防腐；使充满香气	both	G4-verb-sense-lost
embed	栽种；使嵌入，使插入；使深留脑中	both	G4-verb-sense-lost
embezzle	盗用；挪用；贪污	both	G4-verb-sense-lost
embolden	使有胆量，使大胆	both	G4-verb-sense-lost
emboldened	使有胆量，使大胆	both	G4-verb-sense-lost
embraceable	能被拥抱的；能被理解或接受的	both	G4-verb-sense-lost
embraces	拥抱；信奉，皈依；包含	both	G4-verb-sense-lost
emigrate	移居；移居外国	both	G4-verb-sense-lost
emigrated	移居；移居外国	both	G4-verb-sense-lost
emmanuel	以马内利（耶稣基督的别称）；伊曼纽尔（男子名，等于Immanuel）	both	review
emoticons	情感符（等于Smiley）	both	review
employs	使用，采用；雇用；使忙于，使从事于	both	G4-verb-sense-lost
empower	授权，允许；使能够	both	G4-verb-sense-lost
emulsified	[医]乳化的	both	G4-verb-sense-lost
enable	使能够，使成为可能；授予权利或方法	both	G4-verb-sense-lost
enabler	使能器，使能者；促成者，赋能者	both	G4-verb-sense-lost
enables	使能够，使成为可能；授予权利或方法	both	G4-verb-sense-lost
enact	颁布；制定法律；扮演；发生	both	G4-verb-sense-lost
encapsulate	压缩；将…装入胶囊；将…封进内部；概述	both	G4-verb-sense-lost
encase	包住；围绕；包装	both	G4-verb-sense-lost
encircle	包围；围绕；环绕	both	G4-verb-sense-lost
encode	（将文字材料）译成密码；编码，编制成计算机语言	both	G4-verb-sense-lost
encore	再演唱的要求；经要求而再唱	both	G4-verb-sense-lost
encourage	鼓励，怂恿；激励；支持	both	G4-verb-sense-lost
encumber	阻塞；妨害；拖累	both	G4-verb-sense-lost
endanger	危及；使遭到危险	both	G4-verb-sense-lost
endear	使…受钟爱；使…亲密	both	G4-verb-sense-lost
endeavor	努力；尽力（等于endeavour）	both	review
endeavored	努力；尽力（等于endeavour）	both	G4-verb-sense-lost
enfeebled	衰弱的；无力的	both	G4-verb-sense-lost
enfold	拥抱；包裹；折叠；围绕	both	G4-verb-sense-lost
enforce	实施，执行；强迫，强制	both	G4-verb-sense-lost
enforceability	可执行性；强制性	both	G4-verb-sense-lost
enfranchise	给予选举权；给予自治权；解放，释放	both	G4-verb-sense-lost
enfranchised	给予选举权；给予自治权；解放，释放	both	G4-verb-sense-lost
engage	从事；答应，保证；交战；啮合	both	G4-verb-sense-lost
engine	引擎，发动机；机车，火车头；工具	both	G4-verb-sense-lost
engined	装有若干数量或某种类型发动机的	both	G4-verb-sense-lost
engineer	工程师；工兵；火车司机	both	G4-verb-sense-lost
engraved	被牢记的；被深深印入的	both	G4-verb-sense-lost
engulf	吞没；吞食，狼吞虎咽	both	G4-verb-sense-lost
engulfed	吞没；吞食，狼吞虎咽	both	G4-verb-sense-lost
engulfment	[医]吞食，病毒固定	both	G4-verb-sense-lost
enhancing	优化，增强；暖色加重效果	both	G4-verb-sense-lost
enjoin	命令；吩咐；嘱咐；禁止	both	G4-verb-sense-lost
enjoy	欣赏，享受；喜爱；使过得快活	both	G4-verb-sense-lost
enlighten	启发，启蒙；教导，开导；照耀	both	G4-verb-sense-lost
enlist	使入伍；征募；谋取…的赞助或帮助	both	G4-verb-sense-lost
enliven	使活泼；使生动；使有生气，使活跃	both	G4-verb-sense-lost
enroll	参加；登记；注册；记入名册	both	G4-verb-sense-lost
enshrine	铭记，珍藏；把…置于神龛内；把…奉为神圣	both	G4-verb-sense-lost
enshrinement	置于神龛中；珍藏；铭记	both	G4-verb-sense-lost
enslave	束缚；征服；使某人成为奴隶	both	G4-verb-sense-lost
ensnare	诱捕；诱入陷阱；进入罗网	both	G4-verb-sense-lost
entertain	娱乐；招待；怀抱；容纳	both	G4-verb-sense-lost
enticer	诱惑者, 引诱者, 勾引者；诱惑物	both	G4-verb-sense-lost
enticingly	诱人地；迷人地	both	G4-verb-sense-lost
entitle	称做…；定名为…；给…称号；使…有权利	both	G4-verb-sense-lost
entrap	使陷入；使陷罗网；欺骗	both	G4-verb-sense-lost
entwine	缠住；盘绕；使缠绕	both	G4-verb-sense-lost
entwined	缠住；盘绕；使缠绕	both	G4-verb-sense-lost
environ	环绕；包围；（敌意地或保护性的）围住	both	G4-verb-sense-lost
envisage	正视，面对；想像	both	G4-verb-sense-lost
episcopal	主教的（副词episcopally）；主教管辖的；主教制度的；英国国教的	both	review
equal	对手；匹敌；同辈；相等的事物	both	G4-verb-sense-lost
equaled	比得上； （质量等方面）赶得上； 与…相等或相同； 使（某物）等于	both	G4-verb-sense-lost
equaling	比得上； （质量等方面）赶得上； 与…相等或相同； 使（某物）等于	both	G4-verb-sense-lost
equalize	补偿；使相等	both	G4-verb-sense-lost
equalled	比得上； （质量等方面）赶得上； 与…相等或相同； 使（某物）等于	both	G4-verb-sense-lost
equals	对手；（地位、实力等）相同或相等的人；相等物	both	G4-verb-sense-lost
equipped	装备；预备；整装	both	G4-verb-sense-lost
equipping	装备；配备；使穿戴	both	G4-verb-sense-lost
equips	装备； 配备； 使有能力； 使胜任	both	G4-verb-sense-lost
equipt	设备, 装置, 器械	both	G4-verb-sense-lost
equivocate	说模棱两可的话；支吾， 躲闪；推诿；含糊其词	both	G4-verb-sense-lost
erecting	建筑；竖立；使…直立	both	G4-verb-sense-lost
erects	使直立，竖起； 建立	both	G4-verb-sense-lost
err	犯错；做错；犯罪；走上歧途	both	G4-verb-sense-lost
erupt	爆发；喷出；发疹；长牙	both	G4-verb-sense-lost
erupting	爆发；喷出；发疹；长牙	both	G4-verb-sense-lost
erwin	欧文(Irving的异体)	both	review
escape	逃跑；逃亡；逃走；逃跑工具或方法；野生种；泄漏	both	G4-verb-sense-lost
escheat	重还，归还，承受转归领主的土地	both	G4-verb-sense-lost
escort	陪同；护航舰；护卫队；护送者	both	G4-verb-sense-lost
escrowed	【法】(暂由第三者保存、待某种条件完成后即交付受让人或权利人的)契据[契约、合同、证书等]	both	G4-verb-sense-lost
escrows	【法】(暂由第三者保存、待某种条件完成后即交付受让人或权利人的)契据[契约、合同、证书等]	both	G4-verb-sense-lost
espouse	支持；嫁娶；赞成；信奉	both	G4-verb-sense-lost
essay	散文；试图；随笔	both	G4-verb-sense-lost
essayer	散文；试图；随笔	both	G4-verb-sense-lost
essays	随笔；短文；试图	both	G4-verb-sense-lost
estimate	估计，估价；判断，看法	both	G4-verb-sense-lost
estrange	使疏远；离间	both	G4-verb-sense-lost
eudora	一种电子邮件软件，由Qualcomm公司出品	both	review
eureka	int. 找到了! 有了！；Eureka.；n. 尤里卡（加利福尼亚西北部一城市）	both	review
euthanize	使安乐死；对…施无痛致死术（等于euthanatize）	both	G4-verb-sense-lost
euthanized	使（人或动物）安乐死	both	G4-verb-sense-lost
euthanizing	使（人或动物）安乐死	both	G4-verb-sense-lost
evaluate	评价；估价；求…的值	both	G4-verb-sense-lost
evaluates	评价；估价；求…的值	both	G4-verb-sense-lost
evangelize	传福音；使信基督教	both	G4-verb-sense-lost
evangelizing	传福音；使信基督教	both	G4-verb-sense-lost
evened	使平坦	both	G4-verb-sense-lost
eventuate	结果为；发生，终于发生	both	G4-verb-sense-lost
everett	n. 埃弗雷特(Everard的异体)(	both	review
evergreen	adj. 常绿的；n. 常绿树；常绿植物；(复)evergreens: 常绿树枝条.	both	review
everlasting	adj. 永恒的；持久的；无止境的；n. 永恒；永久盛开的花；[大写]Everlasting: 上帝.	both	review
evidence	证据，证明；迹象；明显	both	G4-verb-sense-lost
evince	表明，表示；引起	both	G4-verb-sense-lost
evoke	引起，唤起；博得	both	G4-verb-sense-lost
exacerbate	使加剧；使恶化；激怒	both	G4-verb-sense-lost
exalt	提升；提拔；赞扬；使得意	both	G4-verb-sense-lost
examine	检查；调查； 检测；考试	both	G4-verb-sense-lost
excepted	除外；反对	both	G4-verb-sense-lost
excepts	略去； 不计； 把…作为例外； 把…除外	both	G4-verb-sense-lost
exchange	交换；交流；交易所；兑换	both	G4-verb-sense-lost
excise	消费税；货物税	both	G4-verb-sense-lost
excl	除外的（等于exclusive）；除外（等于excluded）；不包括（等于excluding）	both	review
exclude	排除；排斥；拒绝接纳；逐出	both	G4-verb-sense-lost
excoriate	严厉的责难；擦破...的皮肤	both	G4-verb-sense-lost
exercise	运动；练习；运用；操练；礼拜；典礼	both	G4-verb-sense-lost
exert	运用，发挥；施以影响	both	G4-verb-sense-lost
exerting	运用，发挥；施以影响	both	G4-verb-sense-lost
exfoliate	使片状脱落；使呈鳞片状脱落	both	G4-verb-sense-lost
exhale	呼气；发出；发散；使蒸发	both	G4-verb-sense-lost
exhaled	呼气；发出；发散；使蒸发	both	G4-verb-sense-lost
exhibit	展览品；证据；展示会	both	G4-verb-sense-lost
exile	流放，充军；放逐，被放逐者；流犯	both	G4-verb-sense-lost
exist	存在；生存；生活；继续存在	both	G4-verb-sense-lost
expand	扩张；使膨胀；详述	both	G4-verb-sense-lost
expects	期望；指望；认为；预料	both	G4-verb-sense-lost
expend	花费；消耗；用光；耗尽	both	G4-verb-sense-lost
experience	经验；经历；体验	both	G4-verb-sense-lost
experiencer	经验者；感受者	both	G4-verb-sense-lost
experiment	实验，试验；尝试	both	G4-verb-sense-lost
expire	期满；终止；死亡；呼气	both	G4-verb-sense-lost
expires	到期；有效期	both	G4-verb-sense-lost
explant	[生物] 外植体；（组织培养）分离块	both	G4-verb-sense-lost
explode	爆炸，爆发；激增	both	G4-verb-sense-lost
exploding	爆炸，爆发；水热炸裂	both	G4-verb-sense-lost
exported	[贸易] 出口；输出	both	G4-verb-sense-lost
expressed	表达；（用符号等）表示；榨；（如在说话、写作或绘画中）表达（自己）的意见	both	G4-verb-sense-lost
extend	延伸；扩大；推广；伸出；给予；使竭尽全力；对…估价	both	G4-verb-sense-lost
extenuate	减轻；低估；为…找借口；使人原谅	both	G4-verb-sense-lost
externalize	给…以外形；使具体化，使客观化	both	G4-verb-sense-lost
externalized	给…以外形；使具体化，使客观化	both	G4-verb-sense-lost
extinguish	熄灭；压制；偿清	both	G4-verb-sense-lost
extirpate	使连根拔起；灭绝，破除	both	G4-verb-sense-lost
extol	颂扬；赞美；赞颂	both	G4-verb-sense-lost
extort	敲诈；侵占；强求；牵强地引出	both	G4-verb-sense-lost
extracts	提取物，[化学] 萃取物；摘要	both	G4-verb-sense-lost
extricate	使解脱；解救；使游离	both	G4-verb-sense-lost
exude	散发；流出；使渗出	both	G4-verb-sense-lost
exult	狂喜，欢欣鼓舞；非常高兴	both	G4-verb-sense-lost
eye	眼睛；视力；眼光；见解，观点	both	G4-verb-sense-lost
eyeglasses	眼镜（等于glasses）	both	review
eying	定睛地看	both	G4-verb-sense-lost
fabricating	制作；捏造；装配；二次加工	both	G4-verb-sense-lost
face	脸；表面；面子；面容；外观；威信	both	G4-verb-sense-lost
facelift	整容手术（除去面部皱纹）	both	G4-verb-sense-lost
facing	n. [建]饰面，覆盖面，面层；衬里；(复)facings:衣领；袖口.	both	review
factor	因素；要素；[物] 因数；代理人	both	G4-verb-sense-lost
factorize	因式分解；把复杂计算分解为基本运算	both	G4-verb-sense-lost
fade	[电影][电视] 淡出；[电影][电视] 淡入	both	G4-verb-sense-lost
fades	褪色；逝去；[生物] 衰老；淡接	both	G4-verb-sense-lost
faggots	柴把；同性恋	both	G4-verb-sense-lost
fagot	柴把；束薪；成束熟铁块	both	G4-verb-sense-lost
fags	苦工； 香烟（英式非正式英语）； （尤指旧时）公学中受高年级学生使唤的低年级男生。（英式英语）； （蔑称） 男同性恋者（美式俚语）	both	G4-verb-sense-lost
faintest	一点也不的（用于否定句，加强语气）；极小的	both	G4-verb-sense-lost
fake	假货；骗子；假动作	both	G4-verb-sense-lost
fall	下降；秋天；瀑布	both	G4-verb-sense-lost
fantasized	幻想；想像	both	G4-verb-sense-lost
fantasy	幻想；白日梦；幻觉	both	G4-verb-sense-lost
farces	笑剧； 闹剧； 笑剧剧目； 作假的可笑场面	both	G4-verb-sense-lost
farmed	种田，务农；经营农场	both	G4-verb-sense-lost
fashion	时尚；时装；样式；时髦人物	both	G4-verb-sense-lost
fasten	使固定；集中于；扎牢；强加于	both	G4-verb-sense-lost
father	父亲，爸爸；神父；祖先；前辈	both	G4-verb-sense-lost
fathering	父亲，爸爸；神父；祖先；前辈	both	G4-verb-sense-lost
fatten	养肥；使肥沃；使充实	both	G4-verb-sense-lost
fattened	养肥；使肥沃；使充实	both	G4-verb-sense-lost
fault	故障；[地质] 断层；错误；缺点；毛病；（网球等）发球失误	both	G4-verb-sense-lost
faults	故障；[地质] 断层；错误	both	G4-verb-sense-lost
feast	筵席，宴会；节日	both	G4-verb-sense-lost
feasted	享受；款待, 宴请	both	G4-verb-sense-lost
feasting	享乐，请客；参加宴会	both	G4-verb-sense-lost
feasts	盛会； 宴会； 宗教节日； 使人欢快的事物（或活动）	both	G4-verb-sense-lost
feature	特色，特征；容貌；特写或专题节目	both	G4-verb-sense-lost
featuring	特色，特征；容貌；特写或专题节目	both	G4-verb-sense-lost
federate	同盟的；联邦制度下的；联合的	both	G4-verb-sense-lost
federated	联邦的；联合的；结成同盟的	both	G4-verb-sense-lost
feed	饲料；饲养；（动物或婴儿的）一餐	both	G4-verb-sense-lost
feeling	n. 感觉；知觉；气氛；鉴赏力；反感；adj. 有感情的；富于同情心的；含情脉脉的；（复）feelings：感情.	both	review
feels	感觉；天性；鉴别力	both	G4-verb-sense-lost
fellation	[医]口淫	both	G4-verb-sense-lost
felted	黏结起来的；毡制的；用毡覆盖的	both	G4-verb-sense-lost
fences	栅栏；围墙；剑术	both	G4-verb-sense-lost
ferment	使发酵；酝酿；使动乱	both	G4-verb-sense-lost
fermented	酿造；已发酵的	both	G4-verb-sense-lost
ferries	渡轮；摆渡	both	G4-verb-sense-lost
ferry	渡船；摆渡；渡口	both	G4-verb-sense-lost
fester	溃烂；脓疮，脓疱	both	G4-verb-sense-lost
fete	祭祀；庆祝；节日；游乐会	both	G4-verb-sense-lost
fetter	束缚；羁绊；脚镣	both	G4-verb-sense-lost
feud	不和；争执；封地；（部落或家族间的）世仇	both	G4-verb-sense-lost
fever	发烧，发热；狂热	both	G4-verb-sense-lost
fevers	热（病）； 发烧； 一时的狂热； 激动不安	both	G4-verb-sense-lost
fielded	[棒球、板球等]担任外场员，担任守队队员	both	G4-verb-sense-lost
fights	战斗； 斗争； 打架； 吵架	both	G4-verb-sense-lost
figures	n. 图形，数字，外形，体型，形状，人物，塑像，图表，(冰上表演动作的)花样（figure的复数形式；v. 是重要部分，认为，演算，领会到	both	review
filch	窃取；偷窃	both	G4-verb-sense-lost
filed	申请；存档	both	G4-verb-sense-lost
filibuster	海盗；暴兵，掠夺兵；阻挠议事的议员；阻挠议事的行动	both	G4-verb-sense-lost
fill	满足；填满的量；装填物	both	G4-verb-sense-lost
filter	滤波器；[化工] 过滤器；筛选；滤光器	both	G4-verb-sense-lost
finds	发现；认为；感到；获得	both	G4-verb-sense-lost
fink	告发人，密告人；破坏及反罢工的人；乞丐	both	G4-verb-sense-lost
fire	火；火灾；炮火；炉火；热情；激情；磨难	both	G4-verb-sense-lost
firebomb	火焰炸弹（燃烧弹和凝固汽油弹的总称）	both	G4-verb-sense-lost
firebombing	火焰炸弹（燃烧弹和凝固汽油弹的总称）	both	G4-verb-sense-lost
fished	捕鱼； 钓鱼； 摸出； 掏出	both	G4-verb-sense-lost
fishes	n. 鱼；Fishes.；n. 双鱼宫	both	review
fissure	裂缝；裂沟（尤指岩石上的）	both	G4-verb-sense-lost
fist	拳，拳头；〈口〉笔迹；掌握；[印]指标参见号	both	G4-verb-sense-lost
fits	一阵；阵发；合身的衣服	both	G4-verb-sense-lost
fizz	兴奋，活力；嘶嘶声；充气饮料	both	G4-verb-sense-lost
fizzing	发嘶嘶声；有泡沫的饮料	both	G4-verb-sense-lost
flamed	（如感情）迸发； 燃烧； 变亮； 面红	both	G4-verb-sense-lost
flanking	下齿面加工；侧面攻击	both	G4-verb-sense-lost
flannel	法兰绒；法兰绒衣服；法兰绒巾	both	G4-verb-sense-lost
flap	拍打，拍打声；神经紧张；[航] 襟翼	both	G4-verb-sense-lost
flare	加剧，恶化；底部展开；（鼻孔）张开的意思；闪光，闪耀；耀斑；爆发；照明弹	both	G4-verb-sense-lost
flat	adj. 平坦的；扁平的；单调的；断然的；[音乐]降音的；气不足的；adv. 平直地；直截了当；低于标准音高地；n. 公寓；平面部分；[音乐]降半音；泄气轮胎	both	G4-verb-sense-lost
flatline	（心脑电图呈现的）平线	both	G4-verb-sense-lost
flatted	adj. 平坦的；扁平的；单调的；断然的；[音乐]降音的；气不足的；adv. 平直地；直截了当；低于标准音高地；n. 公寓；平面部分；[音乐]降半音；泄气轮胎	both	G4-verb-sense-lost
flattest	adj. 平坦的；扁平的；单调的；断然的；[音乐]降音的；气不足的；adv. 平直地；直截了当；低于标准音高地；n. 公寓；平面部分；[音乐]降半音；泄气轮胎	both	G4-verb-sense-lost
flaw	瑕疵，缺点；一阵狂风；短暂的风暴；裂缝，裂纹	both	G4-verb-sense-lost
flaws	[材] 缺陷；[力] 裂缝	both	G4-verb-sense-lost
flee	逃跑，逃走；逃避	both	G4-verb-sense-lost
fleer	狞笑； 讥笑； （做鬼脸表示轻蔑）嘲弄； 嘲笑	both	G4-verb-sense-lost
flees	逃走，逃掉； 逃离，逃避	both	G4-verb-sense-lost
fleets	舰队； 车队； 捕鱼船队； （同一机构或统一调度的）机群	both	G4-verb-sense-lost
fleshed	肉； 肉体； 果肉； 皮肤	both	G4-verb-sense-lost
fleshes	肉； 肉体； 果肉； 皮肤	both	G4-verb-sense-lost
fletching	箭羽； 箭羽的排列	both	G4-verb-sense-lost
flex	屈曲；电线；松紧带	both	G4-verb-sense-lost
flexed	[医]曲折的，屈曲	both	G4-verb-sense-lost
flicked	（尤指用手指或手快速地）轻击； （用…）轻挥； （快速地）按开关； 向…笑了一下（或瞥了一眼等）	both	G4-verb-sense-lost
flicker	闪烁；闪光；电影	both	G4-verb-sense-lost
flickers	电影制片业； （通常指灯光）闪烁，摇曳	both	G4-verb-sense-lost
flicks	（尤指用手指或手快速地）轻击； （用…）轻挥； （快速地）按开关； 向…笑了一下（或瞥了一眼等）	both	G4-verb-sense-lost
flinging	（尤指生气地）扔； 猛动（身体或身体部位）； 粗暴地（向某人）说； 气势汹汹地（对某人）说	both	G4-verb-sense-lost
flings	（尤指生气地）扔； 猛动（身体或身体部位）； 粗暴地（向某人）说； 气势汹汹地（对某人）说	both	G4-verb-sense-lost
flips	轻弹； 按（开关）； 快速翻转； 急挥	both	G4-verb-sense-lost
flirts	调情，打情骂俏	both	G4-verb-sense-lost
flits	轻快地掠过； 轻率	both	G4-verb-sense-lost
flitted	轻快地掠过； 轻率	both	G4-verb-sense-lost
float	彩车，花车；漂流物；浮舟；浮萍	both	G4-verb-sense-lost
floodlight	照明灯；泛光灯；探照灯	both	G4-verb-sense-lost
floor	地板，地面；楼层；基底；议员席	both	G4-verb-sense-lost
flopped	（指书、戏剧等）彻底失败； （因疲惫而）猛然坐下； （笨拙地、不由自主地或松弛地）移动或落下； 砸锅	both	G4-verb-sense-lost
flourish	兴旺；茂盛；挥舞；炫耀；华饰	both	G4-verb-sense-lost
flourished	兴旺；茂盛；挥舞；炫耀；华饰	both	G4-verb-sense-lost
flout	嘲笑；轻视；愚弄	both	G4-verb-sense-lost
fluff	绒毛；错误；无价值的东西	both	G4-verb-sense-lost
fluffed	（使）起毛，（使）变松； 抖松； 刷柔软（羽毛、毛皮、毛发等）	both	G4-verb-sense-lost
fluffs	（毛毯等落下的）绒毛； 未成功的尝试； 错误； 失误	both	G4-verb-sense-lost
flurry	慌张；疾风；飓风；骚动	both	G4-verb-sense-lost
flush	激动，洋溢；面红；萌芽；旺盛；奔流	both	G4-verb-sense-lost
flushing	n. 冲洗；脸红；Flushing: 弗拉兴(纽约城的一个区).	both	review
fluster	慌乱，混乱；狼狈；激动	both	G4-verb-sense-lost
flustered	慌张的；激动不安的	both	G4-verb-sense-lost
flute	长笛；【工程设计】(刀具的)出屑槽	both	G4-verb-sense-lost
flutes	长笛； 细长香槟杯（形似长笛）	both	G4-verb-sense-lost
flutters	飘动； （心）快速跳动； 振翼，拍翅膀	both	G4-verb-sense-lost
flux	[流][机] 流量；变迁；不稳定；流出	both	G4-verb-sense-lost
fluxes	[流][机] 流量；流动；涨潮；钎焊剂；[助剂] 助熔剂	both	G4-verb-sense-lost
foal	驹（尤指一岁以下的马、驴、骡）	both	G4-verb-sense-lost
foam	泡沫；水沫；灭火泡沫	both	G4-verb-sense-lost
focus	焦点；中心；清晰；焦距	both	G4-verb-sense-lost
focusses	【摄】焦点；【物】焦点；【物】焦距；聚焦	both	G4-verb-sense-lost
fog	雾；烟雾，尘雾；迷惑	both	G4-verb-sense-lost
fogs	雾； 迷惘，困惑	both	G4-verb-sense-lost
foil	箔，金属薄片；衬托，烘托；叶形片	both	G4-verb-sense-lost
folds	皱褶；折痕	both	G4-verb-sense-lost
foliate	有叶的，覆有叶的； 叶状的，叶状的	both	G4-verb-sense-lost
folio	一页，页码；对开纸；对开本的书	both	G4-verb-sense-lost
folios	对开的纸，（原稿的）一页，页码或张数	both	G4-verb-sense-lost
fooled	愚弄；戏谑；当傻瓜	both	G4-verb-sense-lost
forage	饲料；草料；搜索	both	G4-verb-sense-lost
foray	涉足，初次尝试；突袭；侵略；攻击	both	G4-verb-sense-lost
forays	突袭，袭击； 从事非本行的短暂尝试活动	both	G4-verb-sense-lost
forbid	禁止；不准；不允许；〈正式〉严禁	both	G4-verb-sense-lost
ford	浅滩；Ford：福特汽车公司	both	G4-verb-sense-lost
foreclose	阻止；排除；取消抵押品赎回权	both	G4-verb-sense-lost
foreclosed	阻止；排除；取消抵押品赎回权	both	G4-verb-sense-lost
forego	放弃；居先；在……之前	both	G4-verb-sense-lost
foreshadow	预示；成为…的前兆	both	G4-verb-sense-lost
forestall	先发制人，预先阻止；垄断，屯积；领先；占先一步	both	G4-verb-sense-lost
forested	草木丛生的	both	G4-verb-sense-lost
foretaste	先试；预示；先尝；试吃	both	G4-verb-sense-lost
forfeit	罚金；没收物；丧失的东西	both	G4-verb-sense-lost
forgets	忘记； 遗忘； 遗漏； 看漏	both	G4-verb-sense-lost
forgive	原谅；免除（债务、义务等）	both	G4-verb-sense-lost
form	形式，形状；形态，外形；方式；表格	both	G4-verb-sense-lost
formalize	使形式化；使正式；拘泥礼仪	both	G4-verb-sense-lost
fornicate	弓形的；拱状的	both	G4-verb-sense-lost
fossilized	石化的；僵化的；老化的	both	G4-verb-sense-lost
foster	培养；养育，抚育；抱（希望等）	both	G4-verb-sense-lost
fostered	培养；养育，抚育；抱（希望等）	both	G4-verb-sense-lost
fouled	污染的；拥塞；粪污的	both	G4-verb-sense-lost
foulest	恶劣的； 邪恶的； 难闻的； 下流的	both	G4-verb-sense-lost
founder	创始人；建立者；翻沙工	both	G4-verb-sense-lost
fractionate	把…分成几部分； （用分馏法等）分解（混合物）； 分级	both	G4-verb-sense-lost
fractionated	把…分成几部分； （用分馏法等）分解（混合物）； 分级； [医]分次的，分割的	both	G4-verb-sense-lost
fracture	破裂，断裂；[外科] 骨折	both	G4-verb-sense-lost
franchise	特权；公民权；经销权；管辖权	both	G4-verb-sense-lost
francisco	弗朗西斯科（男子名，等于Francis）	both	review
franked	（在信件上）盖邮资已付印记，盖免付邮资印记	both	G4-verb-sense-lost
frankenstein	n. 弗兰肯斯坦(英国女作家 W. Shelly所著同名小说中的主角)；人形怪物；作法自毙的人，被自己的创造物所毁者	both	review
franz	Ferdinand弗朗茨·斐迪南( Ferdinand的德文名)	both	review
frap	缚紧，收紧	both	G4-verb-sense-lost
fraternize	使…亲如兄弟；使…友善	both	G4-verb-sense-lost
frays	（使布、绳等）磨损，磨破	both	G4-verb-sense-lost
frazzle	磨破，破烂；疲惫状态	both	G4-verb-sense-lost
freaky	畸形的；捉摸不定的（等于freakish）	both	review
freebasing	加热精炼；加热吸用	both	G4-verb-sense-lost
french	n. 法国人；法语；adj. 法国人的；法国的；法语的；french.；vt. (从骨头)剔肉；切成细条	both	review
freshen	使清新；使新鲜；使精神焕发	both	G4-verb-sense-lost
fricassee	油焖原汁肉块；炖重汁肉丁	both	G4-verb-sense-lost
fried	adj. 炸过的；弗里德( Hermann,1864-1921，奥地利著述家、记者，曾获1911年诺贝尔和平奖）	both	review
frisk	搜身；快乐；蹦跳；快乐的时刻	both	G4-verb-sense-lost
frisked	（用手）搜（某人）的身； （动物）活蹦乱跳	both	G4-verb-sense-lost
fritter	细片；屑；带馅油炸面团	both	G4-verb-sense-lost
frizz	吱吱响声；卷发；皱缩（等于friz）	both	G4-verb-sense-lost
frock	女装；连衣裙；僧袍；罩袍	both	G4-verb-sense-lost
frost	霜；冰冻，严寒；冷淡	both	G4-verb-sense-lost
fudge	软糖；胡说；谎话	both	G4-verb-sense-lost
fudged	搪塞； 篡改； 含混其词； 回避	both	G4-verb-sense-lost
fumbles	摸索，笨拙的处理	both	G4-verb-sense-lost
fume	烟；愤怒，烦恼	both	G4-verb-sense-lost
fumed	愤怒； 大怒； 发怒； 冒烟	both	G4-verb-sense-lost
fumigate	熏制；香薰；用烟熏消毒	both	G4-verb-sense-lost
fumigated	熏制；香薰；用烟熏消毒	both	G4-verb-sense-lost
functioned	有或起作用	both	G4-verb-sense-lost
functioning	运行，运作；[计] 功能；机能；起酌（function的动名词）	both	review
funk	恐惧；怯懦；恐怖；臭味	both	G4-verb-sense-lost
funneling	[医]成漏斗形：描述膀胱底及膀胱尿道交接区	both	G4-verb-sense-lost
funnels	漏斗； （轮船，火车等的）烟囱	both	G4-verb-sense-lost
furbish	磨光；恢复；更新	both	G4-verb-sense-lost
furl	卷起，折叠；卷起之物	both	G4-verb-sense-lost
further	更远的；深一层的	both	G4-verb-sense-lost
fuses	[电] 保险丝；起爆装置；[军][矿业] 导火线	both	G4-verb-sense-lost
fuss	大惊小怪，大惊小怪的人；小题大作；忙乱	both	G4-verb-sense-lost
futz	闲混；闲荡	both	G4-verb-sense-lost
fuzzed	绒毛，轻柔的物质； 竖起来的短细的毛发	both	G4-verb-sense-lost
fv	abbr. [军] Vehicle；战斗车辆	both	review
ga	n. 镓(元素gallium的符号)；abbr. 总代理人	both	review
gab	多嘴；饶舌；爱说话唠叨	both	G4-verb-sense-lost
gads	闲逛； 游荡； 找乐子； 用铁棒刺	both	G4-verb-sense-lost
galled	使…擦痛； 擦伤； 烦扰； 侮辱	both	G4-verb-sense-lost
galls	使…擦痛； 擦伤； 烦扰； 侮辱	both	G4-verb-sense-lost
gallup	n. 盖洛普（美国新墨西哥州城市名）；n. 盖洛普(姓氏； Horace；美国统计学家；盖洛普民意测验的创始人)	both	review
gamble	赌博；冒险；打赌	both	G4-verb-sense-lost
gamed	打赌，赌输赢	both	G4-verb-sense-lost
gams	社交，联欢	both	G4-verb-sense-lost
gaped	目瞪口呆地凝视； 张开，张大	both	G4-verb-sense-lost
garb	服装；装束；打扮	both	G4-verb-sense-lost
garbed	打扮好的；穿上（特种）服装的	both	G4-verb-sense-lost
garble	断章取义；混淆；篡改	both	G4-verb-sense-lost
gargle	漱口；含漱剂，漱口剂	both	G4-verb-sense-lost
garner	v. 贮藏；收集；得到；n. 谷仓；Garner.；n. 加纳(姓氏)	both	review
garnered	获得；储存；把…储入谷仓	both	G4-verb-sense-lost
garnering	收集并（通常）贮藏（某物），取得，获得	both	G4-verb-sense-lost
garners	收集并（通常）贮藏（某物），取得，获得	both	G4-verb-sense-lost
garrote	西班牙的绞刑具，上述绞刑	both	G4-verb-sense-lost
gars	一般适应的反应	both	G4-verb-sense-lost
garter	n. 吊袜带；Garter：嘉德勋章；嘉德勋位的成员.；v. 用吊带系紧	both	review
gasses	全局二级存储服务	both	G4-verb-sense-lost
gather	聚集；衣褶；收获量	both	G4-verb-sense-lost
gears	[机] 齿轮，[机] 传动装置	both	G4-verb-sense-lost
gelled	形成胶体； 胶凝； 胶化； 成形	both	G4-verb-sense-lost
gem	宝石，珍宝； 精华；受人重视者	both	G4-verb-sense-lost
geminate	[生物] 成双的；双生的	both	G4-verb-sense-lost
generate	使形成；发生；生殖；产生物理反应	both	G4-verb-sense-lost
gentile	n. 异教徒；adj. 异教徒的；Gentile: n.；非犹太教徒；非摩门教徒；adj. 非犹太人的；非摩门教徒的	both	review
gerard	杰勒德（男子名，Gerald的异体）	both	review
giddy	人名；(英)吉迪	both	G4-verb-sense-lost
gif	可交换的图像文件	both	G4-verb-sense-lost
gift	礼物；天赋；赠品	both	G4-verb-sense-lost
gifting	馈赠；赠予	both	G4-verb-sense-lost
gifts	礼品，[贸易] 赠品；礼物；天赋	both	G4-verb-sense-lost
gigged	演奏会； 演唱会； 特约演奏或演唱； 爵士乐演奏会的安排	both	G4-verb-sense-lost
gill	鳃；菌褶；（山谷中的）沟壑，峡流；及耳（容量单位）	both	G4-verb-sense-lost
gimmick	暗机关；骗人的玩意；花招	both	G4-verb-sense-lost
gimp	瘸子；花边；绒丝带	both	G4-verb-sense-lost
gina	n. 吉娜(Regina；Angelina等的昵称)；abbr. 全球哮喘防治创议	both	review
ginger	姜；姜黄色；精力；有姜味	both	G4-verb-sense-lost
gingered	姜；姜黄色；精力；有姜味	both	G4-verb-sense-lost
ginned	杜松子酒，荷兰酒	both	G4-verb-sense-lost
gip	吉普赛人[语]，流浪者	both	G4-verb-sense-lost
girding	束缚； 束带	both	G4-verb-sense-lost
girths	周长，（马等的）肚带，腰身	both	G4-verb-sense-lost
gives	付出；弯曲；内幕消息	both	G4-verb-sense-lost
glad	高兴的；乐意的；令人高兴的；灿烂美丽的	both	G4-verb-sense-lost
glamorize	美化；使有魅力	both	G4-verb-sense-lost
glamour	魅力，魔力；迷人的美	both	G4-verb-sense-lost
glass	玻璃；玻璃制品；镜子	both	G4-verb-sense-lost
glassed	玻璃；玻璃制品；镜子	both	G4-verb-sense-lost
glazes	上釉的表面； 釉料； （浇在糕点上增加光泽的）蛋浆	both	G4-verb-sense-lost
gleam	微光；闪光；瞬息的一现	both	G4-verb-sense-lost
gleams	闪光； 闪现； 流露	both	G4-verb-sense-lost
glean	收集（资料）；拾（落穗）	both	G4-verb-sense-lost
gleaned	收集（资料）；拾（落穗）	both	G4-verb-sense-lost
glide	滑翔；滑行；悄悄地走；消逝	both	G4-verb-sense-lost
glided	滑动； 掠过； （鸟或飞机） 滑翔	both	G4-verb-sense-lost
glides	滑行； 滑音； 音渡； 过渡音	both	G4-verb-sense-lost
gliding	滑行的；流畅的；滑顺的	both	G4-verb-sense-lost
glitters	闪烁，闪耀，闪光； 眼睛闪现（某种强烈情感）	both	G4-verb-sense-lost
gloried	得意，自豪	both	G4-verb-sense-lost
glorify	赞美；美化；崇拜（神）；使更壮丽	both	G4-verb-sense-lost
glory	光荣，荣誉；赞颂	both	G4-verb-sense-lost
glow	灼热；色彩鲜艳；兴高采烈	both	G4-verb-sense-lost
glower	怒视；热切的注视；灯丝	both	G4-verb-sense-lost
glue	胶；各种胶合物	both	G4-verb-sense-lost
goad	刺激；（赶牲口用的）刺棒；激励	both	G4-verb-sense-lost
goading	刺激；（赶牲口用的）刺棒；激励	both	G4-verb-sense-lost
goalie	守门员（等于goalkeeper）	both	review
goddam	诅咒的；讨厌的	both	G4-verb-sense-lost
goddard	戈达德(①姓氏 ② Hutchings； 1882-1945； 美国物理学家； 火箭工程学的先驱者)	both	review
going	n. 去；离去；地面(或道路)的状况；进展；(复)goings: 行为.；adj. 运转中的；营业中的；现有的；流行的	both	review
goldsmith	n. 金匠；Goldsmith.；n. 戈德史密斯（姓氏）	both	review
gonzaga	[巴西、意大利] 贡扎加； [地名] [菲律宾] 贡萨加	both	review
goodyear	固特异轮胎（世界500强的橡胶产业, 总部设于美国）；古德伊尔（①姓氏②Charles, 1800-1860, 发明硬橡皮制造法的美国人）	both	review
gorged	（用食物把自己）塞饱，填饱； 作呕	both	G4-verb-sense-lost
gorging	（用食物把自己）塞饱，填饱； 作呕	both	G4-verb-sense-lost
gothic	adj. 哥特式小说风格的；n. 哥特式小说、电影或戏剧；Gothic: 哥特式的；哥特人的；哥特语的；中世纪的；野蛮的；粗鄙的.；Gothic：哥特式	both	review
gouger	小流氓； 掠夺式采矿者	both	G4-verb-sense-lost
gouges	凿； 乱要价； （在…中）抠出…； 挖出…	both	G4-verb-sense-lost
govern	管理；支配；统治；控制	both	G4-verb-sense-lost
grace	优雅；恩惠；魅力；慈悲	both	G4-verb-sense-lost
graces	风度, 恩遇, 魅力	both	G4-verb-sense-lost
grade	年级；等级；成绩；级别；阶段	both	G4-verb-sense-lost
grafts	移植； 行贿； 接穗； 行贿得到的利益	both	G4-verb-sense-lost
grandfathering	外祖父；祖先；老大爷	both	G4-verb-sense-lost
grange	n. 农场；庄园；Grange.；n. 格兰其（美国农业保护者协会）	both	review
granulate	使成粒状；使表面变粗糙	both	G4-verb-sense-lost
grasp	抓住；理解；控制	both	G4-verb-sense-lost
grasped	抓住；理解；控制	both	G4-verb-sense-lost
grasps	抓住； 了解； 急忙抓住； 急切（或贪婪）地抓住	both	G4-verb-sense-lost
gratify	使满足；使满意，使高兴	both	G4-verb-sense-lost
graves	n. 坟墓；Graves.；n. 格拉夫区（法国西南部一个地区）；n. （法国）格拉夫葡萄酒；格雷夫斯病	both	review
gravest	grave（严肃的，严重的）的最高级形式	both	G4-verb-sense-lost
grays	灰色； 灰马； 灰色颜料； 暗淡的光线	both	G4-verb-sense-lost
grazes	（让动物）吃草； 轻擦，擦破； 擦过； 掠过	both	G4-verb-sense-lost
greenfield	n. 市郊绿区；Greenfield.；n. 格林菲尔德（美国马萨诸塞州西北部城镇；威斯康辛州东南部城市）	both	review
greet	欢迎，迎接；致敬，致意；映入眼帘	both	G4-verb-sense-lost
greg	格雷格（男子名，等于Gregory）	both	review
gretchen	格雷琴(Margaret的昵称)	both	review
greyed	使变成灰色	both	G4-verb-sense-lost
griffith	格里菲思（女子名, Griffin的异体）	both	review
grimace	鬼脸；怪相；痛苦的表情	both	G4-verb-sense-lost
grinds	磨碎，嚼碎； 旋转开动； 压迫，折磨	both	G4-verb-sense-lost
grip	紧握；柄；支配；握拍方式；拍柄绷带	both	G4-verb-sense-lost
griped	感到或引起腹或肠绞痛； 抱怨（某人[某事物]），发牢骚	both	G4-verb-sense-lost
gripes	腹部绞疼； 怨言； 不平； 不满	both	G4-verb-sense-lost
gripped	紧咬，夹住；紧握	both	G4-verb-sense-lost
grit	粗砂，砂砾砂砾，粗砂石；勇气；决心	both	G4-verb-sense-lost
gritted	以沙砾覆盖（某物），撒沙砾于； 咬紧牙关	both	G4-verb-sense-lost
gritting	以沙砾覆盖（某物），撒沙砾于； 咬紧牙关	both	G4-verb-sense-lost
groaned	呻吟；抱怨；发吱嘎声	both	G4-verb-sense-lost
groans	呻吟，叹息； 呻吟般的声音	both	G4-verb-sense-lost
grocery	n. 杂货店；adj. 杂货的；（复）groceries：食品杂货.	both	review
grok	凭直觉深刻了解；欣赏；神交	both	G4-verb-sense-lost
groomed	喂马；整饰；推荐	both	G4-verb-sense-lost
grooms	新郎； 马夫	both	G4-verb-sense-lost
groove	[建] 凹槽，槽；最佳状态；惯例	both	G4-verb-sense-lost
grossed	获得（…的）总收入	both	G4-verb-sense-lost
grossest	总的； 粗俗的； 显而易见的； 粗鲁的	both	G4-verb-sense-lost
grouch	心怀不满；不高兴的人；抱怨	both	G4-verb-sense-lost
groups	群组，组；团体；用户组	both	G4-verb-sense-lost
groves	n. 小树林；果树园；Groves.；n. 格罗夫斯(美国得克萨斯州东南一城市)；n. 格罗夫斯	both	review
grow	发展；生长；渐渐变得…	both	G4-verb-sense-lost
growl	咆哮声；吠声；不平	both	G4-verb-sense-lost
growling	咆哮的；隆隆响的	both	G4-verb-sense-lost
growls	（动物）发狺狺声， （雷）作隆隆声； 低声咆哮着说	both	G4-verb-sense-lost
grubs	蛴螬，蛆； 食物	both	G4-verb-sense-lost
grudge	怨恨；恶意；妒忌	both	G4-verb-sense-lost
grump	一阵坏脾气；发火；闹情绪	both	G4-verb-sense-lost
guarantee	保证；担保；保证人；保证书；抵押品	both	G4-verb-sense-lost
guaranty	保证；抵押；担保物	both	G4-verb-sense-lost
guard	守卫；警戒；护卫队；防护装置	both	G4-verb-sense-lost
guested	做特邀嘉宾	both	G4-verb-sense-lost
guillaume	纪尧姆（姓氏； Edouard, 1861-1938，生于瑞士的法国物理学家，曾获1920年诺贝尔物理学奖）	both	review
guillotine	断头台；切纸机；截止辩论以付表决法	both	G4-verb-sense-lost
gulf	海湾；深渊；分歧；漩涡	both	G4-verb-sense-lost
gullies	溪谷； （雨水冲击而成的）沟渠	both	G4-verb-sense-lost
gulp	一大口（尤指液体）；吞咽	both	G4-verb-sense-lost
gulped	狼吞虎咽地吃，吞咽； 大口地吸（气）； 哽住	both	G4-verb-sense-lost
gulping	狼吞虎咽地吃；大口地吸	both	G4-verb-sense-lost
gun	枪支；枪状物；持枪歹徒	both	G4-verb-sense-lost
gustav	[男子名] 古斯塔夫 Gustavus的变体	both	review
gut	内脏；肠子；剧情；胆量；海峡；勇气；直觉；肠	both	G4-verb-sense-lost
guyed	（用牵索等）牵拉	both	G4-verb-sense-lost
guys	球员；各位，朋友们	both	G4-verb-sense-lost
gwen	n. 格温(女子名；Gwendolyn的昵称)	both	review
gyp	骗子，诈欺行为	both	G4-verb-sense-lost
habituate	使习惯于，使熟悉于	both	G4-verb-sense-lost
hackney	n. 乘用马；出租马车；受雇的人；adj. 陈腐的；受雇的；v. 使变平凡；使变得世故、老练；Hackney；n. 海克尼挽马；哈克尼(英格兰地名)	both	review
hail	冰雹；致敬；招呼；一阵	both	G4-verb-sense-lost
hailed	冰雹；致敬；招呼；一阵	both	G4-verb-sense-lost
hails	下雹子； 如冰雹般地降下； 致敬； 打招呼	both	G4-verb-sense-lost
halted	停止，停顿	both	G4-verb-sense-lost
halts	（使）停下来	both	G4-verb-sense-lost
halve	二等分；把……减半	both	G4-verb-sense-lost
hammer	铁锤；链球；[解剖] 锤骨；音锤	both	G4-verb-sense-lost
hand	手，手艺；帮助；指针；插手	both	G4-verb-sense-lost
handcraft	手工艺，手艺	both	G4-verb-sense-lost
handicap	障碍；不利条件，不利的因素	both	G4-verb-sense-lost
handicapping	障碍；不利条件	both	G4-verb-sense-lost
handing	管理；处理方法；操纵	both	G4-verb-sense-lost
handle	[建] 把手；柄；手感；口实	both	G4-verb-sense-lost
handpick	精选；用手采摘；任意选择	both	G4-verb-sense-lost
hands	[解剖] 手	both	G4-verb-sense-lost
handwrite	用手写，亲手写	both	G4-verb-sense-lost
hangs	悬；（被）绞死；贴；逗留	both	G4-verb-sense-lost
hanker	向往，追求；渴望，期望	both	G4-verb-sense-lost
hanukkah	光明节（犹太教节日，等于Chanukah）	both	review
harass	使困扰；使烦恼；反复袭击	both	G4-verb-sense-lost
harasser	骚扰者；袭扰者导弹车	both	G4-verb-sense-lost
harden	变硬，变坚固；变坚强；变冷酷	both	G4-verb-sense-lost
harken	倾听；留心；听出（等于hearken）	both	G4-verb-sense-lost
harness	马具；甲胄；挽具状带子；降落伞背带；日常工作	both	G4-verb-sense-lost
harnessed	给（马等）装上挽具；治理，利用	both	G4-verb-sense-lost
harnessing	给（马等）装上挽具；治理，利用	both	G4-verb-sense-lost
harried	被掠夺的；受折磨的	both	G4-verb-sense-lost
harry	折磨；掠夺；骚扰；使苦恼	both	G4-verb-sense-lost
harvestable	随时可收获的；收获的	both	G4-verb-sense-lost
hash	剁碎的食物；混杂，拼凑；重新表述	both	G4-verb-sense-lost
hashed	肉末； 肉丁土豆泥； （尤指电话上的）#号	both	G4-verb-sense-lost
hashes	肉末； 肉丁土豆泥； （尤指电话上的）#号	both	G4-verb-sense-lost
hassle	困难，麻烦；激战	both	G4-verb-sense-lost
hated	憎恨；厌恶；遗憾	both	G4-verb-sense-lost
hates	厌恶；讨厌的东西	both	G4-verb-sense-lost
hating	憎恨；厌恶	both	G4-verb-sense-lost
haul	拖，拉；用力拖拉；努力得到的结果；捕获物；一网捕获的鱼量；拖运距离	both	G4-verb-sense-lost
hauled	拖，拉；用力拖拉；努力得到的结果；捕获物；一网捕获的鱼量；拖运距离	both	G4-verb-sense-lost
haver	胡说八道，说废话，消磨时间	both	G4-verb-sense-lost
having	n. 所有；持有；(复)havings: 所有财产.	both	review
hawed	（使）向左转，支吾	both	G4-verb-sense-lost
hawked	通过叫卖主动兜售	both	G4-verb-sense-lost
hawking	n. 利用鹰行猎；贩卖；Hawking: 霍金（人名）.	both	review
head	头；头痛；上端；最前的部分；理解力	both	G4-verb-sense-lost
headhunting	猎头；物色人才	both	G4-verb-sense-lost
headline	大标题；内容提要；栏外标题；头版头条新闻	both	G4-verb-sense-lost
headlined	大标题；内容提要；栏外标题；头版头条新闻	both	G4-verb-sense-lost
heaped	堆积；聚集	both	G4-verb-sense-lost
hearken	留心；听明白	both	G4-verb-sense-lost
hearst	赫斯特(①姓氏 ② Randolph； 1863-1951； 美国新闻经营者 ③ Randolph； Jr.；1908-；美国新闻经营者)	both	review
heart	心脏；感情；勇气；心形；要点	both	G4-verb-sense-lost
hearts	[解剖] 心；内心；中心；同情心；心形物	both	G4-verb-sense-lost
heat	高温；压力；热度；热烈	both	G4-verb-sense-lost
heats	高温； 压力； （身体的）热度； 激动	both	G4-verb-sense-lost
heaved	举起；使起伏；投掷；恶心；发出（叹息等）	both	G4-verb-sense-lost
hector	虚张声势的人；威吓者；恃强凌弱的人	both	G4-verb-sense-lost
hedges	[建] 树篱；模糊限制语；障碍	both	G4-verb-sense-lost
hefted	举…以掂重量； 举起	both	G4-verb-sense-lost
heighten	提高；增高；加强；使更显著	both	G4-verb-sense-lost
helm	舵；舵柄；领导地位；驾驶盘	both	G4-verb-sense-lost
helms	舵； 掌舵； 掌管； 接管	both	G4-verb-sense-lost
hemoglobin	[生化] 血红蛋白（等于haemoglobin）；血红素	both	review
hemorrhage	[病理] 出血（等于haemorrhage）；番茄汁	both	review
henderson	亨德森(①姓氏 ②Arthur, 1863-1935, 英国工党领袖及政治家, 曾获1934年诺贝尔和平奖)	both	review
henley	亨里（姓氏； Ernest, 1849-1903，英国诗人，批评家及剧作家）	both	review
herald	预兆，征兆；先驱；传令官；报信者	both	G4-verb-sense-lost
heralded	先驱；传令官；报信者	both	G4-verb-sense-lost
herded	群集，纠结； 放牧； （使）向…移动	both	G4-verb-sense-lost
herringbone	人字形图案；鲱鱼骨；[纺] 人字呢；交叉缝式	both	G4-verb-sense-lost
hershey	[医] Day美国生物学家，1908年生，因研究病毒的遗传物质和机理，与 Delbruck和 E. Luria共获1969年医学生理学诺贝尔奖	both	review
hesitate	踌躇，犹豫；有疑虑，不愿意	both	G4-verb-sense-lost
hess	赫斯(①姓氏 ② Franz；1883-1964；生于奥地利的美国物理学家；曾获1936年诺贝尔物理学奖 ③ Rudolf；1881-1973；瑞士生理学家	both	review
heterodyne	外差法；外差振荡器	both	G4-verb-sense-lost
hewed	（用斧、刀等）砍、劈； 砍成； 劈出； 开辟	both	G4-verb-sense-lost
hewing	（用斧、刀等）砍、劈； 砍成； 劈出； 开辟	both	G4-verb-sense-lost
hews	（用斧、刀等）砍、劈； 砍成； 劈出； 开辟	both	G4-verb-sense-lost
hexes	十六进制，巫婆，妖法	both	G4-verb-sense-lost
hibernate	过冬；（动物）冬眠；（人等）避寒	both	G4-verb-sense-lost
hiccough	打嗝； 打呃； 呃逆	both	G4-verb-sense-lost
hiccups	[医] 打嗝，[内科] 呃逆	both	G4-verb-sense-lost
hide	躲藏；兽皮；躲藏处	both	G4-verb-sense-lost
hides	兽皮；躲藏处	both	G4-verb-sense-lost
highball	掺了苏打水的威士忌；掺了姜汁啤酒的威士忌；高杯酒	both	G4-verb-sense-lost
hike	远足；徒步旅行；涨价	both	G4-verb-sense-lost
hiked	徒步旅行； 提高（价格等）	both	G4-verb-sense-lost
hikes	远足；徒步旅行；上升	both	G4-verb-sense-lost
hill	小山；丘陵；斜坡；山冈	both	G4-verb-sense-lost
hire	雇用，租用；租金，工钱	both	G4-verb-sense-lost
hires	租金；租用；新雇用者	both	G4-verb-sense-lost
hitchhike	搭便车（旅行）	both	G4-verb-sense-lost
hmc	(=5- cytosine) 5-羟甲基胞嘧啶, 手镜形细胞, 保健合作, 海洛因、吗啡和古柯碱合剂, 医院管理委员会, 人中期染色体, 东莨菪碱-吗啡-可待因	both	review
hms	英国政府公务（Her/ Service）；皇家海军舰艇（Her/ Ship）	both	review
hog	猪，象猪般的人；贪婪者	both	G4-verb-sense-lost
hoist	起重机；升起，吊起	both	G4-verb-sense-lost
hoisted	升起；举起	both	G4-verb-sense-lost
hole	洞，孔；洞穴，穴；突破口	both	G4-verb-sense-lost
hollo	人名；(法)奥洛；(芬)霍洛	both	G4-verb-sense-lost
homer	荷马（公元前9世纪前后的希腊盲诗人）；本垒打	both	G4-verb-sense-lost
homewood	霍姆伍德； [地名] [加拿大、美国、新西兰] 霍姆伍德	both	review
honeymoon	蜜月；蜜月假期；（新生事物、新建关系等的）短暂的和谐时期	both	G4-verb-sense-lost
honeys	蜂蜜； 亲爱的； 花蜜； 蜜（黄）色	both	G4-verb-sense-lost
hood	头巾；覆盖；兜帽	both	G4-verb-sense-lost
hooker	n. (橄榄球)扭夺时的中心选手；妓女；小渔船；Hooker.；n. 胡克（姓氏）	both	review
hooks	钩子；[机] 挂钩	both	G4-verb-sense-lost
hooted	（使）作汽笛声响，作汽车喇叭声	both	G4-verb-sense-lost
hoover	v. 用真空吸尘器把...清除掉；获得大量的(某物)；Hoover；n. 胡佛吸尘器(商标名)	both	review
hopkins	霍普金斯(①姓氏 ② Gowland, 1861-1947, 英国生物化学家, 曾获1929年诺贝尔生理学-医学奖)	both	review
horrifyingly	令人恐惧地；叫人毛骨悚然地	both	G4-verb-sense-lost
horse	马；骑兵；脚架；海洛因	both	G4-verb-sense-lost
hospitalize	就医；送…进医院治疗	both	G4-verb-sense-lost
host	[计] 主机；主人；主持人；许多	both	G4-verb-sense-lost
hosted	主持；（作为主人）款待，招待（客人）	both	G4-verb-sense-lost
hostel	旅社，招待所（尤指青年旅社）	both	G4-verb-sense-lost
hot	热的；辣的；热情的；激动的；紧迫的	both	G4-verb-sense-lost
hounded	追猎	both	G4-verb-sense-lost
howls	嗥叫； 吼叫，高声叫喊	both	G4-verb-sense-lost
hubbard	[医]Hubbard槽； [人名] 哈伯德； [地名] [加拿大、美国] 哈伯德	both	review
huckster	叫卖的小贩；小商人；吃广告饭的人	both	G4-verb-sense-lost
huddle	拥挤；混乱；杂乱一团	both	G4-verb-sense-lost
huffed	深呼吸； 气喘吁吁； 上气不接下气； 空发脾气	both	G4-verb-sense-lost
huffs	深呼吸； 气喘吁吁； 上气不接下气； 空发脾气	both	G4-verb-sense-lost
hug	拥抱；紧抱；固执	both	G4-verb-sense-lost
hugging	（衣服）紧身的；显出体型的	both	G4-verb-sense-lost
hugs	拥抱；紧抱；抱有，坚持	both	G4-verb-sense-lost
hulk	废船；笨重的船；船体；绿巨人，浩克（美国漫威漫画旗下超级英雄）	both	G4-verb-sense-lost
hull	船体；（果实的）外壳	both	G4-verb-sense-lost
humble	谦逊的；简陋的；（级别或地位）低下的；不大的	both	G4-verb-sense-lost
humblest	谦卑的, 谦虚的, 谦恭的, 恭顺的；(等级、身份、重要性等)低下的；粗劣的, 粗陋的；微末的	both	G4-verb-sense-lost
humiliate	羞辱；使…丢脸；耻辱	both	G4-verb-sense-lost
hummed	发出嗡嗡声，哼唱； 忙碌，活跃	both	G4-verb-sense-lost
humor	幽默，诙谐；心情	both	G4-verb-sense-lost
humored	迎合，牵就，顺应	both	G4-verb-sense-lost
hundred	num. 百；n. 一百元；（复）hundreds: 成百上千；许多.	both	review
hunger	饿，饥饿；渴望	both	G4-verb-sense-lost
hunted	被捕猎的；受迫害的	both	G4-verb-sense-lost
hunts	猎地； 一组猎人	both	G4-verb-sense-lost
hurting	伤害；伤心；弄痛	both	G4-verb-sense-lost
husk	皮；外壳；无价值之物	both	G4-verb-sense-lost
husked	皮；外壳；无价值之物	both	G4-verb-sense-lost
hustled	催促	both	G4-verb-sense-lost
hydroplane	水上滑艇；水上飞机；水平舵	both	G4-verb-sense-lost
hyperlinks	n. 超级链接；名hyperlink词的复数形式.	both	review
hypothecate	抵押，担保	both	G4-verb-sense-lost
ices	冰； 冰块； 冰场； 冰冻甜食	both	G4-verb-sense-lost
identify	确定；鉴定；识别，辨认出；使参与；把…看成一样 vi. 确定；认同；一致	both	G4-verb-sense-lost
idles	虚度； 空转； 挂空挡； 未熄火	both	G4-verb-sense-lost
ignite	点燃；使燃烧；使激动	both	G4-verb-sense-lost
ignore	驳回诉讼；忽视；不理睬	both	G4-verb-sense-lost
ignores	驳回诉讼；忽视；不理睬	both	G4-verb-sense-lost
illuminate	阐明，说明；照亮；使灿烂；用灯装饰	both	G4-verb-sense-lost
illumine	照明，点亮；启发	both	G4-verb-sense-lost
illumined	照亮，照明； 启发； 粲	both	G4-verb-sense-lost
illumines	照亮，照明； 启发	both	G4-verb-sense-lost
image	影像；想象；肖像；偶像	both	G4-verb-sense-lost
images	图像,影像,肖像,想像	both	G4-verb-sense-lost
imagine	想像；猜想；想像起来	both	G4-verb-sense-lost
imbibe	吸收，接受；喝；吸入	both	G4-verb-sense-lost
imitate	模仿，仿效；仿造，仿制	both	G4-verb-sense-lost
imitrex	[医]琥珀酸舒马普曲坦注射剂（含 succinate）	both	review
immerse	沉浸；使陷入	both	G4-verb-sense-lost
immolate	献祭；牺牲；为供神而宰杀	both	G4-verb-sense-lost
immortalize	使不灭；使名垂千古，使不朽	both	G4-verb-sense-lost
impart	给予（尤指抽象事物），传授；告知，透露	both	G4-verb-sense-lost
impede	阻碍；妨碍；阻止	both	G4-verb-sense-lost
impedes	阻碍；妨碍；阻止	both	G4-verb-sense-lost
impel	推动；驱使；激励	both	G4-verb-sense-lost
impersonate	扮演；模仿；拟人，人格化	both	G4-verb-sense-lost
implant	[医] 植入物；植入管	both	G4-verb-sense-lost
implicate	使卷入；涉及；暗指；影响	both	G4-verb-sense-lost
import	进口，进口货；输入；意思，含义；重要性	both	G4-verb-sense-lost
impress	印象，印记；特征，痕迹	both	G4-verb-sense-lost
impressed	印象深刻的；外加的；受感动的；了不起的	both	G4-verb-sense-lost
imprint	印记；痕迹；特征；版本说明	both	G4-verb-sense-lost
improve	改善，增进；提高…的价值	both	G4-verb-sense-lost
improvise	即兴创作；即兴表演；临时做；临时提供	both	G4-verb-sense-lost
improvising	即兴创作；即兴表演；临时做；临时提供	both	G4-verb-sense-lost
imps	（故事中的）小恶魔； 小魔鬼； 小淘气； 顽童	both	G4-verb-sense-lost
impugn	指责，非难；抨击；反驳；对…表示怀疑	both	G4-verb-sense-lost
impulse	冲动；[电子] 脉冲；刺激；神经冲动；推动力	both	G4-verb-sense-lost
inactivate	使不活动；使不活泼；阻止活动	both	G4-verb-sense-lost
incapacitate	使无能力；使不能；使不适于	both	G4-verb-sense-lost
incapacitating	使无能力；使不能；使不适于	both	G4-verb-sense-lost
incarcerate	监禁的；禁闭的	both	G4-verb-sense-lost
incentivize	以物质刺激鼓励	both	G4-verb-sense-lost
inch	英寸；身高；少许	both	G4-verb-sense-lost
inches	n. 英寸；少量；v. 慢慢移动；（复）inches: 身高.	both	review
incl	包括（including，included）；包括的；包围	both	review
inclose	围绕；附上（等于enclose）	both	G4-verb-sense-lost
increase	增加，增长；提高	both	G4-verb-sense-lost
inculcate	教育；谆谆教诲；教授；反覆灌输	both	G4-verb-sense-lost
indent	缩进；订货单；凹痕；契约	both	G4-verb-sense-lost
index	指标；指数；索引；指针	both	G4-verb-sense-lost
indicate	表明；指出；预示；象征	both	G4-verb-sense-lost
indict	控告，起诉；[法] 揭发	both	G4-verb-sense-lost
indicted	控告，起诉；[法] 揭发	both	G4-verb-sense-lost
individualize	赋予个性；个别处理；使适应个别需要	both	G4-verb-sense-lost
individualized	个人的；有个性的；具有个人特色的	both	G4-verb-sense-lost
indorse	背书（限指收款人自己背书）；承认；赞成	both	G4-verb-sense-lost
induct	引导；感应；使…就职；征召入伍	both	G4-verb-sense-lost
inducted	引导；感应；使…就职；征召入伍	both	G4-verb-sense-lost
indurated	硬化的；固化的；变硬的	both	G4-verb-sense-lost
industrialize	使工业化	both	G4-verb-sense-lost
industrializing	使工业化	both	G4-verb-sense-lost
infest	骚扰；寄生于；大批出没；大批滋生	both	G4-verb-sense-lost
infested	为患的，大批滋生的（常与with搭配）	both	G4-verb-sense-lost
inflame	激怒；使燃烧；使发炎	both	G4-verb-sense-lost
inflected	屈折的；字尾有变化的	both	G4-verb-sense-lost
inflict	造成；使遭受（损伤、痛苦等）；给予（打击等）	both	G4-verb-sense-lost
inflicting	造成；使遭受（损伤、痛苦等）；给予（打击等）	both	G4-verb-sense-lost
influences	影响，影响力；作用	both	G4-verb-sense-lost
influencing	adj. 影响的；influence的现在进行分词形式.	both	review
infringe	侵犯；违反；破坏	both	G4-verb-sense-lost
infringed	侵犯；违反；破坏	both	G4-verb-sense-lost
infringer	[法] 侵权人	both	G4-verb-sense-lost
infuriatingly	令人发怒地；令人气愤地	both	G4-verb-sense-lost
infuse	灌输；使充满；浸渍	both	G4-verb-sense-lost
ingest	摄取；咽下；吸收；接待	both	G4-verb-sense-lost
ingested	摄取；咽下；吸收；接待	both	G4-verb-sense-lost
ingrain	固有品质；原纱染色；生染的纤维	both	G4-verb-sense-lost
ingratiate	使迎合；使讨好；使逢迎	both	G4-verb-sense-lost
inherit	继承；遗传而得	both	G4-verb-sense-lost
initiate	开始；新加入者，接受初步知识者	both	G4-verb-sense-lost
inlays	把…嵌入，把…镶入； 镶饰（物品）	both	G4-verb-sense-lost
inlet	入口，进口；插入物；水湾	both	G4-verb-sense-lost
innervate	使受神经支配；使神经分布于；刺激活动	both	G4-verb-sense-lost
innervated	[医]神经支配的	both	G4-verb-sense-lost
innovate	创新；改革；革新	both	G4-verb-sense-lost
inoculate	[医] 接种；嫁接；灌输	both	G4-verb-sense-lost
inoculated	接种过的；注射过预防针的	both	G4-verb-sense-lost
insert	插入物；管芯；镶块；[机械]刀片	both	G4-verb-sense-lost
inspect	检查；视察；检阅	both	G4-verb-sense-lost
inspire	激发；鼓舞；启示；产生；使生灵感	both	G4-verb-sense-lost
inspirer	鼓舞人心；启发灵感	both	G4-verb-sense-lost
instal	安装；使就任；设置	both	G4-verb-sense-lost
instill	徐徐滴入；逐渐灌输	both	G4-verb-sense-lost
institute	学会，协会；学院	both	G4-verb-sense-lost
instrumented	仪表化的；增加了某些装置的	both	G4-verb-sense-lost
insulate	隔离，使孤立；使绝缘，使隔热	both	G4-verb-sense-lost
insult	侮辱；凌辱；无礼	both	G4-verb-sense-lost
insulted	侮辱；辱骂；损害	both	G4-verb-sense-lost
intensify	使加强，使强化；使变激烈	both	G4-verb-sense-lost
inter	埋；葬	both	G4-verb-sense-lost
intercede	调解，调停；求情，说项	both	G4-verb-sense-lost
intercept	拦截；[数] 截距；截获的情报	both	G4-verb-sense-lost
intercepted	拦截，中途阻止；[数][军] 截取	both	G4-verb-sense-lost
intercepts	拦截；截断；窃听	both	G4-verb-sense-lost
interconnected	adj. 相互连接的；v. interconnect的动词过去式、过去分词	both	review
interest	兴趣，爱好；利息；趣味；同行	both	G4-verb-sense-lost
interfere	干涉；妨碍；打扰	both	G4-verb-sense-lost
interflow	交流； 互通； 合流	both	G4-verb-sense-lost
interfuse	（使）混入，（使）混合	both	G4-verb-sense-lost
interjected	插入的，居间的，补入的	both	G4-verb-sense-lost
intermix	使…混杂；使…混合	both	G4-verb-sense-lost
internalize	使（习俗等经吸收同化而）内在化；使藏在心底	both	G4-verb-sense-lost
interpose	提出（异议等）；使插入；使干涉	both	G4-verb-sense-lost
intervene	干涉；调停；插入	both	G4-verb-sense-lost
intervener	干涉者；介入者；调停者（等于intervenor）	both	G4-verb-sense-lost
interviewed	面试；接见；会见	both	G4-verb-sense-lost
interweave	（使）交织；织进；（使）混杂	both	G4-verb-sense-lost
intoxicate	使陶醉；使喝醉；使中毒	both	G4-verb-sense-lost
intrigue	阴谋；诡计；复杂的事；私通	both	G4-verb-sense-lost
intrigues	阴谋；诡计；复杂的事；私通	both	G4-verb-sense-lost
introduce	介绍；引进；提出；采用	both	G4-verb-sense-lost
intrust	信托，交托，信赖	both	G4-verb-sense-lost
inundate	淹没；泛滥；浸水；（洪水般的）扑来	both	G4-verb-sense-lost
inure	使…习惯；使…适应	both	G4-verb-sense-lost
invent	发明；创造；虚构	both	G4-verb-sense-lost
invert	颠倒的事物；倒置物；倒悬者	both	G4-verb-sense-lost
invest	投资，入股；花钱买	both	G4-verb-sense-lost
invoice	账单，发货单，收款请求	both	G4-verb-sense-lost
invoke	调用；祈求；引起；恳求	both	G4-verb-sense-lost
involve	包含；牵涉；使陷于；潜心于	both	G4-verb-sense-lost
irc	国际红十字会；Internet交互式闲聊程序	both	review
isolate	[生物] 隔离种群	both	G4-verb-sense-lost
isolde	n. 伊索尔德（女子名；嫁给康沃尔的国王Mark却被骑士Tristan所爱的爱尔兰公主）	both	review
italicize	在字下划横线；用斜体字排字；强调	both	G4-verb-sense-lost
itch	痒；渴望；疥疮	both	G4-verb-sense-lost
itches	痒；渴望；疥疮	both	G4-verb-sense-lost
itemize	逐条列记	both	G4-verb-sense-lost
itemized	编位号的；逐项逐笔登记的	both	G4-verb-sense-lost
iterate	迭代；重复；反复说；重做	both	G4-verb-sense-lost
ives	艾夫斯(①姓氏,男子名② Edward,1874-1954,美国作曲家 ③ Merritt, 1824-1895, 美国石印家)	both	review
jabbed	（用尖物）戳； 猛击； （用尖物）捅	both	G4-verb-sense-lost
jabbing	（用尖物）戳； 猛击； （用尖物）捅	both	G4-verb-sense-lost
jabs	猛击，戳	both	G4-verb-sense-lost
jacket	羽绒滑雪衫；西装短外套；短上衣，夹克；土豆皮；书籍的护封；文件套，公文夹	both	G4-verb-sense-lost
jackknife	（随身携带的）大折刀；镰刀式跳水	both	G4-verb-sense-lost
jail	监狱；监牢；拘留所	both	G4-verb-sense-lost
jailing	监狱；监牢；拘留所	both	G4-verb-sense-lost
janssen	[医]杨森（药厂名）； [人名] 詹森	both	review
japan	日本（东亚国家名）	both	G4-verb-sense-lost
jargon	行话，术语；黄锆石	both	G4-verb-sense-lost
jaw	颌；下巴；狭窄入口；唠叨	both	G4-verb-sense-lost
jeannie	[女子名] 珍妮 Jane,Jean,Joan,Joanna等的昵称	both	review
jeer	嘲笑；戏弄；揶揄的言语	both	G4-verb-sense-lost
jefferson	杰斐逊(①姓氏 ②Thomas, 1743-1826, 美国政治家, 第三任总统, 独立宣言的起草人),杰斐逊追随者	both	review
jerk	肌肉抽搐；性情古怪的人；蠢人；急拉	both	G4-verb-sense-lost
jerked	猛拉； （使…）猝然一动[颤动]	both	G4-verb-sense-lost
jerker	小型单缸柱塞泵；海关检查员；肌肉抽搐	both	G4-verb-sense-lost
jersey	n. 毛线衫；毛织运动衫；Jersey: 泽西岛； 泽西乳牛.	both	review
jerseys	n. 毛线衫；毛织运动衫；Jersey: 泽西岛； 泽西乳牛.	both	review
jesuit	耶稣会信徒；阴险的人（等于jersuit）	both	review
jib	踌躇不前；停止不动；移转	both	G4-verb-sense-lost
jibes	与…一致； （与…）相符； 相匹配	both	G4-verb-sense-lost
jig	跳吉格舞；抖动；加工用钩钓鱼；用夹具或钻模等加工	both	G4-verb-sense-lost
jigged	（使）上下急动	both	G4-verb-sense-lost
jingle	叮当声；节拍十分规则的简单诗歌	both	G4-verb-sense-lost
jitter	抖动，[电子] 跳动；战战兢兢；神经过敏	both	G4-verb-sense-lost
jitterbug	图象不稳定；跳吉特巴舞的人；容易紧张的人；爵士乐迷	both	G4-verb-sense-lost
joann	[女子名] 乔安 Joan的变体； [人名] 琼	both	review
jody	乔迪(Judith的昵称亦作	both	review
jog	慢跑；轻推；蹒跚行进；使颠簸	both	G4-verb-sense-lost
jogs	（使）慢走，慢跑； 轻敲，轻推	both	G4-verb-sense-lost
johanna	约翰娜(Joanna的异体)	both	review
joint	关节；接缝；接合处，接合点；（牛，羊等的腿）大块肉	both	G4-verb-sense-lost
joints	连接，接头；[解剖] 关节；运动副	both	G4-verb-sense-lost
jolts	（使）摇动， （使）震惊	both	G4-verb-sense-lost
jostle	推挤，撞；争夺	both	G4-verb-sense-lost
joys	人名；(波、挪)约伊斯	both	G4-verb-sense-lost
judged	裁决；审理	both	G4-verb-sense-lost
jules	朱尔斯(Julius的异体)	both	review
jumble	混乱；杂乱的一堆东西	both	G4-verb-sense-lost
jump	跳跃；暴涨；惊跳	both	G4-verb-sense-lost
jumps	跳跃；暴增	both	G4-verb-sense-lost
jury	[法] 陪审团；评判委员会	both	G4-verb-sense-lost
justine	贾丝廷(Justina的异体)	both	review
jut	使…伸出；使…突出	both	G4-verb-sense-lost
juts	（使）突出； 伸出； （从…）突出； 高出	both	G4-verb-sense-lost
jutted	（使）突出； 伸出； （从…）突出； 高出	both	G4-verb-sense-lost
jutting	使突出；突出	both	G4-verb-sense-lost
karl	卡尔（男子名，等于Charles）	both	review
kate	凯特（女子名，等于Catherine）	both	review
kathy	凯西（女子名，等于Katherine）	both	review
ken	视野范围，见地，知识范围	both	G4-verb-sense-lost
kendall	肯德尔(①姓氏, 男子名 ② Calvin, 1886-1972, 美国生物化学家, 曾获1950年诺贝尔生理学-医学奖)	both	review
kennel	狗屋；养狗场；[建] 阴沟；一群狗	both	G4-verb-sense-lost
kfc	肯德基（ Chicken，快餐连锁店品牌）	both	review
kgs	千克（重量单位，kilograms）；生酮类固醇；吉尔吉斯斯坦索姆（吉尔吉斯斯坦货币名）；毛重净重	both	review
kh	( , inlet, ravine, water-course) （阿拉伯语）小溪； 海湾； 高棉人； 高棉语	both	review
kick	踢；反冲，朝后座	both	G4-verb-sense-lost
kicks	踢球；腿法；冲击力	both	G4-verb-sense-lost
kickstart	强力启动；为…提供最初推动力	both	G4-verb-sense-lost
kidnap	绑架；诱拐；拐骗	both	G4-verb-sense-lost
kilometer	[计量] 公里；[计量] 千米（等于kilometre）	both	review
kingfisher	n. 翠鸟；Kingfisher.；n. 翠丰公司(英国的一家主要经营零售的公司)	both	review
kinsey	n. [姓氏] 金赛； Kinsey； 金赛教授(著有>； 调查美国人之性行为)	both	review
kip	睡觉；客栈；千磅；生幼兽皮；基普（老挝的标准货币单位）	both	G4-verb-sense-lost
kites	[气象][轻] 风筝；[船] 轻帆	both	G4-verb-sense-lost
kitting	配套采购；配套出售件；备件上线	both	G4-verb-sense-lost
kneel	跪下，跪	both	G4-verb-sense-lost
kneeled	跪	both	G4-verb-sense-lost
kneels	跪	both	G4-verb-sense-lost
knit	编织；结合；皱眉	both	G4-verb-sense-lost
knits	针织品；皱痕	both	G4-verb-sense-lost
knocked	敲；使震惊；找岔子；碰击	both	G4-verb-sense-lost
knot	（绳等的）结；节瘤，疙瘩；海里/小时（航速单位）	both	G4-verb-sense-lost
ko	让开，不让接近	both	G4-verb-sense-lost
koch	科赫(Robert, 1843-1910, 德国细菌学家, 医学家, 结核菌、霍乱菌发现者, 曾获1905年诺贝尔生理学-医学奖)	both	review
krause	[医]唇压肌； [人名] 克劳斯	both	review
kris	波壮刃短剑（等于creese，马来西亚和印尼的）	both	review
kuhn	库恩（姓氏； Richard, 1900-1967，生于奥地利的德国化学家，曾获1938年诺贝尔化学奖）	both	review
kw	千瓦特（kilowatt、kilowatts）	both	review
labors	努力争取； 苦干； 详细分析； （指引擎）缓慢而困难地运转	both	G4-verb-sense-lost
labour	n. 劳动；劳工；分娩；v. 努力；干苦力活；困难吃力地行进；反复说明；Labour；n. (英国)工党	both	review
lacerate	伤害，使…痛心；割裂；撕碎	both	G4-verb-sense-lost
ladle	不分对象予以赠送；以杓舀取	both	G4-verb-sense-lost
lag	落后；迟延；防护套；囚犯；桶板	both	G4-verb-sense-lost
lakeside	n. 湖边；Lakeside.；n. 莱克赛德(美国地名)	both	review
lamb	羔羊，小羊；羔羊肉	both	G4-verb-sense-lost
lambast	鞭打, 狠打, 严厉责骂	both	G4-verb-sense-lost
lambaste	痛打；严责；鞭打	both	G4-verb-sense-lost
lambert	n. 朗伯(一种亮度单位)；Lambert.；n. 兰伯特(姓氏或男子名)	both	review
lament	挽歌；恸哭；悲痛之情	both	G4-verb-sense-lost
laments	挽歌；恸哭；悲痛之情	both	G4-verb-sense-lost
lanced	用柳叶刀切开	both	G4-verb-sense-lost
lances	鱼叉； 骑士、骑兵等的长矛	both	G4-verb-sense-lost
landry	兰德里； [地名] [法国] 朗德里	both	review
landscape	风景；风景画；景色；山水画；乡村风景画；地形；（文件的）横向打印格式	both	G4-verb-sense-lost
lapsing	退步； 陷入； 倒退； 丧失	both	G4-verb-sense-lost
lark	云雀；百灵鸟；欢乐	both	G4-verb-sense-lost
larsen	[医]综合征：本征特点为腭裂，面部扁平，多处关节先天性脱位，及足畸形； [人名] 拉森； [地名] [荷兰、美国] 拉森	both	review
lash	鞭打；冲击；摆动；扎捆；煽动；讽刺	both	G4-verb-sense-lost
lashed	鞭打；冲击；摆动；扎捆；煽动；讽刺	both	G4-verb-sense-lost
lashes	睫毛；鞭子；猛烈拍击	both	G4-verb-sense-lost
latched	锁住；锁存的；锁闭的，关紧的，系住的；闩锁，门锁	both	G4-verb-sense-lost
lattice	[晶体] 晶格；格子；格架	both	G4-verb-sense-lost
laugh	笑；引人发笑的事或人	both	G4-verb-sense-lost
launch	发射（导弹、火箭等）；发起，发动；使…下水	both	G4-verb-sense-lost
laurent	劳伦，洛朗(Hermann,1841-1908，法国数学家)	both	review
lavish	浪费的；丰富的；大方的	both	G4-verb-sense-lost
law	法律；规律；法治；法学；诉讼；司法界	both	G4-verb-sense-lost
layer	层，层次；膜；[植]压条；放置者，计划者	both	G4-verb-sense-lost
leaches	（将化学品、矿物质等）过滤； （液体）过滤，滤去	both	G4-verb-sense-lost
leaf	叶子；（书籍等的）一张；扇页	both	G4-verb-sense-lost
leafs	叶子；（书籍等的）一张；扇页	both	G4-verb-sense-lost
leak	泄漏；漏洞，裂缝	both	G4-verb-sense-lost
leans	（使）倾斜，屈身； 倚； 依赖； 使斜靠	both	G4-verb-sense-lost
lease	租约；租期；租赁物；租赁权	both	G4-verb-sense-lost
leases	[租赁] 租赁；租约；租赁协定	both	G4-verb-sense-lost
leavens	使（面团）发酵； 在…中掺入改变的因素	both	G4-verb-sense-lost
lecture	演讲；讲稿；教训	both	G4-verb-sense-lost
legalize	使合法化；公认；法律上认为…正当	both	G4-verb-sense-lost
lena	莉娜（女子名，等于Helena）；勒拿河（西伯利亚中部河流）	both	review
lend	贷；增添，提供；把……借给	both	G4-verb-sense-lost
lens	透镜，镜头；眼睛中的水晶体；晶状体；隐形眼镜；汽车的灯玻璃	both	G4-verb-sense-lost
lessen	使…变小；使…减轻；使…变少	both	G4-verb-sense-lost
lets	地方交易系统	both	G4-verb-sense-lost
letter	信；字母，文字；证书；文学，学问；字面意义	both	G4-verb-sense-lost
levee	堤坝（码头）；（旧时君主或显贵的）早晨接见	both	G4-verb-sense-lost
leverage	手段，影响力；杠杆作用；杠杆效率	both	G4-verb-sense-lost
leverages	手段，影响力；杠杆作用；杠杆效率	both	G4-verb-sense-lost
levering	利弗林； [地名] [美国] 莱弗灵	both	G4-verb-sense-lost
levies	课税，征税；征费	both	G4-verb-sense-lost
levitate	使轻轻浮起；使飘浮空中	both	G4-verb-sense-lost
levy	征收；征兵，征税	both	G4-verb-sense-lost
levying	征（兵）； 索取； 发动（战争）； 征税	both	G4-verb-sense-lost
liaise	保持联络；担任联络官	both	G4-verb-sense-lost
liaising	保持联络；担任联络官	both	G4-verb-sense-lost
lib	解放的（等于liberal）；解放论者的	both	review
libby	莉比（等于Elizabeth，女子名）	both	review
libel	诽谤罪；诋毁；毁坏名誉的东西；控诉书	both	G4-verb-sense-lost
libeled	（发表文字等）诽谤，中伤	both	G4-verb-sense-lost
licensable	[法] 可获许可的, 可被认可的	both	G4-verb-sense-lost
license	执照，许可证；特许	both	G4-verb-sense-lost
licensed	得到许可的（等于licenced）	both	review
licker	利卡（科幻小说中的怪兽名字）	both	G4-verb-sense-lost
licks	舔； 打败； （波浪）轻拍； （火焰）吞卷	both	G4-verb-sense-lost
lies	躺卧	both	G4-verb-sense-lost
ligate	结扎（血管等）；绑	both	G4-verb-sense-lost
ligature	绷带；绳索；连字；连接物	both	G4-verb-sense-lost
limit	限制；限度；界线	both	G4-verb-sense-lost
limp	柔软的，无力的；软弱的	both	G4-verb-sense-lost
limped	柔软的，无力的；软弱的	both	G4-verb-sense-lost
limper	柔软的, 无力的；软弱的	both	G4-verb-sense-lost
limps	一瘸一拐地走； 困难地航行	both	G4-verb-sense-lost
linden	n. [植]椴属；菩提树；Linden.；n. 林登（美国新泽西州东北部城市）	both	review
link	[计] 链环，环节；联系，关系	both	G4-verb-sense-lost
lipitor	[医]立普妥( calcium包衣片)	both	review
listen	听，倾听；听从，听信	both	G4-verb-sense-lost
listserv	BITnet上用来管理讨论邮件清单的程序	both	review
lithographed	【印刷】石印；平版画(指石版或金属版画)；石版印刷品，平版印刷品	both	G4-verb-sense-lost
litters	（旧时抬要人的）轿； 杂乱； 废弃物； 一窝	both	G4-verb-sense-lost
live	活的；生动的；实况转播的；精力充沛的	both	G4-verb-sense-lost
load	负载，负荷；工作量；装载量	both	G4-verb-sense-lost
loads	[电] 负载，[电] 负荷；货载量	both	G4-verb-sense-lost
loam	壤土；肥土（含有黏土、沙和有机物质的土地）；亚黏土	both	G4-verb-sense-lost
lobbed	打缓慢的球，蹒跚地走； 投掷	both	G4-verb-sense-lost
lobbing	打缓慢的球，蹒跚地走； 投掷； 打滑	both	G4-verb-sense-lost
localize	使地方化；使局部化；停留在一地方	both	G4-verb-sense-lost
lodges	存放； 暂住； 埋入； （权利、权威等）归属	both	G4-verb-sense-lost
loeb	罗卜（Jacques；1859-1924生于德国的美国生理学家及生物学家）	both	review
logjam	僵局；（河道等）受圆木阻塞；停滞状态；拥挤	both	G4-verb-sense-lost
loitering	流浪罪；街头滞留罪	both	G4-verb-sense-lost
look	看；期待；注意；面向；看上去像	both	G4-verb-sense-lost
loophole	漏洞；枪眼；换气孔；射弹孔	both	G4-verb-sense-lost
loosed	释放； 不受约束地表达； 松开； 射出（子弹、箭等）	both	G4-verb-sense-lost
looses	释放； 不受约束地表达； 松开； 射出（子弹、箭等）	both	G4-verb-sense-lost
loosest	松的； 不精确的； 自由的； 疏松的	both	G4-verb-sense-lost
loosing	赦免的行为；（英）21岁生日庆祝会	both	G4-verb-sense-lost
loot	战利品；抢劫；掠夺品	both	G4-verb-sense-lost
looted	战利品；抢劫；掠夺品	both	G4-verb-sense-lost
looting	抢劫；洗劫，趁乱打劫	both	G4-verb-sense-lost
lorded	逞威风	both	G4-verb-sense-lost
lose	浪费；使沉溺于；使迷路；遗失；错过	both	G4-verb-sense-lost
lou	卢（女子名，等于Louise或Lu）	both	review
lounge	休息室；闲逛；躺椅；（英）酒吧间	both	G4-verb-sense-lost
lounging	休息室；闲逛；躺椅；（英）酒吧间	both	G4-verb-sense-lost
love	恋爱；亲爱的；酷爱；喜爱的事物；爱情，爱意；疼爱；热爱；爱人，所爱之物	both	G4-verb-sense-lost
lowell	洛厄尔（男子名，等于Lovell）	both	review
lower	减弱，减少；放下，降下；贬低	both	G4-verb-sense-lost
ltd	有限责任公司；激光目标指示器（等于 Designator）	both	review
lubricate	润滑；涂油；起润滑剂作用	both	G4-verb-sense-lost
luck	运气；幸运；带来好运的东西	both	G4-verb-sense-lost
lucked	运气；侥幸；〈古〉带来幸运的东西	both	G4-verb-sense-lost
lucks	运气；幸运；〈古〉带来幸运的东西	both	G4-verb-sense-lost
luff	船首弯曲部；逆风航行；纵帆前缘	both	G4-verb-sense-lost
lugs	凸耳；耳状柄	both	G4-verb-sense-lost
lull	使平静；使安静；哄骗	both	G4-verb-sense-lost
lulled	使平静；使安静；哄骗	both	G4-verb-sense-lost
lulling	使平静；使安静；哄骗	both	G4-verb-sense-lost
lumber	伐木；喧闹地向前走；笨重地行动，缓慢地移动	both	G4-verb-sense-lost
lunge	刺；跃进；刺进；套马索	both	G4-verb-sense-lost
lunges	刺；跃进；刺进；套马索	both	G4-verb-sense-lost
lunging	（用剑等）刺；扑	both	G4-verb-sense-lost
lure	诱惑；饵；诱惑物	both	G4-verb-sense-lost
lured	诱惑；饵；诱惑物	both	G4-verb-sense-lost
luring	诱惑；饵；诱惑物	both	G4-verb-sense-lost
lurk	潜伏；潜藏；埋伏	both	G4-verb-sense-lost
lurked	潜伏，埋伏	both	G4-verb-sense-lost
lurks	潜在，潜伏	both	G4-verb-sense-lost
lush	丰富的，豪华的；苍翠繁茂的	both	G4-verb-sense-lost
lust	性欲；强烈的欲望	both	G4-verb-sense-lost
lynch	私刑；私刑处死；（英）田埂	both	G4-verb-sense-lost
lynched	私刑；私刑处死；（英）田埂	both	G4-verb-sense-lost
lyophilized	[医]低压冻干的	both	G4-verb-sense-lost
lysed	[医] 受溶解的，熔化的	both	G4-verb-sense-lost
macerated	[医]被浸渍的	both	G4-verb-sense-lost
machine	机械，机器；机构；机械般工作的人	both	G4-verb-sense-lost
machined	杀人机器；经过机加工的	both	G4-verb-sense-lost
macleod	麦克劳德(①姓氏 ② Rickard, 1876-1935, 英国生理学家, 曾获1923年诺贝尔生理学-医学奖)	both	review
macules	斑；疱；(尤指)痣；太阳的黑点	both	G4-verb-sense-lost
madeleine	玛德琳蛋糕；马德琳（女子名，等于Madelin）	both	review
mag	玛格（女子名）（Margaret的昵称）	both	review
magnify	放大；赞美；夸大	both	G4-verb-sense-lost
mail	邮件；邮政，邮递；盔甲	both	G4-verb-sense-lost
maintain	维持；继续；维修；主张；供养	both	G4-verb-sense-lost
maintains	维持；继续；维修；主张；供养	both	G4-verb-sense-lost
make	使得；进行；布置，准备，整理；制造；认为；获得；形成；安排；引起；构成	both	G4-verb-sense-lost
making	n. 制成；成功之道；(复)makings: 要素.	both	review
malign	诽谤，污蔑；中伤，说坏话	both	G4-verb-sense-lost
maligned	诽谤，污蔑；中伤，说坏话	both	G4-verb-sense-lost
malling	马林； [地名] [英国] 莫灵； [地名] [丹麦] 马灵	both	G4-verb-sense-lost
maltreat	虐待；滥用；粗暴对待	both	G4-verb-sense-lost
maltreated	虐待；滥用；粗暴对待	both	G4-verb-sense-lost
maltreats	虐待；滥用；粗暴对待	both	G4-verb-sense-lost
malvinas	玛尔维娜(女子名)[亦作 Malvine]	both	review
manage	管理；经营；控制；设法	both	G4-verb-sense-lost
managed	托管的；与中央化计划及管制有关的	both	G4-verb-sense-lost
mandate	授权；命令，指令；委托管理；受命进行的工作	both	G4-verb-sense-lost
mandates	授权；命令，指令；委托管理；受命进行的工作	both	G4-verb-sense-lost
mandela	纳尔逊曼德拉 Nelson, [1918, 南非黑人反种族隔离活动家]	both	review
maneuvered	移动，用策略； 操纵	both	G4-verb-sense-lost
mangle	乱砍；轧布；损坏	both	G4-verb-sense-lost
mangled	乱砍；轧布；损坏	both	G4-verb-sense-lost
manifested	证明的；已显示的；显然的	both	G4-verb-sense-lost
manipulate	操纵；操作；巧妙地处理；篡改	both	G4-verb-sense-lost
manipulating	操纵；假造；手动（	both	G4-verb-sense-lost
manpower	n. 人力；Manpower.；n. 公司(财富500强公司之一；总部所在地美国；主要经营临时帮助)	both	review
manufacture	制造；产品；制造业	both	G4-verb-sense-lost
map	映射；计划；绘制地图；确定基因在染色体中的位置	both	G4-verb-sense-lost
mar	损毁；损伤；糟蹋；玷污	both	G4-verb-sense-lost
marbleized	作成大理石状；使有大理石花纹	both	G4-verb-sense-lost
marches	边界地区（尤指英格兰与苏格兰或威尔士的）	both	G4-verb-sense-lost
mares	[医]母马； [人名] 马雷斯	both	review
marge	边缘（等于margin）	both	review
marginalize	排斥；忽视；使处于社会边缘；使脱离社会发展进程	both	G4-verb-sense-lost
marginalizing	排斥；忽视；使处于社会边缘；使脱离社会发展进程	both	G4-verb-sense-lost
margining	n. 人名；(罗)马尔吉内	both	G4-verb-sense-lost
margo	[医]缘,Margo：马戈	both	review
mark	标志；马克；符号；痕迹；分数	both	G4-verb-sense-lost
market	市场；行情；股票市场；市面；集市；销路；商店	both	G4-verb-sense-lost
marquis	（法）侯爵；世袭贵族（等于marquess）	both	review
marring	毁坏，损坏，玷污	both	G4-verb-sense-lost
marseille	n. 马塞双层布；Marseille.；n. 马赛(法国港口城市）	both	review
marsha	玛莎(Marcia的异体)	both	review
marshall	元帅；典礼官；执法官；法官的随行官员（等于 marshal）	both	review
martyred	有牺牲精神似的，故作受苦状的	both	G4-verb-sense-lost
maskable	可屏蔽的，一般描述计算机中断系统	both	G4-verb-sense-lost
masks	口罩；遮罩，面罩	both	G4-verb-sense-lost
mass	块，团；群众，民众；大量，众多；质量	both	G4-verb-sense-lost
massed	大规模的；集体的；集合的	both	G4-verb-sense-lost
match	使比赛；使相配；敌得过，比得上；相配；与…竞争	both	G4-verb-sense-lost
mate	助手，大副；配偶；同事；配对物	both	G4-verb-sense-lost
materialize	使具体化，使有形；使突然出现；使重物质而轻精神	both	G4-verb-sense-lost
mates	伴侣牌，伙伴；好朋友	both	G4-verb-sense-lost
maths	数学（等于mathematics）	both	review
matriculate	准许…入学；录取…入大学	both	G4-verb-sense-lost
matthews	马修斯(①姓氏 ② Brander, 1852-1929, 美国戏剧评论家, 散文家及教育家)	both	review
mature	成熟的；充分考虑的；到期的；成年人的	both	G4-verb-sense-lost
maunder	徘徊；唠叨地讲；胡扯	both	G4-verb-sense-lost
max	]完全；彻底；最大限度；最大量；最大数	both	G4-verb-sense-lost
mca	[计] Architecture微通道结构	both	review
mcgraw	[苏格兰人、爱尔兰人姓氏] 麦格劳 McCrae的变体； [地名] [美国] 麦格劳	both	review
mchenry	[苏格兰人、爱尔兰人姓氏] 麦克亨利盖尔语姓氏的英语形式，来源于教名Henry的盖尔语形式； [地名] [美国] 麦克亨利	both	review
mcmillan	麦克米伦 (①姓氏 ② Mattison, 1907-, 美国化学家, 曾获1951年诺贝尔化学奖)	both	review
mechanize	使机械化；机动化；用机械装置	both	G4-verb-sense-lost
meddle	管闲事，干预他人之事	both	G4-verb-sense-lost
medina	n. 麦地那（位于北非的一阿拉伯城市的旧城部分）；Medina.；n. 麦地那（沙特阿拉伯西部一城）；n. 麦地那 (美国俄亥俄东北部一城市)	both	review
medivac	[美口]救伤直升机	both	G4-verb-sense-lost
meet	满足；遇见；对付	both	G4-verb-sense-lost
memorialize	纪念；请愿；提出请愿书	both	G4-verb-sense-lost
mends	修理，修补； 改[纠]正； 改善[进]； 恢复	both	G4-verb-sense-lost
mention	提到，谈到；提及，论及；说起	both	G4-verb-sense-lost
mentor	指导者，良师益友	both	G4-verb-sense-lost
merchandize	商品（等于merchandise）；货物	both	G4-verb-sense-lost
merger	（企业等的）合并；并购；吸收（如刑法中重罪吸收轻罪）	both	G4-verb-sense-lost
merit	优点，价值；功绩；功过	both	G4-verb-sense-lost
merlin	n. 灰背隼；Merlin.；n. 梅林(男子名)	both	review
mesmerize	施催眠术；迷住；以魅力迫使	both	G4-verb-sense-lost
mess	混乱；食堂，伙食团；困境；脏乱的东西	both	G4-verb-sense-lost
message	消息；差使；启示；预言；广告词	both	G4-verb-sense-lost
metabolize	使新陈代谢；使变形	both	G4-verb-sense-lost
metallized	[医]敷金属的，用金属处理的	both	G4-verb-sense-lost
metamorphose	变质；变形；使变成	both	G4-verb-sense-lost
metamorphosed	变质；变形；使变成	both	G4-verb-sense-lost
mete	给予；分配；测量	both	G4-verb-sense-lost
meted	（对某人）施以，给予（处罚等）	both	G4-verb-sense-lost
meter	米；仪表；[计量] 公尺；韵律	both	G4-verb-sense-lost
meters	[计量] 米；[计量] 公尺	both	G4-verb-sense-lost
metes	（对某人）施以，给予（处罚等）	both	G4-verb-sense-lost
methinks	我想；据我看来；我以为	both	G4-verb-sense-lost
methodist	n. 照章办事者；Methodist：卫理公会派教徒.；adj. 卫理公会教派的	both	review
meting	（对某人）施以，给予（处罚等）	both	G4-verb-sense-lost
micronized	[医]微粒化的，微粉化的	both	G4-verb-sense-lost
middle	中间的，中部的；中级的，中等的	both	G4-verb-sense-lost
migrate	移动；随季节而移居；移往	both	G4-verb-sense-lost
mike	扩音器，麦克风；话筒；休息, 游手好闲	both	G4-verb-sense-lost
miked	通过话筒传送	both	G4-verb-sense-lost
mikes	n. 扩音器；麦克风；v. 用扩音器传送；n. [大写]迈克（男子名,Michael的昵称）	both	review
mildewed	陈腐的；发了霉的	both	G4-verb-sense-lost
milked	产奶，挤奶； 榨取，勒索	both	G4-verb-sense-lost
milks	产奶，挤奶； 榨取，勒索	both	G4-verb-sense-lost
milt	脾脏；鱼白；（雄鱼的）精液；雄鱼生殖腺	both	G4-verb-sense-lost
mimeo	油印机	both	G4-verb-sense-lost
miming	指手画脚地表演，用哑剧的形式表演	both	G4-verb-sense-lost
minimize	使减到最少；小看，极度轻视	both	G4-verb-sense-lost
minimized	最小化的；最小化；使达到最低限度的	both	G4-verb-sense-lost
minor	未成年的；次要的；较小的；小调的；二流的	both	G4-verb-sense-lost
minored	[主美国英语]副修，选修，兼修	both	G4-verb-sense-lost
minoring	[主美国英语]副修，选修，兼修	both	G4-verb-sense-lost
minute	分，分钟；片刻，一会儿；备忘录，笔记；会议记录	both	G4-verb-sense-lost
misappropriate	侵占；盗用；滥用	both	G4-verb-sense-lost
misbranding	[医]错标，错假标记	both	G4-verb-sense-lost
miscalculate	算错；估计错误	both	G4-verb-sense-lost
miscast	使出演不适合的角色；分配不适当的工作	both	G4-verb-sense-lost
misconceived	设想错误的	both	G4-verb-sense-lost
misconstrue	误解，曲解；误会	both	G4-verb-sense-lost
misconstrued	误解，曲解；误会	both	G4-verb-sense-lost
misinform	误传；提供错误消息	both	G4-verb-sense-lost
misinformed	误传；提供错误消息	both	G4-verb-sense-lost
misinterpret	曲解，误解	both	G4-verb-sense-lost
misinterpreted	曲解，误解	both	G4-verb-sense-lost
mislabeling	[医]错贴标签	both	G4-verb-sense-lost
mismanage	办错；处置失当；对…管理不善	both	G4-verb-sense-lost
misnamed	误称的；取名不当的	both	G4-verb-sense-lost
misplace	放错地方；忘记把…放在什么地方；错误地信任某人	both	G4-verb-sense-lost
misplaced	错位的；寄托错的	both	G4-verb-sense-lost
miss	女士，小姐，年轻未婚女子	both	G4-verb-sense-lost
misstate	说错；作虚伪叙述，谎报	both	G4-verb-sense-lost
mist	薄雾；视线模糊不清；模糊不清之物	both	G4-verb-sense-lost
mistake	错误；误会；过失	both	G4-verb-sense-lost
mistaking	错误；误会；过失	both	G4-verb-sense-lost
misted	起薄雾；被蒙上薄雾；使（眼睛）模糊不清	both	G4-verb-sense-lost
mister	先生（用于姓名或职称前，常缩写为Mr.）	both	G4-verb-sense-lost
mistype	（键盘）错误录入，用打字机错打	both	G4-verb-sense-lost
mitigate	使缓和，使减轻	both	G4-verb-sense-lost
mitigated	使缓和，使减轻	both	G4-verb-sense-lost
mitigating	减轻的；节制的；和缓的	both	G4-verb-sense-lost
mitre	斜接；主教法冠；僧帽	both	G4-verb-sense-lost
mix	配制；混淆；使混和；使结交	both	G4-verb-sense-lost
mixes	混合； （使）结交； 相容； 平安相处	both	G4-verb-sense-lost
mnt	(=17-α-methyl-19-nortestosterone) 甲基去甲睾丸酮, 甲诺酮, 甘露醇, 甘露糖醇, 微量中和试验, 单硝基甲苯	both	review
moans	呻吟声； （尤指风的）呼啸声； 萧萧声	both	G4-verb-sense-lost
mob	暴民，暴徒；民众；乌合之众	both	G4-verb-sense-lost
mobilize	动员，调动；集合，组织；使…流通；使…松动	both	G4-verb-sense-lost
mobilized	动员了的；运动的；好动的	both	G4-verb-sense-lost
mocks	（英国）模拟考试	both	G4-verb-sense-lost
model	模型；典型；模范；模特儿；样式	both	G4-verb-sense-lost
modeler	塑造者；制造模型者	both	G4-verb-sense-lost
moderate	稳健的，温和的；适度的，中等的；有节制的	both	G4-verb-sense-lost
moil	辛苦工作，做苦工	both	G4-verb-sense-lost
mollify	平息，缓和；使…平静；使…变软	both	G4-verb-sense-lost
molted	换羽，脱毛	both	G4-verb-sense-lost
mona	n. 莫娜(女子名)；n. [动]白腹长尾猴(西非常见的一种长尾猴)； Passage.；n. 莫纳海峡(在拉丁美洲的海地岛和波多黎各岛之间)	both	review
monetize	定为货币，使成为合法货币；铸造成货币	both	G4-verb-sense-lost
monitor	监视器；监听器；监控器；显示屏；班长	both	G4-verb-sense-lost
monopolize	垄断；独占；拥有…的专卖权	both	G4-verb-sense-lost
monopolized	垄断；独占；拥有…的专卖权	both	G4-verb-sense-lost
montage	蒙太奇（电影的基本结构手段和叙事方式）；混合画，拼集的照片	both	G4-verb-sense-lost
montague	[男子名] [英格兰人姓氏] 蒙塔古 Montagu的变体； [地名] [加拿大、美国] 蒙塔古	both	review
mooching	索取； 逛； 闲荡； 闲着	both	G4-verb-sense-lost
moon	月亮；月球；月光；卫星	both	G4-verb-sense-lost
moons	月亮，月球； 卫星	both	G4-verb-sense-lost
moots	提出…供讨论	both	G4-verb-sense-lost
moralize	教化，从道德上解释；从…引出道德教训	both	G4-verb-sense-lost
mortared	砂浆砌合的；砂浆涂抹的；黏合的	both	G4-verb-sense-lost
mortice	[木]榫眼，卯眼，接合	both	G4-verb-sense-lost
mortify	抑制；苦修；使…感屈辱	both	G4-verb-sense-lost
mortise	榫接，使牢固相接；给…开榫眼	both	G4-verb-sense-lost
mosaic	摩西的；拼成的；嵌花式的	both	G4-verb-sense-lost
mosaics	镶嵌细工的；用拼花方式制成的	both	G4-verb-sense-lost
motion	动作；移动；手势；请求；意向；议案	both	G4-verb-sense-lost
motivate	刺激；使有动机；激发…的积极性	both	G4-verb-sense-lost
mott	莫特(①姓氏 ② Raleigh, 1865-1955, 美国宗教家, 曾获1946年诺贝尔和平奖 ③Lucretia, 1793-1880, 本姓Coffin	both	review
moulder	腐朽；衰退	both	G4-verb-sense-lost
mound	堆；高地；坟堆；护堤	both	G4-verb-sense-lost
mounds	土堆，土丘； 一大堆	both	G4-verb-sense-lost
mount	增加；爬上；使骑上马；安装，架置；镶嵌，嵌入；准备上演；成立（军队等）	both	G4-verb-sense-lost
mounts	加载的文件系统；山峰	both	G4-verb-sense-lost
mouthed	装腔作势地说	both	G4-verb-sense-lost
mowed	用镰刀等刈草；割草	both	G4-verb-sense-lost
mr	n. 先生(Mister的缩写)	both	review
muck	淤泥；垃圾；肥料；品质低劣的东西	both	G4-verb-sense-lost
mucked	施粪肥于…	both	G4-verb-sense-lost
muckraking	收集并揭发名人丑闻	both	G4-verb-sense-lost
mucks	施粪肥于…	both	G4-verb-sense-lost
mud	弄脏；用泥涂	both	G4-verb-sense-lost
muddle	混合；使咬字不清晰；使微醉	both	G4-verb-sense-lost
muddles	弄乱，弄糟； 使糊涂； 对付，混日子	both	G4-verb-sense-lost
muffed	弄糟，漏接（球），失败	both	G4-verb-sense-lost
muffle	蒙住；裹住；抑制；发低沉的声音	both	G4-verb-sense-lost
muffs	皮手笼，笨拙的人，接球失败	both	G4-verb-sense-lost
mugs	马克杯；杯子	both	G4-verb-sense-lost
multiplex	多样的，多元的；[通信] 多路传输的	both	G4-verb-sense-lost
multiply	乘；使增加；使繁殖；使相乘	both	G4-verb-sense-lost
munch	用力咀嚼；大声咀嚼	both	G4-verb-sense-lost
munching	用力咀嚼；大声咀嚼	both	G4-verb-sense-lost
mushing	软而稠的混合物或块； 糊状物； 玉米粥； 脆弱的感情	both	G4-verb-sense-lost
mushroom	蘑菇，伞菌；蘑菇形物体；暴发户	both	G4-verb-sense-lost
muster	召集；对…进行点名；使振作	both	G4-verb-sense-lost
mutes	哑巴； （乐器上的）弱音器	both	G4-verb-sense-lost
mutilate	切断，毁坏；使…残缺不全；使…支离破碎	both	G4-verb-sense-lost
mutter	咕哝；喃喃自语	both	G4-verb-sense-lost
muttered	咕哝；喃喃自语	both	G4-verb-sense-lost
muzzle	枪口，炮口；口套，口络；动物的鼻口	both	G4-verb-sense-lost
mwf	abbr. ' 女医务人员联合会； Forces；水雷作战部队	both	review
mystify	使神秘化；使迷惑，使困惑	both	G4-verb-sense-lost
mystifying	使神秘化；使迷惑，使困惑	both	G4-verb-sense-lost
nail	钉；使固定；揭露	both	G4-verb-sense-lost
nap	小睡，打盹儿；细毛；孤注一掷	both	G4-verb-sense-lost
napalm	凝固汽油；凝固汽油弹；汽油胶化剂	both	G4-verb-sense-lost
napp	打盹；午睡；发呆；疏忽；使起毛	both	G4-verb-sense-lost
naps	小睡，打盹； 珠皮呢	both	G4-verb-sense-lost
narrow	狭窄的，有限的；勉强的；精密的；度量小的	both	G4-verb-sense-lost
natasha	娜塔莎（亦作Natascha）	both	review
nationalize	使国有化；使民族化；使归化；使成国家	both	G4-verb-sense-lost
naturalize	移植；使入国籍；采纳	both	G4-verb-sense-lost
naturist	裸体主义者（指认为裸体有益身心的人）；天体运动者（等于nudist）	both	review
nautilus	n. 鹦鹉螺；舡鱼；Nautilus.；n. 鹦鹉螺号(美国第一艘核潜艇)	both	review
neared	adj. 近的；近似的；亲近的；吝啬的；adv. 在附近；不久以后；几乎；[罕]吝啬地；prep. 附近；接近；临近；大约；(质量、大小等)相仿；濒临	both	G4-verb-sense-lost
nearing	adj. 近的；近似的；亲近的；吝啬的；adv. 在附近；不久以后；几乎；[罕]吝啬地；prep. 附近；接近；临近；大约；(质量、大小等)相仿；濒临	both	G4-verb-sense-lost
nears	adj. 近的；近似的；亲近的；吝啬的；adv. 在附近；不久以后；几乎；[罕]吝啬地；prep. 附近；接近；临近；大约；(质量、大小等)相仿；濒临	both	G4-verb-sense-lost
necessitate	使成为必需，需要；迫使	both	G4-verb-sense-lost
necessitated	使成为必需，需要；迫使	both	G4-verb-sense-lost
necessitates	使成为必需，需要；迫使	both	G4-verb-sense-lost
ned	内德（男子名，等于Edward）	both	review
needle	针；指针；刺激；针状物	both	G4-verb-sense-lost
negative	[数] 负的；消极的；否定的；阴性的	both	G4-verb-sense-lost
neglect	疏忽，忽视；忽略	both	G4-verb-sense-lost
neighboring	邻近的；附近的（等于neighbouring）	both	review
neighbour	n. 邻居；同胞；仁慈的人	both	G4-verb-sense-lost
nema	[古生物]线管； [医][希]线虫：同nematode； 刺丝	both	review
nerve	n. 神经；勇气；敏感处；叶脉；厚脸皮；v. 鼓起勇气；（复）nerves: 神经紧张.	both	review
nest	巢，窝；安乐窝；温床	both	G4-verb-sense-lost
nestle	舒适地坐定；偎依；半隐半现地处于	both	G4-verb-sense-lost
nests	（鸟）窝； 温床； （套叠在一起的）一套物件； 藏匿处	both	G4-verb-sense-lost
netherlands	荷兰（形容词Netherlandish）；地区名	both	review
netscape	n. 美国网景公司(以开发Internet浏览器闻名)	both	review
neuter	无性动物；中性名词；阉割动物	both	G4-verb-sense-lost
neutered	无性动物；中性名词；阉割动物	both	G4-verb-sense-lost
neutering	无性动物；中性名词；阉割动物	both	G4-verb-sense-lost
neuters	无性动物；中性名词；阉割动物	both	G4-verb-sense-lost
neutralize	抵销；使…中和；使…无效；使…中立	both	G4-verb-sense-lost
neville	内维尔；[男子名] [英格兰人、爱尔兰人姓氏] 内维尔住所名称，来源于古法语，含义是“新+居留地”(new+settlement)	both	review
nibble	细咬；一点一点地咬；吹毛求疵	both	G4-verb-sense-lost
nicole	尼科尔（女子名，等于Nichole）	both	review
ningbo	宁波（中国地名，旧译Ningpo）	both	review
nitpicker	爱吹毛求疵的人挑错的人	both	G4-verb-sense-lost
nix	无（等于nothing）；皆无；女水妖（出现在德国神话中）	both	review
nixes	n. 无, 皆无, 水中精灵	both	G4-verb-sense-lost
nod	点头；打盹；摆动	both	G4-verb-sense-lost
nodder	点头；打盹；摆动	both	G4-verb-sense-lost
nods	点头； 打盹； 打瞌睡； 点头致意	both	G4-verb-sense-lost
nom	名义上的（等于nominal）	both	review
nominate	推荐；提名；任命；指定	both	G4-verb-sense-lost
nonplussed	困惑的；陷于窘境的	both	G4-verb-sense-lost
nora	n. 诺拉（女子名；Eleanor；Honora；Leonora的昵称）	both	review
nose	鼻子；嗅觉；突出的部分；探问	both	G4-verb-sense-lost
notarize	确认；证明	both	G4-verb-sense-lost
notarized	[法] 由公证人证实的	both	G4-verb-sense-lost
notch	刻痕，凹口；等级；峡谷	both	G4-verb-sense-lost
note	笔记；音符；票据；注解；纸币；便笺；照会；调子	both	G4-verb-sense-lost
notes	注释，说明，笔记；[金融] 票据	both	G4-verb-sense-lost
notice	通知，布告；注意；公告	both	G4-verb-sense-lost
novell	美国Novell公司，以开发网络产品著称	both	review
nudge	推动；用肘轻推；没完没了抱怨的人	both	G4-verb-sense-lost
nudged	推动；用肘轻推；没完没了抱怨的人	both	G4-verb-sense-lost
nudges	用肘轻推； 讨厌的人； （暗指与性行为有关的事）眉来眼去	both	G4-verb-sense-lost
null	无效的，无价值的；等于零的	both	G4-verb-sense-lost
nulled	无效的, 无价值的；等于零的	both	G4-verb-sense-lost
nulls	a. 无效力的, 无效的, 无价值的	both	G4-verb-sense-lost
number	数；（杂志等的）期；号码；数字；算术	both	G4-verb-sense-lost
nurse	看护，护理；照顾；培养；给…喂奶	both	G4-verb-sense-lost
nursed	护理； 照料； 喂； 吃奶	both	G4-verb-sense-lost
nut	螺母，螺帽；坚果；难对付的人，难解的问题	both	G4-verb-sense-lost
nuzzle	用鼻紧挨，用鼻爱抚；紧贴某人	both	G4-verb-sense-lost
nz	新西兰（国家名， Zealand）；新西兰国家航空公司	both	review
oakley	[俚]赠券（等于 Oakley）；奥克利眼镜	both	review
objectified	使具体化，使客观化；体现	both	G4-verb-sense-lost
objectify	使具体化，使客观化；体现	both	G4-verb-sense-lost
oblige	迫使；强制；赐，施恩惠；责成；义务	both	G4-verb-sense-lost
obscure	昏暗的，朦胧的；晦涩的，不清楚的；隐蔽的；不著名的，无名的	both	G4-verb-sense-lost
obsess	迷住，缠住；使…着迷；使…困扰	both	G4-verb-sense-lost
obtained	adj. 获得的；动词obtain过去式和过去分词.	both	review
occasion	时机，机会；场合；理由	both	G4-verb-sense-lost
occluding	[医]牙合的，咬合的	both	G4-verb-sense-lost
occupy	占据，占领；居住；使忙碌	both	G4-verb-sense-lost
offed	[用于祈使句]走开，滚开，站开	both	G4-verb-sense-lost
offered	提供，提议；奉献	both	G4-verb-sense-lost
offers	提议；出价；试图；求婚	both	G4-verb-sense-lost
officiate	主持（仪式）；行使（职务）；担任裁判	both	G4-verb-sense-lost
offs	[用于祈使句]走开，滚开，站开	both	G4-verb-sense-lost
oil	油；石油；油画颜料	both	G4-verb-sense-lost
ollie	奥利（男子名，等于Oliver）；奥莉（女子名，等于Olive）；翱骊（滑板的一种动作）	both	review
operationalize	使开始运转；实施；使用于操作	both	G4-verb-sense-lost
oppress	压迫，压抑；使……烦恼；使……感到沉重	both	G4-verb-sense-lost
orbit	轨道；眼眶；势力范围；生活常规	both	G4-verb-sense-lost
orbited	在…轨道上运行，环绕轨道运行	both	G4-verb-sense-lost
orbits	轨道； 势力范围	both	G4-verb-sense-lost
orbs	在校寄宿学校	both	G4-verb-sense-lost
ordain	任命某人为牧师；授某人以圣职；（上帝、法律等）命令；注定	both	G4-verb-sense-lost
organize	组织；使有系统化；给予生机；组织成立工会等	both	G4-verb-sense-lost
organized	有组织的；安排有秩序的；做事有条理的	both	G4-verb-sense-lost
orient	使适应；确定方向；使朝东	both	G4-verb-sense-lost
orientated	朝向；面向；确定方向；使适应	both	G4-verb-sense-lost
orientating	朝向； 面向； 确定方向； 使适应	both	G4-verb-sense-lost
ornament	装饰；[建][服装] 装饰物；教堂用品	both	G4-verb-sense-lost
orthopedic	整形外科的（等于orthopaedic）	both	review
orwell	奥韦尔(①姓氏 ②George, 本名 Blair, 1903-1950, 英国小说家及散文家)	both	review
ostracize	放逐；排斥；按贝壳流放法放逐	both	G4-verb-sense-lost
ostracized	放逐；排斥；按贝壳流放法放逐	both	G4-verb-sense-lost
ottoman	土耳其帝国的（等于Turkish）；土耳其人的；土耳其民族的	both	review
outbid	在开价上战胜；出价高于	both	G4-verb-sense-lost
outed	伸出； 揭露； 驱逐； 使熄灭	both	G4-verb-sense-lost
outfit	机构；用具；全套装备	both	G4-verb-sense-lost
outfitted	机构；用具；全套装备	both	G4-verb-sense-lost
outfitting	码头舾装；舾装设备	both	G4-verb-sense-lost
outflank	迂回；挫败；翼侧包围；智胜	both	G4-verb-sense-lost
outlast	比…长久；从…中逃生	both	G4-verb-sense-lost
outlaw	歹徒；罪犯；亡命之徒；被剥夺法律保护者	both	G4-verb-sense-lost
outlawed	歹徒；罪犯；亡命之徒；被剥夺法律保护者	both	G4-verb-sense-lost
outlawing	歹徒；罪犯；亡命之徒；被剥夺法律保护者	both	G4-verb-sense-lost
outlive	比…活得长；比…经久；经受住；渡过…而存在	both	G4-verb-sense-lost
outnumber	数目超过；比…多	both	G4-verb-sense-lost
outrage	愤怒，愤慨；暴行；侮辱	both	G4-verb-sense-lost
outshot	一面坡屋	both	G4-verb-sense-lost
outsmart	比…更聪明；用计谋打败	both	G4-verb-sense-lost
outspread	使扩张；使展开；使伸展	both	G4-verb-sense-lost
outstrip	超过；胜过；比…跑得快	both	G4-verb-sense-lost
outwear	穿破，穿坏；比…经久耐用；用旧；使筋疲力尽	both	G4-verb-sense-lost
outweigh	比…重（在重量上）；比…重要；比…有价值	both	G4-verb-sense-lost
overcrowd	使过度拥挤；把…塞得过满	both	G4-verb-sense-lost
overdo	把…做得过分；使过于疲劳；对…表演过火；夸张	both	G4-verb-sense-lost
overestimate	对……评价过高；对……估计过高	both	G4-verb-sense-lost
overfished	对…进行过度捕捞	both	G4-verb-sense-lost
overhaul	分解检查，大修；追上并超过	both	G4-verb-sense-lost
overhauled	分解检查，大修；追上并超过	both	G4-verb-sense-lost
overland	adj. 陆路的；adv. 经由陆路地；Overland.；n. 欧弗兰（美国密苏里州东部一城市）	both	review
overlie	躺在…上面；覆在…上面；压在（婴儿、幼仔）身上使之窒息而死	both	G4-verb-sense-lost
overlook	忽略；俯瞰；远眺；检查；高耸于…之上	both	G4-verb-sense-lost
overpass	超越；胜过；忽略	both	G4-verb-sense-lost
overplay	夸张；过分依赖…的力量；把…演得过火；将高尔夫球打到果岭之外	both	G4-verb-sense-lost
overprotective	过分保护的；过分溺爱的	both	G4-verb-sense-lost
overreached	因过于雄心勃勃而失败	both	G4-verb-sense-lost
overreaching	手伸得过远；过度延伸	both	G4-verb-sense-lost
overreact	反应过度；反作用过强	both	G4-verb-sense-lost
overrun	泛滥成灾；超出限度	both	G4-verb-sense-lost
oversee	监督；审查；俯瞰；偷看到，无意中看到	both	G4-verb-sense-lost
overset	打翻； 颠覆； 推翻； 为…排版过密	both	G4-verb-sense-lost
overshadow	使失色；使阴暗；遮阴；夺去…的光彩	both	G4-verb-sense-lost
overshadowed	使失色；使阴暗；遮阴；夺去…的光彩	both	G4-verb-sense-lost
overshoot	超越；打过头；把…做过头	both	G4-verb-sense-lost
overshot	（水车等）上射式的，上颚突出的	both	G4-verb-sense-lost
overspend	超支；过度使用；花费过多	both	G4-verb-sense-lost
overspread	蒙盖； 扩张； 蔓延； 铺满	both	G4-verb-sense-lost
overstress	过分强调；过分拉紧（或紧张）	both	G4-verb-sense-lost
oversupply	[经] 供给过多；过多的供应品	both	G4-verb-sense-lost
overture	前奏曲；提案；序幕	both	G4-verb-sense-lost
overturn	推翻；倾覆；破坏	both	G4-verb-sense-lost
overwhelm	淹没；压倒；受打击；覆盖；压垮	both	G4-verb-sense-lost
owe	欠；感激；应给予；应该把……归功于	both	G4-verb-sense-lost
oxidize	使氧化；使生锈	both	G4-verb-sense-lost
oxidized	被氧化的；生锈的	both	G4-verb-sense-lost
oxygenate	氧化，充氧；以氧处理；使…与氧化合	both	G4-verb-sense-lost
pack	包装；一群；背包；包裹；一副	both	G4-verb-sense-lost
packable	可捆扎的；可打包的；可压紧的	both	G4-verb-sense-lost
packs	包裹；生存集群；资料袋	both	G4-verb-sense-lost
padlock	挂锁；关闭；禁止进入	both	G4-verb-sense-lost
page	页；记录；大事件，时期；男侍者	both	G4-verb-sense-lost
paining	& vi. （使）疼痛，（使）痛苦，伤害	both	G4-verb-sense-lost
paint	油漆；绘画；装饰；涂色于；描绘；（用语言，文字等）描写；擦脂粉等	both	G4-verb-sense-lost
pair	一对，一双，一副	both	G4-verb-sense-lost
paisley	n. (苏格兰)佩斯利涡旋纹花呢；adj. 佩斯利织物的；Paisley.；n. 佩斯里(苏格兰西南部一城市)	both	review
palaver	谈判，交涉；奉承	both	G4-verb-sense-lost
pales	变得苍白，失色，变得暗淡	both	G4-verb-sense-lost
palest	灰白的； 苍白的； 白皙的； 浅色的	both	G4-verb-sense-lost
palmyra	n. [植]扇叶树头榈；Palmyra.；n. 帕尔米拉(叙利亚城市名)	both	review
palpate	有触须的	both	G4-verb-sense-lost
pamper	纵容；使…过量；给…吃得过多	both	G4-verb-sense-lost
pampering	纵容；饮食过度	both	G4-verb-sense-lost
pan	平底锅；盘状的器皿；淘盘子，金盘，秤盘	both	G4-verb-sense-lost
pandering	迎合；勾引；怂恿；拉皮条	both	G4-verb-sense-lost
panel	仪表板；嵌板；座谈小组，全体陪审员	both	G4-verb-sense-lost
panels	面板；[建] 嵌板；事务委员会	both	G4-verb-sense-lost
panhandle	平锅柄；（美）柄状的狭长区域	both	G4-verb-sense-lost
panhandling	平锅柄；（美）柄状的狭长区域	both	G4-verb-sense-lost
panned	淘金	both	G4-verb-sense-lost
panted	喘气，喘息； 喘着气说	both	G4-verb-sense-lost
panty	女裤；童裤（等于panties）	both	review
papered	贴纸； 用纸覆盖； 隐瞒，掩饰	both	G4-verb-sense-lost
paraded	（使）集合接受检阅； 游行，列队行进； 展示，炫耀	both	G4-verb-sense-lost
parading	（使）集合接受检阅； 游行，列队行进； 展示，炫耀	both	G4-verb-sense-lost
paragraph	段落；短评；段落符号	both	G4-verb-sense-lost
paralyze	使麻痹；使瘫痪	both	G4-verb-sense-lost
paralyzes	使瘫痪，使麻痹； 使不能正常活动	both	G4-verb-sense-lost
parametrize	确定…的参数 , 用参数表示	both	G4-verb-sense-lost
paramount	adj. 极为重要的；至高无上的；n. 最高统治者；Paramount.；n. 派拉蒙(美电影公司)	both	review
paraphrase	释义；解释；意译	both	G4-verb-sense-lost
paraphrased	释义；改述；演释曲	both	G4-verb-sense-lost
paraphrasing	释义；意译；改写	both	G4-verb-sense-lost
pare	消减；削皮；剪；修掉（边等）	both	G4-verb-sense-lost
parent	父亲（或母亲）；父母亲；根源	both	G4-verb-sense-lost
parented	父亲（或母亲）；父母亲；根源	both	G4-verb-sense-lost
parks	公园； 停车场	both	G4-verb-sense-lost
parry	回避；挡开；闪避的回答	both	G4-verb-sense-lost
partake	吃，喝；分享；参与；分担；带有某种性质	both	G4-verb-sense-lost
partaking	分享；参与；分担；带有某种性质	both	G4-verb-sense-lost
partition	划分，分开；[数] 分割；隔墙；隔离物	both	G4-verb-sense-lost
partners	伙伴；合作伙伴；[法] 合伙人	both	G4-verb-sense-lost
paste	面团，膏；糊状物，[胶粘] 浆糊	both	G4-verb-sense-lost
pat	轻拍；小块；轻拍声	both	G4-verb-sense-lost
patent	专利权；执照；专利品	both	G4-verb-sense-lost
patriate	把修改(收录在1867年英国北美法中的加拿大宪法) 的权力从英国政府手中移交给加拿大联邦政府	both	G4-verb-sense-lost
patronize	以高人一等的态度对待；经常光顾，惠顾；资助；保护	both	G4-verb-sense-lost
patronized	以高人一等的态度对待；经常光顾，惠顾；资助；保护	both	G4-verb-sense-lost
pats	轻拍； 轻拍某物发出的声音； 小团； 小块	both	G4-verb-sense-lost
pattered	发出急速轻的拍声，嗒嗒地跑	both	G4-verb-sense-lost
pattering	发出急速轻的拍声，嗒嗒地跑	both	G4-verb-sense-lost
patterns	n. 式样；图案；样式；模式；名词的pattern复数形式.	both	review
patting	恰好的；熟练的；合适的	both	G4-verb-sense-lost
patty	n. 肉饼；Patty；n. 帕蒂(女子名；Mathilda；Matilda； 的昵称)	both	review
paused	已暂停的；中止的	both	G4-verb-sense-lost
pavilion	阁；亭子；大帐篷；展示馆	both	G4-verb-sense-lost
pawed	用爪抓	both	G4-verb-sense-lost
pawned	典当，抵押； 以（某事物）担保	both	G4-verb-sense-lost
pawning	典当，抵押； 以（某事物）担保	both	G4-verb-sense-lost
pawns	（国际象棋中的）兵； 卒； 被人利用的人； 小卒	both	G4-verb-sense-lost
pays	付给； 付款； 有利可图； （对…）有利	both	G4-verb-sense-lost
pb	n. 出版委员会；出版物公报；祈祷书；元素铅 plumbum的缩写.	both	review
pda	个人数字助理（等于 Assistant）；秀恩爱	both	review
peak	山峰；最高点；顶点；帽舌	both	G4-verb-sense-lost
peal	钟声，钟乐；隆隆声，响亮持久的声音；编钟	both	G4-verb-sense-lost
pearce	[英格兰人姓氏] 皮尔斯来源于中世纪英语教名，Peter的土语形式； [地名] [加拿大、美国] 皮尔斯	both	review
peck	许多；配克（容量单位，等于2加仑）；啄痕；快速轻吻	both	G4-verb-sense-lost
pecked	啄，啄食，小口地吃； 匆匆地吻	both	G4-verb-sense-lost
pecks	啄； 匆匆的一吻	both	G4-verb-sense-lost
peed	速度；横向临界速度	both	G4-verb-sense-lost
peer	封为贵族；与…同等	both	G4-verb-sense-lost
peered	凝视； 盯着看； 同等； 比得上	both	G4-verb-sense-lost
peering	对等互连；对等操作；互传；同级化	both	G4-verb-sense-lost
peeve	怨恨；麻烦的事物；触怒	both	G4-verb-sense-lost
pegs	钉子；衣夹；过场用之画面	both	G4-verb-sense-lost
pelts	投掷； 速度； （雨等的）大降； 抨击	both	G4-verb-sense-lost
penalize	处罚；处刑；使不利	both	G4-verb-sense-lost
penalized	处罚；处刑；使不利	both	G4-verb-sense-lost
penciler	用铅笔写[画]的人；〈英俚〉(赛马等的)登记赌注者	both	G4-verb-sense-lost
penciller	用铅笔写[画]的人；〈英俚〉(赛马等的)登记赌注者	both	G4-verb-sense-lost
pentagon	n. 五边形；Pentagon:五角大楼（美国国防部）.	both	review
people	人；人类；民族；公民	both	G4-verb-sense-lost
peopling	人；人类；民族；公民	both	G4-verb-sense-lost
perch	鲈鱼； 高位；栖木；杆	both	G4-verb-sense-lost
perched	栖息的；置于高处的	both	G4-verb-sense-lost
perches	栖息处； 栖枝； 高处； 鲈鱼	both	G4-verb-sense-lost
perforate	穿孔于，打孔穿透；在…上打齿孔	both	G4-verb-sense-lost
perform	执行；完成；演奏	both	G4-verb-sense-lost
perish	死亡；毁灭；腐烂；枯萎	both	G4-verb-sense-lost
perished	感觉很冷的；脆裂的	both	G4-verb-sense-lost
perjure	作伪证；使发伪誓；使破坏誓言	both	G4-verb-sense-lost
perked	（使）活跃； （使）增值； 使更有趣	both	G4-verb-sense-lost
perking	（使）活跃； （使）增值； 使更有趣	both	G4-verb-sense-lost
perks	特权；额外津贴；特别待遇	both	G4-verb-sense-lost
permute	交换；变更；排列	both	G4-verb-sense-lost
perrin	佩兰( Baptiste, 1870-1942, 法国物理学家, 曾获1926年诺贝尔物理学奖)	both	review
persevere	坚持；不屈不挠；固执己见（在辩论中）	both	G4-verb-sense-lost
persevered	坚持；不屈不挠；固执己见（在辩论中）	both	G4-verb-sense-lost
personify	使人格化；赋与…以人性	both	G4-verb-sense-lost
persuade	说服，劝说；使某人相信；劝某人做（不做）某事	both	G4-verb-sense-lost
perturb	扰乱；使…混乱；使…心绪不宁	both	G4-verb-sense-lost
pervert	堕落者；行为反常者；性欲反常者；变态	both	G4-verb-sense-lost
pestering	纠缠，烦扰；使烦恼	both	G4-verb-sense-lost
pet	宠物；生气；受宠爱的人	both	G4-verb-sense-lost
petition	请愿；请愿书；祈求；[法] 诉状	both	G4-verb-sense-lost
petitioning	请愿；请愿书；祈求；[法] 诉状	both	G4-verb-sense-lost
peyton	佩顿（亦作 Payton）	both	review
philly	费城（Philadelphia的俗称，美国一座城市）	both	review
phoned	打电话给某人	both	G4-verb-sense-lost
phosphorus	磷	both	review
photosensitizing	[医]光敏化	both	G4-verb-sense-lost
pickle	泡菜；盐卤；腌制食品	both	G4-verb-sense-lost
pics	n. 照片；电影；picture的简写.	both	review
picture	照片，图画；影片；景色；化身	both	G4-verb-sense-lost
pieced	凑合； 凑成； 修补； 组合资料（以便了解情况）	both	G4-verb-sense-lost
pierce	刺穿；洞察；响彻；深深地打动	both	G4-verb-sense-lost
pierces	刺入，刺穿，穿透； 冲破，突破	both	G4-verb-sense-lost
pigg	猪，猪肉，贪婪的人	both	G4-verb-sense-lost
pigment	[物][生化] 色素；颜料	both	G4-verb-sense-lost
pike	通行费；矛；梭子鱼；尖头；收费道路	both	G4-verb-sense-lost
pikes	（昔日士兵用的）矛； 梭鱼，狗鱼	both	G4-verb-sense-lost
pilfer	窃；偷窃；小偷小摸	both	G4-verb-sense-lost
pilfered	[法] 偷窃；剽窃	both	G4-verb-sense-lost
pill	药丸；弹丸，子弹；口服避孕药	both	G4-verb-sense-lost
pillory	示众；颈手枷；使惹人嘲笑	both	G4-verb-sense-lost
pills	药丸；[药] 丸剂	both	G4-verb-sense-lost
pinball	弹球戏；钉球戏（一种赌博游戏机）	both	G4-verb-sense-lost
pinches	夹痛； 逮捕； 盗窃； 使入不敷出	both	G4-verb-sense-lost
pinnacle	高峰；小尖塔；尖峰；极点	both	G4-verb-sense-lost
pinned	牵制；用针别住；刺穿	both	G4-verb-sense-lost
pinpointed	准确地找出或描述； 为…准确定位	both	G4-verb-sense-lost
pinpointing	准确地找出或描述； 为…准确定位	both	G4-verb-sense-lost
pinpoints	准确地找出或描述； 为…准确定位	both	G4-verb-sense-lost
pinprick	针刺；针孔；令人烦恼的小事	both	G4-verb-sense-lost
piqued	赌气的；不满的；激怒的	both	G4-verb-sense-lost
piques	伤害…的自尊心； 激起（好奇心）	both	G4-verb-sense-lost
pirate	海盗；盗版；侵犯专利权者	both	G4-verb-sense-lost
pit	矿井；深坑；陷阱；（物体或人体表面上的）凹陷；（英国剧场的）正厅后排；正厅后排的观众	both	G4-verb-sense-lost
pith	精髓；核心；骨髓；要旨	both	G4-verb-sense-lost
pitied	同情，怜悯； 觉得…可鄙	both	G4-verb-sense-lost
pities	怜悯； 同情； 可惜的事； 憾事	both	G4-verb-sense-lost
pity	怜悯，同情；遗憾	both	G4-verb-sense-lost
pivots	枢； 最重要的人（或事物）； 中心； 核心	both	G4-verb-sense-lost
pix	n. 照片（pictures的简写）；圣餐盒（pyx的变体）	both	review
plague	瘟疫；灾祸；麻烦；讨厌的人	both	G4-verb-sense-lost
plaguing	瘟疫；灾祸；麻烦；讨厌的人	both	G4-verb-sense-lost
planck	普朗克 ( Ludwig, 1858-1947, 德国物理学家, 量子论确立者, 曾获1918年诺贝尔物理学奖)	both	review
planed	刨平；乘飞机旅行	both	G4-verb-sense-lost
plank	[木] 厚木板；支架；政纲条款	both	G4-verb-sense-lost
planked	[木] 厚木板；支架；政纲条款	both	G4-verb-sense-lost
planks	（厚）木板； 政纲条目，政策要点	both	G4-verb-sense-lost
plant	工厂，车间；植物；设备；庄稼	both	G4-verb-sense-lost
plats	驾驶员助降电视系统； 精确定位与跟踪系统	both	G4-verb-sense-lost
pleads	恳求，请求； 提出…为借口[理由]； （向法庭）陈述案情； （在法庭）申辩，认罪，辩护	both	G4-verb-sense-lost
pledge	保证，誓言；抵押；抵押品，典当物	both	G4-verb-sense-lost
pledged	保证；抵押；给予	both	G4-verb-sense-lost
pledges	保证，誓言；抵押；抵押品，典当物	both	G4-verb-sense-lost
plight	困境；境况；誓约	both	G4-verb-sense-lost
plots	情节；阴谋；小块土地；平面图	both	G4-verb-sense-lost
plow	[农机] 犁；似犁的工具；北斗七星	both	G4-verb-sense-lost
plows	犁； 犁型铲雪机	both	G4-verb-sense-lost
pluck	勇气；内脏；快而猛的拉	both	G4-verb-sense-lost
plugs	[电] 插头；栓塞，[通信] 插塞	both	G4-verb-sense-lost
plumbs	经历； 探究； 用铅垂线校正； 用铅锤测量	both	G4-verb-sense-lost
plumed	有羽毛的；羽毛状的；用羽毛装饰的	both	G4-verb-sense-lost
plumped	（使）圆胖； （使）鼓起； （使）突然沉重地落下； 有信心地选择	both	G4-verb-sense-lost
plumping	（使）圆胖； （使）鼓起； （使）突然沉重地落下； 有信心地选择	both	G4-verb-sense-lost
plumps	（使）圆胖； （使）鼓起； （使）突然沉重地落下； 有信心地选择	both	G4-verb-sense-lost
plunder	抢夺；战利品；掠夺品	both	G4-verb-sense-lost
plundered	抢夺；战利品；掠夺品	both	G4-verb-sense-lost
plundering	抢夺；战利品；掠夺品	both	G4-verb-sense-lost
plunked	（使）（发出扑嗵声地）重重掉下	both	G4-verb-sense-lost
plunking	（使）（发出扑嗵声地）重重掉下	both	G4-verb-sense-lost
pointer	n. 指针；教鞭；（能指出猎物位置的）猎犬；暗示；主意；Pointer: 指极星.	both	review
poison	毒药，毒物；酒；有毒害的事物；[助剂] 抑制剂	both	G4-verb-sense-lost
poke	戳；刺；袋子；懒汉	both	G4-verb-sense-lost
poked	伸出； 戳出； 拨弄； 与（某人）性交	both	G4-verb-sense-lost
pokes	伸出； 戳出； 拨弄； 与（某人）性交	both	G4-verb-sense-lost
poking	刺；拨火	both	G4-verb-sense-lost
pol	油料（Petroleum， Lubricants）；北极星导弹	both	review
polaroid	n. 人造偏光板；Polaroid.；n. 偏光薄膜；有偏光薄膜的太阳眼镜；宝丽来(一种快速成像照相机)；用宝丽来拍出来的照片	both	review
poles	极点；雪杖；杆位次数	both	G4-verb-sense-lost
police	警察，警方；治安	both	G4-verb-sense-lost
policing	流量监管，监控；维持治安，整顿	both	G4-verb-sense-lost
polish	n. 光泽；上光剂；优雅；精良；v. 擦亮；磨光；推敲；完善；Polish.；adj. 波兰的；波兰人的；波兰语的；n. 波兰语	both	review
polishes	（使）光滑，擦亮； 修正； 文饰； （涂蜡等）打光滑	both	G4-verb-sense-lost
politicize	使具有政治性	both	G4-verb-sense-lost
politicizing	使具有政治性	both	G4-verb-sense-lost
polka	波尔卡舞；女用紧身短上衣	both	G4-verb-sense-lost
poll	投票；民意测验；投票数；投票所	both	G4-verb-sense-lost
pollock	n. [动]青鳕；Pollock.；n. 波洛克（男子名）	both	review
pollute	污染；玷污；败坏	both	G4-verb-sense-lost
poly	polytechnic的缩写）工艺专科学校；科技学校；工业学校(或大学)	both	review
pong	乒乓球；恶臭；难闻的气味	both	G4-verb-sense-lost
poo	（英）邮政汇票	both	G4-verb-sense-lost
pool	联营；撞球；水塘；共同资金	both	G4-verb-sense-lost
poops	船尾； 船尾楼； 傻子； 真实的消息	both	G4-verb-sense-lost
populate	居住于；构成人口；移民于；殖民于	both	G4-verb-sense-lost
porn	色情描写，色情文学；黄色书刊，色情照片（等于pornography）	both	review
posed	形成；摆姿势；主张；装模作样	both	G4-verb-sense-lost
position	位置，方位；职位，工作；姿态；站位	both	G4-verb-sense-lost
positionally	位置的, 地位的	both	G4-verb-sense-lost
postpone	使…延期；把…放在次要地位；把…放在后面	both	G4-verb-sense-lost
posts	[劳经] 岗位；帖子；邮件；[测] 标杆	both	G4-verb-sense-lost
posture	姿势；态度；情形	both	G4-verb-sense-lost
posturing	故作姿态；摆姿势；并非由衷的言行	both	G4-verb-sense-lost
potty	便壶；小孩用的拉屎座椅（等于 chair）；小孩用的厕所（等于pottie）	both	review
poultice	膏状药；湿敷药物	both	G4-verb-sense-lost
powders	粉，粉末； 粉状物质	both	G4-verb-sense-lost
pox	痘；疹；发疹的疾病；瘟疫	both	G4-verb-sense-lost
practices	实践；练习	both	G4-verb-sense-lost
practise	练习，实践；实施，实行；从事	both	G4-verb-sense-lost
praise	赞扬；称赞；荣耀；崇拜	both	G4-verb-sense-lost
praising	赞美；溢美之词	both	G4-verb-sense-lost
prance	昂首阔步；（马）后足立地腾跃	both	G4-verb-sense-lost
prank	恶作剧，开玩笑；戏谑	both	G4-verb-sense-lost
prayers	n. 祈祷；祝福；名词prayer复数形式.	both	review
preclude	排除；妨碍；阻止	both	G4-verb-sense-lost
precludes	排除；妨碍；阻止	both	G4-verb-sense-lost
predate	在日期上早于（先于）	both	G4-verb-sense-lost
predetermine	预先确定；预先决定；预先查明	both	G4-verb-sense-lost
predict	作出预言；作预料，作预报	both	G4-verb-sense-lost
predominate	支配，主宰；在…中占优势	both	G4-verb-sense-lost
predominately	占优势地；有影响力地；更大量地；占绝大多数地	both	G4-verb-sense-lost
prefer	更喜欢；宁愿；提出；提升	both	G4-verb-sense-lost
premise	前提；上述各项；房屋连地基	both	G4-verb-sense-lost
premix	预混合料，预拌和料； 预混和	both	G4-verb-sense-lost
preorder	预订； 预次序； 前序	both	G4-verb-sense-lost
prepare	准备；使适合；装备；起草	both	G4-verb-sense-lost
prepay	预付；提前缴纳	both	G4-verb-sense-lost
prepped	进预备学校； 做家庭作业； 使（某人）做好进行手术[考试]的准备	both	G4-verb-sense-lost
preprocess	预处理；预加工	both	G4-verb-sense-lost
preprocessed	[计] 预处理的	both	G4-verb-sense-lost
preps	进预备学校； 做家庭作业； 使（某人）做好进行手术[考试]的准备	both	G4-verb-sense-lost
prequalify	预先具有资格[条件]	both	G4-verb-sense-lost
presented	提出；呈递，提供	both	G4-verb-sense-lost
preserve	保护区；禁猎地；加工成的食品	both	G4-verb-sense-lost
pressurize	密封；增压；使……加压，使……压入	both	G4-verb-sense-lost
pretty	有吸引力的事物（尤指饰品）；漂亮的人	both	G4-verb-sense-lost
prevail	盛行，流行；战胜，获胜	both	G4-verb-sense-lost
preview	预览；试映；事先查看	both	G4-verb-sense-lost
prey	捕食；牺牲者；被捕食的动物	both	G4-verb-sense-lost
prices	[物价] 价格	both	G4-verb-sense-lost
prick	刺，扎；刺痛，刺伤；阴茎；锥	both	G4-verb-sense-lost
pricked	刺，扎，戳； 刺伤； 刺痛； 使剧痛	both	G4-verb-sense-lost
pricks	刺痛； 刺孔； 刺痕； 植物的刺	both	G4-verb-sense-lost
prided	以…而自豪，得意于…； 自豪，骄傲，得意	both	G4-verb-sense-lost
priding	以…而自豪，得意于…； 自豪，骄傲，得意	both	G4-verb-sense-lost
pries	打听，刺探（他人的私事）； 撬开	both	G4-verb-sense-lost
primmer	循规蹈矩的； 整洁的； （人）一本正经	both	G4-verb-sense-lost
primp	精心打扮；装饰	both	G4-verb-sense-lost
print	印刷业；印花布；印刷字体；印章；印记	both	G4-verb-sense-lost
prized	被看作最重要的，被看作最有价值的	both	G4-verb-sense-lost
prizes	[劳经] 奖品；奖项；奖励	both	G4-verb-sense-lost
probate	遗嘱检验；经认证的遗嘱；遗嘱认证法院管辖范围内的一切事项	both	G4-verb-sense-lost
probes	探索；[电子][医] 探针；试样	both	G4-verb-sense-lost
proceed	开始；继续进行；发生；行进	both	G4-verb-sense-lost
process	过程，进行；方法，步骤；作用；程序；推移	both	G4-verb-sense-lost
procession	队伍，行列；一列，一排；列队行进	both	G4-verb-sense-lost
prods	刺，戳； 刺激； 促使； （用手指或尖物）戳	both	G4-verb-sense-lost
prof	教授（等于professor）	both	review
profane	亵渎的；世俗的；异教的	both	G4-verb-sense-lost
profess	自称；公开表示；宣称信奉；正式准予加入	both	G4-verb-sense-lost
professionalize	使…专业化；使…专业化	both	G4-verb-sense-lost
professionalized	专业化；职业化	both	G4-verb-sense-lost
proffer	提供；提出；提议	both	G4-verb-sense-lost
proffered	提供；提出；提议	both	G4-verb-sense-lost
profile	侧面；轮廓；外形；剖面；简况	both	G4-verb-sense-lost
promotable	promote（促进；增进）的变形	both	G4-verb-sense-lost
promote	成为王后或其他大于卒的子	both	G4-verb-sense-lost
prompt	提示；付款期限；DOS命令：改变DOS系统提示符的风格	both	G4-verb-sense-lost
proof	证明；证据；校样；考验；验证；试验	both	G4-verb-sense-lost
proofed	给（织物）做防护处理，使防水	both	G4-verb-sense-lost
proofread	校对，校勘	both	G4-verb-sense-lost
prop	支撑，支持，维持；使倚靠在某物上	both	G4-verb-sense-lost
propel	推进；驱使；激励；驱策	both	G4-verb-sense-lost
proportion	比例，占比；部分；面积；均衡	both	G4-verb-sense-lost
propose	建议；求婚；打算	both	G4-verb-sense-lost
propound	提出；提议；将…提供考虑	both	G4-verb-sense-lost
prosecute	检举；贯彻；从事；依法进行	both	G4-verb-sense-lost
proselytizing	使改变宗教信仰；劝服	both	G4-verb-sense-lost
prospect	前途；预期；景色	both	G4-verb-sense-lost
prospects	前景；预期；潜在顾客；远景展望	both	G4-verb-sense-lost
prostrated	使俯伏，使拜倒； （指疾病、天气等）使某人无能为力	both	G4-verb-sense-lost
protect	保护，防卫；警戒	both	G4-verb-sense-lost
protestant	n. 抗议者；adj. 抗议的；Protestant.；n. 新教徒；adj. 新教徒的	both	review
provide	提供；规定；准备；装备	both	G4-verb-sense-lost
providence	n. 天意；天命；n. 远见；卓识；先见之明；Providence: 上帝.	both	review
provisions	规定；食品；预备	both	G4-verb-sense-lost
provoke	驱使；激怒；煽动；惹起	both	G4-verb-sense-lost
prudential	adj. 谨慎的；细心的；深谋远虑的；明辨的；咨询的；Prudential.；n. 保诚保险(总部所在地英国)	both	review
pshaw	啐！哼！（表示不耐烦、轻蔑时的叫声）	both	G4-verb-sense-lost
psyche	n. 【C】精神；心灵；灵魂；Psyche：[希神]塞姬（爱神丘比特所爱的美女）.	both	review
puddle	水坑，泥潭；胶土（由粘土与水和成，不透水）	both	G4-verb-sense-lost
puddled	水坑，泥潭；胶土（由粘土与水和成，不透水）	both	G4-verb-sense-lost
puff	粉扑；泡芙；蓬松；一阵喷烟；肿块；吹嘘，宣传广告	both	G4-verb-sense-lost
pugs	哈巴狗； 泥料； 拳师； （兽）脚印	both	G4-verb-sense-lost
puke	呕吐；呕吐物（等于vomit）；吐剂	both	G4-verb-sense-lost
pull	拉，拉绳；拉力，牵引力；拖	both	G4-verb-sense-lost
pulls	拉； 扯； 拉过来； 划（船）	both	G4-verb-sense-lost
pulps	水果的肉质部分； 果肉； 纸浆； 低级书刊	both	G4-verb-sense-lost
pulse	[电子] 脉冲；脉搏	both	G4-verb-sense-lost
pulses	[电子] 脉冲；干豆，豆类	both	G4-verb-sense-lost
pulverize	粉碎；使成粉末；研磨	both	G4-verb-sense-lost
punish	惩罚；严厉对待；贪婪地吃喝	both	G4-verb-sense-lost
puree	浓汤；果泥；菜泥	both	G4-verb-sense-lost
purpose	目的；用途；意志	both	G4-verb-sense-lost
purred	（猫在高兴时）发咕噜声； （人）用轻快的轻声表示满意； 用柔音表示[说出]	both	G4-verb-sense-lost
purrs	（猫在高兴时）发咕噜声； （人）用轻快的轻声表示满意； 用柔音表示[说出]	both	G4-verb-sense-lost
purse	(女士)手提袋；(国家、家庭、团体等的) 财力	both	G4-verb-sense-lost
push	推，决心；大规模攻势；矢志的追求	both	G4-verb-sense-lost
pushes	推动；增加；推行；逼迫	both	G4-verb-sense-lost
pussyfoot	偷偷地走；轻轻地走；谨慎行事	both	G4-verb-sense-lost
pyramids	（埃及）[建] 金字塔；[解剖] 锥体	both	G4-verb-sense-lost
qip	猝灭指示参数	both	G4-verb-sense-lost
quacked	（鸭子）发出嘎嘎声	both	G4-verb-sense-lost
quacks	庸医，骗子(16世纪习惯用水银或汞治疗梅毒的人)	both	G4-verb-sense-lost
quantify	量化；为…定量；确定数量	both	G4-verb-sense-lost
quantitate	测定的数量；估计的数量；用数量来表示	both	G4-verb-sense-lost
quarrel	吵架；反目；怨言；争吵的原因；方头凿	both	G4-verb-sense-lost
quarreled	吵架；争论；挑剔	both	G4-verb-sense-lost
quash	撤销；镇压；宣布无效；捣碎	both	G4-verb-sense-lost
quaver	颤抖；八分音符；颤音	both	G4-verb-sense-lost
queerest	可疑的； （身子）不舒服的； 古怪的； 娘儿们似的	both	G4-verb-sense-lost
queers	同性恋者，假娘儿们，赛妖婆	both	G4-verb-sense-lost
quench	熄灭，[机] 淬火；解渴；结束；冷浸	both	G4-verb-sense-lost
queries	问题；怀疑；问号	both	G4-verb-sense-lost
query	疑问，质问；疑问号 ；[计] 查询	both	G4-verb-sense-lost
querying	质疑，对…表示疑问； 询问	both	G4-verb-sense-lost
quibbles	吹毛求疵的反对意见或批评，遁词，模棱两可的话	both	G4-verb-sense-lost
quickened	加快；变活跃；进入胎动期	both	G4-verb-sense-lost
quiesce	静默，沉寂	both	G4-verb-sense-lost
quieted	安静下来，使…安静，平静； 减轻（病痛、疑虑、恐惧等）； [法律]确定（产权等）	both	G4-verb-sense-lost
quieten	抚慰；使安静	both	G4-verb-sense-lost
quietest	清静的； 僻静的； 不起眼的； 不激动的	both	G4-verb-sense-lost
quiets	安静下来，使…安静，平静； 减轻（病痛、疑虑、恐惧等）； [法律]确定（产权等）	both	G4-verb-sense-lost
quills	（刺猬或豪猪的）刺； 羽毛管； 翮； 纡管	both	G4-verb-sense-lost
quiz	考查；恶作剧；课堂测验	both	G4-verb-sense-lost
rabble	乌合之众；暴民；下层社会；（搅炼用的）长柄耙	both	G4-verb-sense-lost
race	属，种；种族，人种；家庭，门第	both	G4-verb-sense-lost
raced	和…比速度，（使）参加比赛	both	G4-verb-sense-lost
racine	拉辛(①姓氏 ② Baptiste, 1639-1699, 法国剧作家)	both	review
radicalize	使…激进；使…偏激	both	G4-verb-sense-lost
radicalized	使…激进；使…偏激	both	G4-verb-sense-lost
raft	筏；救生艇；（美）大量	both	G4-verb-sense-lost
rafted	筏；救生艇；（美）大量	both	G4-verb-sense-lost
rafts	木筏； 橡皮艇； 充气船； 大量	both	G4-verb-sense-lost
rage	愤怒；狂暴，肆虐；情绪激动	both	G4-verb-sense-lost
raged	发怒；狂暴；狂欢	both	G4-verb-sense-lost
rages	狂怒，盛怒	both	G4-verb-sense-lost
raids	突然袭击； 劫掠，劫夺； 突然查抄[搜捕]	both	G4-verb-sense-lost
railroaded	铁路，铁道； 铁路系统	both	G4-verb-sense-lost
rainier	adj. 多雨的；形容词rainy的比较级形式.；Rainier.；n. 雷尼尔山（美国华盛顿州中西部火山）	both	review
raised	提高；举起；抚育，抚养	both	G4-verb-sense-lost
rake	耙子；斜度；钱耙；放荡的人，浪子	both	G4-verb-sense-lost
rakes	耙子； 放荡的男人，舞台等的倾斜度	both	G4-verb-sense-lost
ram	随机访问内存（ memory的缩写）；随机存取存储器（ memory的缩写）	both	review
ramble	漫步；漫游；闲逛；漫谈；蔓延	both	G4-verb-sense-lost
ramps	[交] 坡道；斜坡	both	G4-verb-sense-lost
ramsay	拉姆齐(①姓氏 ② William, 1852-1916, 英国化学家, 氦的发现者, 曾获1904年诺贝尔化学奖)	both	review
randall	兰德尔（亦作Randal）	both	review
randomize	使随机化；（使）作任意排列或不规则分布	both	G4-verb-sense-lost
randy	adj. 好色的；adj. (苏格兰)粗野的；n. (苏格兰)放荡的女人；Randy.；n. 兰迪(男子名；Randolph的昵称)	both	review
rape	强奸，掠夺；[园艺] 油菜；葡萄渣	both	G4-verb-sense-lost
rapes	芸苔； 强奸罪； 强奸案； 肆意损坏	both	G4-verb-sense-lost
raping	强奸，掠夺；[园艺] 油菜；葡萄渣	both	G4-verb-sense-lost
rapped	突然说出； （公开地）严厉批评； 突然大声说出； 连续敲叩	both	G4-verb-sense-lost
raps	（轻快的）敲击（声）； 说唱音乐； 说唱歌； 速度快的谈话	both	G4-verb-sense-lost
rase	消除（记忆等），破坏	both	G4-verb-sense-lost
rat	鼠；卑鄙小人，叛徒	both	G4-verb-sense-lost
ratchet	棘轮；棘齿	both	G4-verb-sense-lost
rates	价格；[数] 比率；等级	both	G4-verb-sense-lost
ration	定量；口粮；配给量	both	G4-verb-sense-lost
rationality	n. 理性；合理性；rationalities:合理的意见（信仰、行为等）.	both	review
rationed	配给；定量供应	both	G4-verb-sense-lost
ratted	醉了的，喝醉的	both	G4-verb-sense-lost
ravaged	毁坏；破坏；掠夺	both	G4-verb-sense-lost
ravages	毁坏后的残迹；劫掠后的残迹；破坏的结果	both	G4-verb-sense-lost
ravaging	毁坏；破坏；掠夺	both	G4-verb-sense-lost
raved	胡言乱语； 愤怒地说； 咆哮； 痴心地说	both	G4-verb-sense-lost
ravin	捕食； 掠夺； 猎食； 掠夺物	both	G4-verb-sense-lost
rawlings	[英格兰人姓氏] 罗林斯取自父名，来源于Rawling,含义是“罗林之子”	both	review
react	反应；影响；反抗；起反作用	both	G4-verb-sense-lost
reactivate	使恢复活动；使恢复现役；使再开工	both	G4-verb-sense-lost
reacts	反应；影响；反抗；起反作用	both	G4-verb-sense-lost
readjust	使…重新调整；使…重新适应	both	G4-verb-sense-lost
reaffirm	再肯定，重申；再断言	both	G4-verb-sense-lost
reaffirmed	再肯定，重申；再断言	both	G4-verb-sense-lost
realign	重新排列；再结盟；改组；重组	both	G4-verb-sense-lost
ream	令（纸张的计数单位）；大量	both	G4-verb-sense-lost
reamed	令（纸张的计数单位）； 许多（文字）	both	G4-verb-sense-lost
reams	令（纸张的计数单位）； 许多（文字）	both	G4-verb-sense-lost
reanalyze	再分析	both	G4-verb-sense-lost
reanimate	鼓舞；使复活；使恢复生气	both	G4-verb-sense-lost
reappears	再现，重现	both	G4-verb-sense-lost
rearm	使重整军备，使重新武装	both	G4-verb-sense-lost
reattach	再次附着（附属），附着（附属）于原处	both	G4-verb-sense-lost
rebrand	给…一个新名称，采用新名称，重塑	both	G4-verb-sense-lost
rebroadcast	重播；转播；重播（或转播）的节目	both	G4-verb-sense-lost
rebuild	重建；改造，重新组装；复原	both	G4-verb-sense-lost
rec	娱乐；休闲（等于recreation，仅用于复合词中，如 room）	both	review
recalibrate	重新刻度，再校准	both	G4-verb-sense-lost
recalled	召回；回想起，记起；取消	both	G4-verb-sense-lost
recalls	召回；回想起，记起；取消	both	G4-verb-sense-lost
recapitulate	概括；重述要点；摘要	both	G4-verb-sense-lost
recapture	夺回；拿回；再体验；政府征收再经历	both	G4-verb-sense-lost
recce	侦察；搜索	both	G4-verb-sense-lost
receivable	adj. 可收到的；应收的；n. (复)receivables: 应收帐款	both	review
reckon	估计；计算；猜想，料想	both	G4-verb-sense-lost
reckoned	测算，估计；认为；计算	both	G4-verb-sense-lost
recline	使躺下；使斜倚	both	G4-verb-sense-lost
recommend	推荐，介绍；劝告；使受欢迎；托付	both	G4-verb-sense-lost
recommending	推荐，介绍；劝告；使受欢迎；托付	both	G4-verb-sense-lost
recommit	再犯；再委托；重新提交（议案等）讨论；再关进监狱	both	G4-verb-sense-lost
recompose	将…再次（重新）安排[组成、谱写等]，使恢复平静	both	G4-verb-sense-lost
reconcile	使一致；使和解；调停，调解；使顺从	both	G4-verb-sense-lost
recondition	修理，修复；重建；更新	both	G4-verb-sense-lost
reconditioned	再修复的；已检修了的	both	G4-verb-sense-lost
reconfirm	再确认；再证实	both	G4-verb-sense-lost
reconnoitre	侦察；踏勘	both	G4-verb-sense-lost
reconstruct	重建；改造；修复；重现	both	G4-verb-sense-lost
record	档案，履历；唱片；最高纪录	both	G4-verb-sense-lost
recruit	招聘；新兵；新成员	both	G4-verb-sense-lost
recuperate	恢复，复原；挽回损失	both	G4-verb-sense-lost
recyclable	可回收利用的；可再循环的	both	G4-verb-sense-lost
recycle	再生；再循环；重复利用	both	G4-verb-sense-lost
rede	忠告，解开（谜），说故事	both	G4-verb-sense-lost
redeem	赎回；挽回；兑换；履行；补偿；恢复	both	G4-verb-sense-lost
redesign	重新设计；新设计	both	G4-verb-sense-lost
redetermine	重新决定，再决定	both	G4-verb-sense-lost
rediscover	重新发现；再发现	both	G4-verb-sense-lost
redondo	[秘鲁、多米尼加共和国、美国] 雷东多； [地名] [葡萄牙] 雷东杜	both	review
redoubled	再加倍；把…再折叠；循著…折回	both	G4-verb-sense-lost
redraft	改写的稿；再发汇票；（法案等）重新起草	both	G4-verb-sense-lost
redressed	改正； 重加权衡； 恢复平衡	both	G4-verb-sense-lost
redressing	改正； 重加权衡； 恢复平衡	both	G4-verb-sense-lost
reduce	减少；缩小；归纳为	both	G4-verb-sense-lost
reef	暗礁；[地质] 矿脉；收帆	both	G4-verb-sense-lost
reeker	里克； [电影]雾人	both	G4-verb-sense-lost
reel	蹒跚；眩晕；旋转	both	G4-verb-sense-lost
reels	绕线轮，卷筒；摇晃，旋转	both	G4-verb-sense-lost
reenact	重新制定；再扮演；再制定	both	G4-verb-sense-lost
reenter	重进入，再加入	both	G4-verb-sense-lost
reestablish	重建，使复原，使复位	both	G4-verb-sense-lost
reevaluate	再评估，再评价	both	G4-verb-sense-lost
reexport	再输出，再出口	both	G4-verb-sense-lost
refashion	重制；再作；重新设计	both	G4-verb-sense-lost
refer	涉及；委托；归诸于；使…求助于	both	G4-verb-sense-lost
referee	裁判员；调解人；介绍人	both	G4-verb-sense-lost
reference	参考，参照；涉及，提及；参考书目；介绍信；证明书	both	G4-verb-sense-lost
referencing	定位；连接连测；加参考符号	both	G4-verb-sense-lost
referentially	referential（同…有关的）的变形	both	G4-verb-sense-lost
referrer	推荐人； 介绍人； 提到某人（或某事）的人	both	G4-verb-sense-lost
refitted	（尤指船）整修，重新装置，给…整修	both	G4-verb-sense-lost
reflect	反映；反射，照出；表达；显示；反省	both	G4-verb-sense-lost
reflow	流回；再涨	both	G4-verb-sense-lost
reform	改革，改良；改正	both	G4-verb-sense-lost
reformation	n. 改造；变革；Reformation.；n. (十六世纪欧洲的)宗教改革运动	both	review
reformulate	再用形式表示	both	G4-verb-sense-lost
refrain	叠句，副歌；重复	both	G4-verb-sense-lost
refrained	节制，克制；避免；制止	both	G4-verb-sense-lost
reframe	再构造，再组织；重新制订；给……装上新框架	both	G4-verb-sense-lost
refresh	更新；使……恢复；使……清新；消除……的疲劳	both	G4-verb-sense-lost
refrigerate	冷藏，冷冻；使冷却；使清凉	both	G4-verb-sense-lost
refuge	避难；避难所；庇护	both	G4-verb-sense-lost
regionalized	使地区化；分成地区，按地区安排	both	G4-verb-sense-lost
registers	登记；暂存器；登记簿；登记员	both	G4-verb-sense-lost
regulate	调节，规定；控制；校准；有系统的管理	both	G4-verb-sense-lost
rehabilitate	使康复；使恢复名誉；使恢复原状	both	G4-verb-sense-lost
rehash	改变；略加修改的老作品	both	G4-verb-sense-lost
rehome	为（狗、猫等宠物）找新家	both	G4-verb-sense-lost
reified	具体化的；物体化的	both	G4-verb-sense-lost
reify	使具体化；使人为物	both	G4-verb-sense-lost
reimbursable	[法] 可收回的，可补偿的	both	G4-verb-sense-lost
reimpose	再强加；重新征收	both	G4-verb-sense-lost
rein	缰绳；驾驭；统治；支配	both	G4-verb-sense-lost
reinforce	加强；加固物；加固材料	both	G4-verb-sense-lost
reining	勒缰绳使（马）停步； 驾驭； 严格控制； 加强管理	both	G4-verb-sense-lost
reinstall	重新设置，重新安装；使从新正式就职	both	G4-verb-sense-lost
reinsure	再保险，分保	both	G4-verb-sense-lost
reintegrate	重建；恢复；使重新完整	both	G4-verb-sense-lost
reinvent	重新使用；彻底改造；重复发明（在不知他人已发明的情况下）	both	G4-verb-sense-lost
reiterate	重申；反复地做	both	G4-verb-sense-lost
rejuvenate	使年轻；使更新；使恢复精神；使复原	both	G4-verb-sense-lost
rekindle	重新点燃；再点火	both	G4-verb-sense-lost
relabel	重新贴标签于，重新用标签标明	both	G4-verb-sense-lost
relapse	复发，再发；故态复萌；回复原状	both	G4-verb-sense-lost
relax	放松，休息；松懈，松弛；变从容；休养	both	G4-verb-sense-lost
relay	[电] 继电器；接替，接替人员；驿马	both	G4-verb-sense-lost
relays	[电] 继电器	both	G4-verb-sense-lost
relearn	重学；再学习	both	G4-verb-sense-lost
relenting	变温和，变宽厚；减弱；缓和	both	G4-verb-sense-lost
reline	重新划线；换衬里；恢复原线	both	G4-verb-sense-lost
relinquish	放弃；放手；让渡	both	G4-verb-sense-lost
relinquished	放弃；放手；让渡	both	G4-verb-sense-lost
relish	滋味；风味；食欲；开胃小菜；含义；调味品	both	G4-verb-sense-lost
relished	欣赏； 从…获得乐趣； 渴望	both	G4-verb-sense-lost
relishing	欣赏； 从…获得乐趣； 渴望	both	G4-verb-sense-lost
remaking	重做；重制物	both	G4-verb-sense-lost
reman	为（舰队等）重新配备人员； 使重新鼓起勇气	both	G4-verb-sense-lost
remanded	将…还押候审； 将…发回重审	both	G4-verb-sense-lost
remembered	记得；牢记；纪念；代…问好	both	G4-verb-sense-lost
remington	雷明顿（姓氏； Frederic, 1861-1909，美国艺术家）	both	review
remits	职权范围，控制范围，影响范围	both	G4-verb-sense-lost
remodeling	重塑；重构（remodel进行式）；改建	both	review
remonstrate	责备，告诫；抗议；表示异议	both	G4-verb-sense-lost
remunerate	酬劳；给与报酬；赔偿	both	G4-verb-sense-lost
rencontre	遭遇，邂逅，（科学家的）漫谈会	both	G4-verb-sense-lost
rendered	提出；描绘；放弃；报答；归还；宣布；提取脂肪	both	G4-verb-sense-lost
rendezvous	约会；约会地点；集结地	both	G4-verb-sense-lost
reneging	食言；违例出牌	both	G4-verb-sense-lost
renegotiate	重新谈判；重新协商	both	G4-verb-sense-lost
renegotiated	重新谈判；重新协商	both	G4-verb-sense-lost
renounced	宣布放弃；与…断绝关系；垫牌	both	G4-verb-sense-lost
renouncer	[法] 放弃人, 放弃继承权的人, 拒绝承认人	both	G4-verb-sense-lost
reoccupy	再占领；使再从事；收复	both	G4-verb-sense-lost
reopen	使再开，使重开	both	G4-verb-sense-lost
reorganize	整理；改组；重新制定	both	G4-verb-sense-lost
reorient	使适应；再调整	both	G4-verb-sense-lost
repackage	重新包装；重新装配	both	G4-verb-sense-lost
repackaged	重新包装；重新装配	both	G4-verb-sense-lost
repackaging	重新包裝；再装配	both	G4-verb-sense-lost
repaint	重新油漆的东西；重画的画	both	G4-verb-sense-lost
repel	击退；抵制；使厌恶；使不愉快	both	G4-verb-sense-lost
repelling	击退；抵制；使厌恶；使不愉快	both	G4-verb-sense-lost
repels	击退； 使厌恶； 排斥； 推开	both	G4-verb-sense-lost
repent	[植] 匍匐生根的；[动] 爬行的	both	G4-verb-sense-lost
replace	取代，代替；替换，更换；归还，偿还；把…放回原处	both	G4-verb-sense-lost
replay	重赛；重播；重演	both	G4-verb-sense-lost
replenish	补充，再装满；把…装满；给…添加燃料	both	G4-verb-sense-lost
replenisher	补充物；显影剂	both	G4-verb-sense-lost
replicate	复制品；八音阶间隔的反覆音	both	G4-verb-sense-lost
replicating	八音阶间隔的反复音；复制品	both	G4-verb-sense-lost
replies	回答；回复；答复	both	G4-verb-sense-lost
reply	回答；[法] 答辩	both	G4-verb-sense-lost
replying	回答；[法] 答辩；回击	both	G4-verb-sense-lost
reports	报告；[统计][计] 报表；专题	both	G4-verb-sense-lost
repost	尖锐的反驳；敏捷回刺	both	G4-verb-sense-lost
represent	代表；表现；描绘；回忆；再赠送	both	G4-verb-sense-lost
repress	抑制；镇压（叛乱等）；约束	both	G4-verb-sense-lost
reprise	重复；（从地产每年收入中扣除的）年金	both	G4-verb-sense-lost
reproduce	复制；再生；生殖；使…在脑海中重现	both	G4-verb-sense-lost
rept	[医]重复，反复	both	G4-verb-sense-lost
republican	n. 拥护共和政体的人；adj. 共和政体的；Republican: 共和党人.；Republican: 共和党的.	both	review
republish	再版，翻版；再发布；重新发表；重订遗嘱	both	G4-verb-sense-lost
requisition	征用；要求；申请书；引渡要求	both	G4-verb-sense-lost
reroute	变更旅程；按新的特定路线运送	both	G4-verb-sense-lost
rerun	再开动；复映的影片；重新上映	both	G4-verb-sense-lost
reruns	再播放	both	G4-verb-sense-lost
resample	重采样，重复取样	both	G4-verb-sense-lost
reschedule	重新排定日程；重订时间表；重新计划	both	G4-verb-sense-lost
rescind	解除；废除；撤回	both	G4-verb-sense-lost
reseat	使再坐；换…的底座；使复位	both	G4-verb-sense-lost
resell	转售；转卖；再卖	both	G4-verb-sense-lost
resend	再发，再送；再差遣	both	G4-verb-sense-lost
resent	怨恨；愤恨；厌恶	both	G4-verb-sense-lost
resented	怨恨；愤恨；厌恶	both	G4-verb-sense-lost
reserve	储备，储存；自然保护区；预备队；缄默；[金融] 储备金	both	G4-verb-sense-lost
reset	重新设定；重新组合；重排版	both	G4-verb-sense-lost
resist	[助剂] 抗蚀剂；防染剂	both	G4-verb-sense-lost
resolve	坚决；决定要做的事	both	G4-verb-sense-lost
resolves	决意，决定； （会议等的）决议	both	G4-verb-sense-lost
resort	凭借，手段；度假胜地；常去之地	both	G4-verb-sense-lost
resorted	凭借，手段；度假胜地；常去之地	both	G4-verb-sense-lost
respect	vt. 尊敬；尊重；遵守；关于；涉及；n. 尊敬；敬重；关系；方面；n. （复）respects: 敬意；问候	both	review
respects	vt. 尊敬；尊重；遵守；关于；涉及；n. 尊敬；敬重；关系；方面；n. （复）respects: 敬意；问候	both	review
respite	缓解；暂缓；暂时的休息；缓期执行	both	G4-verb-sense-lost
restate	重申；重新叙述；重讲	both	G4-verb-sense-lost
restrict	限制；约束；限定	both	G4-verb-sense-lost
restructure	调整；重建；更改结构	both	G4-verb-sense-lost
result	结果；成绩；答案；比赛结果	both	G4-verb-sense-lost
resume	摘要；[管理] 履历，简历	both	G4-verb-sense-lost
resumed	摘要；[管理] 履历，简历	both	G4-verb-sense-lost
resuming	摘要；[管理] 履历，简历	both	G4-verb-sense-lost
resurrection	n. 复活；复兴；恢复；Resurrection：耶稣复活； （最后审判日前）全部死者的复活.	both	review
retake	重考；重新摄录；重新摄录的照片或录音	both	G4-verb-sense-lost
retell	复述；再讲；重述	both	G4-verb-sense-lost
retinal	[生化] 视黄醛（等于retinene）	both	review
retort	反驳，顶嘴；曲颈瓶	both	G4-verb-sense-lost
retrain	重新教育；再教育	both	G4-verb-sense-lost
retrench	删除；减少；紧缩开支	both	G4-verb-sense-lost
retrieves	[计] 检索；恢复；重新得到	both	G4-verb-sense-lost
retrograde	倒退的；退化的；次序颠倒的	both	G4-verb-sense-lost
retune	重新调整；（为乐器）重新调音；（对收音机等）重新调谐	both	G4-verb-sense-lost
reunified	使重新统一；再统一，再联合	both	G4-verb-sense-lost
reunify	使重新统一；再统一，再联合	both	G4-verb-sense-lost
reverence	n. 敬畏；尊敬；尊严；v. 尊敬；敬畏；崇敬；Reverence: 对某些基督教神职人员的尊称.	both	review
reverenced	尊敬，崇敬； 敬礼	both	G4-verb-sense-lost
reversed	adj. 颠倒的；相反的；撤销的；动词reverse过去式和过去分词.	both	review
review	回顾；复习；评论；检讨；检阅	both	G4-verb-sense-lost
revive	使复兴；使苏醒；回想起；重演，重播	both	G4-verb-sense-lost
revolt	反抗；叛乱；反感	both	G4-verb-sense-lost
revolts	反抗；反叛；反感，厌恶	both	G4-verb-sense-lost
revolutionize	发动革命；彻底改革；宣传革命	both	G4-verb-sense-lost
revolve	旋转；循环；旋转舞台	both	G4-verb-sense-lost
revolved	旋转曲面；回转面；转体	both	G4-verb-sense-lost
revolves	旋转；循环出现；反复考虑	both	G4-verb-sense-lost
reward	[劳经] 报酬；报答；酬谢	both	G4-verb-sense-lost
rewire	给…再打电报；给…换新电线	both	G4-verb-sense-lost
rewrite	重写或改写的文稿；改写的作品	both	G4-verb-sense-lost
rhyme	韵律；韵脚；韵文；押韵词	both	G4-verb-sense-lost
rhymes	押韵；尾韵	both	G4-verb-sense-lost
rhythmic	[生物] 有节奏的（等于rhythmical）；间歇的；合拍的	both	review
ribbon	带；缎带；（勋章等的）绶带；带状物；勋表	both	G4-verb-sense-lost
ribboned	带；缎带；（勋章等的）绶带；带状物；勋表	both	G4-verb-sense-lost
richardson	理查森(①姓氏② Willians, 1879-1959, 英国物理学家, 曾获1928年诺贝尔物理学奖)	both	review
ricky	里基（男子名，等于Rick，Rickie）	both	review
rid	使摆脱；使去掉	both	G4-verb-sense-lost
riddle	谜语；粗筛；谜一般的人、东西、事情等	both	G4-verb-sense-lost
ride	骑；乘坐；交通工具；可供骑行的路；（乘坐汽车等的）旅行；乘骑；（乘车或骑车的）短途旅程；供乘骑的游乐设施	both	G4-verb-sense-lost
rides	摩天轮；座骑	both	G4-verb-sense-lost
ridge	山脊；山脉；屋脊	both	G4-verb-sense-lost
ridicule	嘲笑；笑柄；愚弄	both	G4-verb-sense-lost
ridiculed	嘲笑；嘲弄；愚弄	both	G4-verb-sense-lost
ridley	鳞龟属动物（产于墨西哥湾，等于Lepidochelys）	both	review
rift	裂缝；不和；[木] 裂口	both	G4-verb-sense-lost
rifted	裂缝；不和；[木] 裂口	both	G4-verb-sense-lost
rifts	裂缝； 裂隙； 分裂； 不和	both	G4-verb-sense-lost
rig	装备；钻探设备；服装；[船] 帆装	both	G4-verb-sense-lost
riled	激怒；搅浑；惹怒	both	G4-verb-sense-lost
rime	[水文] 雾凇；白霜；结晶	both	G4-verb-sense-lost
rinse	冲洗；漂洗；[轻] 染发剂；染发	both	G4-verb-sense-lost
rinsed	被漂洗干净的；被冲洗掉的	both	G4-verb-sense-lost
ritualized	仪式化的；程式化的	both	G4-verb-sense-lost
rivals	对手；[劳经] 竞争者	both	G4-verb-sense-lost
rivets	[机] 铆钉；宽头锚钉	both	G4-verb-sense-lost
rmb	人民币（等于Renminbi）	both	review
roasts	烤肉； 户外烧烤野餐； 以取笑方式赞扬某人一生行事的聚会	both	G4-verb-sense-lost
rob	抢劫；使…丧失；非法剥夺	both	G4-verb-sense-lost
robbed	抢劫；使…丧失；非法剥夺	both	G4-verb-sense-lost
robbins	罗宾斯(①姓氏 ② Chapman, 1916-, 美国医学家, 曾获1954年诺贝尔生理学-医学奖)	both	review
rochdale	principles[复]罗奇代尔合作社原则	both	review
rocks	[岩] 岩石，岩礁；岩石礁石	both	G4-verb-sense-lost
rogue	流氓；小淘气；凶猛的离群兽；（尤指植物的）劣种	both	G4-verb-sense-lost
rogues	流氓； 无赖； 调皮捣蛋的人； 离群的野兽	both	G4-verb-sense-lost
rolf	对…进行罗尔夫氏按摩；把…呕吐出	both	G4-verb-sense-lost
romance	传奇；浪漫史；风流韵事；冒险故事	both	G4-verb-sense-lost
romanced	传奇；浪漫史；风流韵事；冒险故事	both	G4-verb-sense-lost
romances	浪漫史； 爱情小说； 恋爱； 传奇色彩	both	G4-verb-sense-lost
romped	嬉笑玩闹； （尤指在赛跑或竞选等中）轻易获胜	both	G4-verb-sense-lost
rook	（象棋）车；骗子，赌棍；白嘴鸦	both	G4-verb-sense-lost
room	房间；空间；余地；机会；房间里所有的人	both	G4-verb-sense-lost
rooms	[建] 房间；空间	both	G4-verb-sense-lost
roost	栖木；鸟窝；群栖的禽鸟	both	G4-verb-sense-lost
roosting	栖木；鸟窝；群栖的禽鸟	both	G4-verb-sense-lost
root	根；根源；词根；祖先	both	G4-verb-sense-lost
roots	[数][植] 根；根源	both	G4-verb-sense-lost
rosemary	n. 迷迭香；Rosemary.；n. 罗斯玛丽(女子名)	both	review
roughed	使粗糙； 过艰苦生活； 渡过暂时的难关； [体育]（橄榄球、足球等比赛中）粗暴对待(常与up连用	both	G4-verb-sense-lost
roughs	使粗糙； 过艰苦生活； 渡过暂时的难关； [体育]（橄榄球、足球等比赛中）粗暴对待(常与up连用	both	G4-verb-sense-lost
roulette	轮盘赌；刻骑缝孔的点线机；（邮票的）骑缝孔；旋轮线	both	G4-verb-sense-lost
round	adj. 圆的；球形的；丰满的；完整的；整数的；不确切的；大量的；坦率的；严厉粗暴的；adv. 环绕地；周长；调转方向；依次；到某处；prep. 围绕	both	G4-verb-sense-lost
rousseau	n. 卢梭(1844-1910)；名Hanri；法国原始派风格画家；n. 卢梭(1712-1778)；名 Jacques；法国启蒙思想家；哲学家	both	review
routs	打垮，赶跑； （体育）打败对方	both	G4-verb-sense-lost
row	行，排；划船；街道；吵闹	both	G4-verb-sense-lost
rowed	划船； （用船）划运； 用…支桨划； 充当划手	both	G4-verb-sense-lost
rsvp	请回复 Ré plaît.（法语）	both	G4-verb-sense-lost
rub	摩擦；障碍；磨损处	both	G4-verb-sense-lost
rubbish	垃圾，废物；废话	both	G4-verb-sense-lost
rubs	擦； 擦掉； 涂； （使）相互磨擦	both	G4-verb-sense-lost
rudy	鲁迪（男子名，Rudolf的昵称）	both	review
rued	对…感到后悔	both	G4-verb-sense-lost
rues	对…感到后悔	both	G4-verb-sense-lost
ruff	轴环；出王牌；鸟兽颈毛；飞边（流行于16和17世纪的白色轮状皱领）	both	G4-verb-sense-lost
ruffle	皱褶；生气；混乱；连续轻敲声	both	G4-verb-sense-lost
ruffs	飞边； 翎颌	both	G4-verb-sense-lost
ruled	统治；裁决	both	G4-verb-sense-lost
ruminate	反刍；沉思；反复思考	both	G4-verb-sense-lost
rummage	翻找；检查；查出的物件；零星杂物	both	G4-verb-sense-lost
rumor	谣言；传闻	both	G4-verb-sense-lost
rumored	传闻的；谣传的	both	G4-verb-sense-lost
rumors	谣传，流言	both	G4-verb-sense-lost
rustled	发出沙沙的声音	both	G4-verb-sense-lost
ruts	车辙； 犁沟； 常规； 老规矩	both	G4-verb-sense-lost
sabotage	破坏；破坏活动；怠工	both	G4-verb-sense-lost
sacrificed	牺牲，献出	both	G4-verb-sense-lost
sacrifices	牺牲，损失；献身，供奉	both	G4-verb-sense-lost
sadden	使悲伤，使难过；使黯淡	both	G4-verb-sense-lost
saddles	马鞍； （自行车或摩托车的）车座； （动物的）脊肉	both	G4-verb-sense-lost
sags	向下凹或中间下陷； 松弛或不整齐地悬着	both	G4-verb-sense-lost
salivate	使流涎；使过量分泌唾液	both	G4-verb-sense-lost
sally	突围；[军] 出击；（感情等）迸发；俏皮话；远足	both	G4-verb-sense-lost
salt	盐；风趣，刺激性	both	G4-verb-sense-lost
salute	致敬，欢迎；敬礼	both	G4-verb-sense-lost
saluting	致敬，欢迎；敬礼	both	G4-verb-sense-lost
salvage	打捞；海上救助；抢救财货；救难的奖金	both	G4-verb-sense-lost
sample	样品；样本；例子	both	G4-verb-sense-lost
sanctify	使圣洁；使神圣化；把…奉献给神；认可	both	G4-verb-sense-lost
sanction	制裁，处罚；认可；支持	both	G4-verb-sense-lost
sand	沙；沙地；沙洲；沙滩；沙子	both	G4-verb-sense-lost
sanger	桑格（姓氏； Frederick, 1918-，美国生物化学家，曾获 1958年诺贝尔化学奖）	both	review
santos	n. 圣者像；Santos.；n. 桑托斯(巴西港口)	both	review
saps	傻瓜； 笨蛋； 树液； 元气	both	G4-verb-sense-lost
sash	腰带；肩带；饰带；框格	both	G4-verb-sense-lost
saskatoon	n. 唐棣属植物；Saskatoon.；n. 萨斯卡通(加拿大中南部一城市)	both	review
sass	（美）炖水果；果脯蜜饯；无礼的话	both	G4-verb-sense-lost
satirize	讽刺；挖苦	both	G4-verb-sense-lost
saturate	浸透的，饱和的；深颜色的	both	G4-verb-sense-lost
sauced	调味或加沙司于…	both	G4-verb-sense-lost
sauces	调味酱，调味汁	both	G4-verb-sense-lost
savaged	（动物）凶狠地攻击（或伤害）； 残害； 猛烈批评； 激烈抨击	both	G4-verb-sense-lost
savaging	（动物）凶狠地攻击（或伤害）； 残害； 猛烈批评； 激烈抨击	both	G4-verb-sense-lost
savannah	n. (特指非洲)大草原；Savannah.；n. 萨凡纳（美国乔治亚州东南部一城市）	both	review
saving	n. 节约； 挽救；savings:储蓄金； 存款；prep. 除 ... 之外；conj. 除了； 除去； 的现在分词	both	review
savored	意味，带有…的性质； 给…加调味品； 使有风味； 品尝	both	G4-verb-sense-lost
savors	意味，带有…的性质； 给…加调味品； 使有风味； 品尝	both	G4-verb-sense-lost
savvy	悟性；理解能力；懂行（的人）	both	G4-verb-sense-lost
saws	锯； 谚语，格言	both	G4-verb-sense-lost
say	讲；说明；例如；声称；假设；指明	both	G4-verb-sense-lost
scabs	（伤口或疮口上所结的）痂； （植物的）斑点病； 拒不参加罢工的工人； 破坏罢工者	both	G4-verb-sense-lost
scalped	剥去…的头皮； 转手倒卖以牟利	both	G4-verb-sense-lost
scalps	头皮； （表明战胜某人的）战利品，胜利的象征	both	G4-verb-sense-lost
scant	不足的；缺乏的；勉强够的	both	G4-verb-sense-lost
scare	恐慌；惊吓；惊恐	both	G4-verb-sense-lost
scatters	（使）散开， （使）分散，驱散； 撒	both	G4-verb-sense-lost
scavenge	打扫；排除废气；以…为食	both	G4-verb-sense-lost
scent	气味；嗅觉；痕迹；察觉能力	both	G4-verb-sense-lost
schedule	时间表；计划表；一览表	both	G4-verb-sense-lost
schemed	策划，图谋； 设计，计划； 设计，制定计划	both	G4-verb-sense-lost
schiller	席勒(①姓氏 ② von, 1759Schiller1805, 德国诗人及剧作家)	both	review
schlep	笨蛋；无用的人；难办之事	both	G4-verb-sense-lost
schmooze	闲谈，聊天；扯皮，搬弄是非	both	G4-verb-sense-lost
schneider	n. (德语)西装店；裁缝店；Schneider.；n. 施奈特（姓氏）	both	review
scholastic	学校的；学者的；学术的（等于scholastical）	both	review
school	学校；学院；学派；鱼群	both	G4-verb-sense-lost
schooled	受过教育的；受过训练的	both	G4-verb-sense-lost
scoffed	嘲笑，嘲弄	both	G4-verb-sense-lost
scope	范围；余地；视野；眼界；导弹射程	both	G4-verb-sense-lost
scorn	轻蔑；嘲笑；藐视的对象	both	G4-verb-sense-lost
scorning	轻视，蔑视； 不屑做； 不屑于（接受或做），轻蔑地拒绝	both	G4-verb-sense-lost
scorns	轻视，蔑视； 不屑做； 不屑于（接受或做），轻蔑地拒绝	both	G4-verb-sense-lost
scotch	苏格兰人的；苏格兰语的	both	G4-verb-sense-lost
scotia	n. 凹形边饰；Scotia.；n. 苏格夏(苏格兰的拉丁名称)	both	review
scotts	斯科茨； [地名] [美国] 斯科茨	both	review
scotty	苏格兰狗（等于Scottie）	both	review
scour	擦，冲刷；洗涤剂；（畜类等的）腹泻	both	G4-verb-sense-lost
scoured	擦洗；腐蚀；摩擦	both	G4-verb-sense-lost
scout	搜索，侦察；侦察员；侦察机	both	G4-verb-sense-lost
scouts	童子军，童军；侦察兵	both	G4-verb-sense-lost
scrabble	一种拼字游戏；抓；摸索；挣扎；涂鸦	both	G4-verb-sense-lost
scrabbling	一种拼字游戏；抓；摸索；挣扎；涂鸦	both	G4-verb-sense-lost
scramble	抢夺，争夺；混乱，混乱的一团；爬行，攀登	both	G4-verb-sense-lost
scrape	刮掉；擦痕；困境；刮擦声	both	G4-verb-sense-lost
scratched	抓；搔	both	G4-verb-sense-lost
scribble	潦草写成的东西；潦草的写法；杂文	both	G4-verb-sense-lost
scroll	卷轴，画卷；名册；卷形物	both	G4-verb-sense-lost
scud	飞毛腿；疾行；飘飞的云	both	G4-verb-sense-lost
scuds	（尤指船、舰或云彩）笔直、高速而平稳地移动	both	G4-verb-sense-lost
scuffling	拖著脚步行走发出的脚步声	both	G4-verb-sense-lost
scull	短桨；小划艇桨的一种；赛艇	both	G4-verb-sense-lost
scuttle	天窗；煤桶；筐	both	G4-verb-sense-lost
sd	标准偏差；美国南达科他州（邮政编码， Dakota）；侧视图	both	review
sdf	abbr. [军] Forces；自卫队	both	review
se	abbr. 东南；音响效果；二次发射；标准英语（ ； effect； emmision	both	review
seal	密封；印章；海豹；封条；标志	both	G4-verb-sense-lost
seamed	有缝的；有皱纹的	both	G4-verb-sense-lost
seams	缝合线；缝合处	both	G4-verb-sense-lost
search	搜寻；探究，查究	both	G4-verb-sense-lost
secede	从…中脱离；割让	both	G4-verb-sense-lost
seclude	使隔离，使隔绝	both	G4-verb-sense-lost
seconding	支持； 临时调派； 附议； 赞成某提案	both	G4-verb-sense-lost
secrete	藏匿；私下侵吞；分泌	both	G4-verb-sense-lost
sector	部门；扇形，扇区；象限仪；函数尺	both	G4-verb-sense-lost
sectored	部门；领域；防御地区；扇形	both	G4-verb-sense-lost
secularized	使还俗；改作俗用	both	G4-verb-sense-lost
secure	保护；弄到；招致；缚住	both	G4-verb-sense-lost
securitize	（通常为筹集现金）把（资产）转化为证券	both	G4-verb-sense-lost
sedona	塞多那市，亚利桑那州。位于凤凰城以北145千米处。； [地名] [美国] 塞多纳	both	review
seduce	引诱；诱惑；诱奸；怂恿	both	G4-verb-sense-lost
seduced	引诱；诱惑；诱奸；怂恿	both	G4-verb-sense-lost
seducing	引诱；诱惑；诱奸；怂恿	both	G4-verb-sense-lost
seem	似乎；像是；装作	both	G4-verb-sense-lost
seep	小泉；水陆两用的吉普车	both	G4-verb-sense-lost
seeped	（液体）渗； 渗透； 渗出； 漏出	both	G4-verb-sense-lost
sees	扩展企业应用套件	both	G4-verb-sense-lost
seethe	沸腾；感情等的迸发	both	G4-verb-sense-lost
segregate	使隔离；使分离；在…实行种族隔离	both	G4-verb-sense-lost
sell	销售；失望；推销术	both	G4-verb-sense-lost
sentence	[语][计] 句子，命题；宣判，判决	both	G4-verb-sense-lost
sentences	[语][计] 句子；[法] 宣判，判决；句型	both	G4-verb-sense-lost
separates	分体式泳衣；单件衣服	both	G4-verb-sense-lost
sepulcher	坟墓；圣物置放处	both	G4-verb-sense-lost
sequence	[数][计] 序列；顺序；续发事件	both	G4-verb-sense-lost
sequester	使隔绝；使隐退；没收，扣押	both	G4-verb-sense-lost
serene	adj. 安详的；宁静的；平静的；Serene.；adj. 尊贵的	both	review
serialize	连载，使连续	both	G4-verb-sense-lost
serialized	序列化	both	G4-verb-sense-lost
serotypes	[医] 血清型	both	G4-verb-sense-lost
serotyping	[医]血清分型	both	G4-verb-sense-lost
served	服务；服役；招待；发球	both	G4-verb-sense-lost
sessions	n. 会议；研讨；学期；法庭；Sessions.；n. 塞森斯（美国作曲家）	both	review
sever	割断，断绝；分开；使分离	both	G4-verb-sense-lost
sew	缝合，缝上；缝纫	both	G4-verb-sense-lost
sex	性；性别；性行为；色情	both	G4-verb-sense-lost
shabbat	（犹太教）安息日（等于Shabbos，Shabbas）	both	review
shade	树荫；阴影；阴凉处；遮阳物；（照片等的）明暗度；少量、些微；细微的差别	both	G4-verb-sense-lost
shafts	[机] 轴，杆；[矿业] 竖井	both	G4-verb-sense-lost
shagging	（英国俚语）与…做爱	both	G4-verb-sense-lost
shakes	摇动；握手；打击	both	G4-verb-sense-lost
shallowly	浅浅地；肤浅地	both	G4-verb-sense-lost
shame	羞耻，羞愧；憾事，带来耻辱的人	both	G4-verb-sense-lost
shanghai	上海（中国东部港市）	both	G4-verb-sense-lost
shank	柄；小腿；[解剖][脊椎] 胫	both	G4-verb-sense-lost
shape	形状；模型；身材；具体化	both	G4-verb-sense-lost
shapes	形状；图形；身材；二维造型体	both	G4-verb-sense-lost
sharecropping	分成制；分粮	both	G4-verb-sense-lost
sharks	鲨鱼； 坑蒙拐骗的人，诈骗者	both	G4-verb-sense-lost
shatter	碎片；乱七八糟的状态	both	G4-verb-sense-lost
shaves	（用剃刀）刮（胡须等），为（某人）剃毛发； 刨（木头等）； 削； 掠过	both	G4-verb-sense-lost
shear	[力] 切变；修剪；大剪刀	both	G4-verb-sense-lost
shelter	庇护；避难所；遮盖物	both	G4-verb-sense-lost
shepherd	牧羊人；牧师；指导者	both	G4-verb-sense-lost
shepherded	牧羊；带领；指导；看管	both	G4-verb-sense-lost
shepherding	牧羊；带领；指导；看管	both	G4-verb-sense-lost
shield	盾；防护物；保护者	both	G4-verb-sense-lost
shifts	[计] 移位；换班制	both	G4-verb-sense-lost
shimmy	西迷舞（一种爵士舞）；摇动；女式衬衣	both	G4-verb-sense-lost
shine	照射，擦亮；把…的光投向；（口）通过擦拭使…变得有光泽或光	both	G4-verb-sense-lost
shingle	墙面板；木瓦；小招牌（尤指医生或律师挂的营业招牌）；鹅卵石	both	G4-verb-sense-lost
shinny	简易曲棍球棒	both	G4-verb-sense-lost
shiver	颤抖，战栗；碎片	both	G4-verb-sense-lost
shivered	颤抖，战栗；碎片	both	G4-verb-sense-lost
shoal	浅滩，沙洲；鱼群；潜在危险	both	G4-verb-sense-lost
shoals	[地理] 浅滩；[水文] 沙洲	both	G4-verb-sense-lost
shock	休克；震惊；震动；打击；禾束堆	both	G4-verb-sense-lost
shops	[贸易] 商店；商店用包装纸	both	G4-verb-sense-lost
short	adj. 短的；矮的；短期的；短缺的；简略的；粗暴无礼的；[语]短音的；adv. 缺少；未达到；半中间(打断)；过早地(终止)；n. 烈酒；电影短片	both	G4-verb-sense-lost
shortchange	（找钱时故意）少找零头，欺骗	both	G4-verb-sense-lost
shortcut	捷径；被切短的东西	both	G4-verb-sense-lost
shorted	adj. 短的；矮的；短期的；短缺的；简略的；粗暴无礼的；[语]短音的；adv. 缺少；未达到；半中间(打断)；过早地(终止)；n. 烈酒；电影短片	both	G4-verb-sense-lost
shorten	缩短；减少；变短	both	G4-verb-sense-lost
shorting	adj. 短的；矮的；短期的；短缺的；简略的；粗暴无礼的；[语]短音的；adv. 缺少；未达到；半中间(打断)；过早地(终止)；n. 烈酒；电影短片	both	G4-verb-sense-lost
shoved	推挤；乱放；强行	both	G4-verb-sense-lost
shovel	铁铲；一铲的量；铲车	both	G4-verb-sense-lost
shoveled	铁铲；一铲的量；铲车	both	G4-verb-sense-lost
shoveling	铁铲；一铲的量；铲车	both	G4-verb-sense-lost
shoves	推，猛推，乱推； 乱放； 随便放； 胡乱丢	both	G4-verb-sense-lost
shower	淋浴；（倾泻般出现的）一阵，一大批；阵雨	both	G4-verb-sense-lost
showers	[气象] 阵雨；淋浴站，淋浴设备	both	G4-verb-sense-lost
shrine	圣地；神殿；神龛；圣祠	both	G4-verb-sense-lost
shrivel	使枯萎；使皱缩；使束手无策	both	G4-verb-sense-lost
shuck	壳；外皮；荚；毫无价值的东西	both	G4-verb-sense-lost
shucked	壳；外皮；荚；毫无价值的东西	both	G4-verb-sense-lost
shuffle	洗牌，洗纸牌；混乱，蒙混；拖着脚走	both	G4-verb-sense-lost
shuffler	曳步而行者； 洗牌者； 轮到洗牌的人； 做事漫不经心者	both	G4-verb-sense-lost
shuts	关； 关上； （使）停止营业； 关门	both	G4-verb-sense-lost
shutter	快门；百叶窗；关闭物；遮板	both	G4-verb-sense-lost
shuttle	航天飞机；穿梭；梭子；穿梭班机、公共汽车等	both	G4-verb-sense-lost
shuttled	航天飞机；穿梭；梭子；穿梭班机、公共汽车等	both	G4-verb-sense-lost
sick	厌恶的；病态的；不舒服；渴望的；恶心的 ；生病的	both	G4-verb-sense-lost
sickly	有病的，苍白的；疾病流行的；令人作呕的	both	G4-verb-sense-lost
sidetracked	将（火车）[建] 转到侧线；转变（话题）	both	G4-verb-sense-lost
sift	筛选；撒；过滤；详查	both	G4-verb-sense-lost
sight	视力；景象；眼界；见解	both	G4-verb-sense-lost
sign	迹象；符号；记号；手势；指示牌	both	G4-verb-sense-lost
sildenafil	西地那非； [医]昔多芬，一氧化氮样药物，商品名Viagra（伟哥）	both	review
silt	淤泥，泥沙；煤粉；残渣	both	G4-verb-sense-lost
silver	银；银器；银币；银质奖章；餐具；银灰色	both	G4-verb-sense-lost
silvers	银； 银币； 银制品； 银色	both	G4-verb-sense-lost
simmered	炖，慢煮； 充满势将爆发的（怒气等）	both	G4-verb-sense-lost
simmers	炖，慢煮； 充满势将爆发的（怒气等）	both	G4-verb-sense-lost
simplify	简化；使单纯；使简易	both	G4-verb-sense-lost
sinew	筋；肌腱；体力；精力	both	G4-verb-sense-lost
singer	n. 歌手；鸣禽；n. 烧毛工；烧毛机；Singer: 辛格(姓氏).	both	review
single	adj. 单一的；单个的；特指某人或某物；单身的；单人的；单程的；n. 单程票；单曲；单人房间；单身者；一元纸币；(网球)单打比赛；(板球)一分打	both	G4-verb-sense-lost
singled	adj. 单一的；单个的；特指某人或某物；单身的；单人的；单程的；n. 单程票；单曲；单人房间；单身者；一元纸币；(网球)单打比赛；(板球)一分打	both	G4-verb-sense-lost
singling	adj. 单一的；单个的；特指某人或某物；单身的；单人的；单程的；n. 单程票；单曲；单人房间；单身者；一元纸币；(网球)单打比赛；(板球)一分打	both	G4-verb-sense-lost
sings	唱，歌唱； （鸟）鸣； 嗡嗡叫； 呜呜作响	both	G4-verb-sense-lost
sinks	[化工] 水槽；低洼地；污水池	both	G4-verb-sense-lost
sip	抿；小口喝；单列直插式组件	both	G4-verb-sense-lost
sitcom	n. 情景喜剧；SITCOM.；n. 单收入、有两个孩子及沉重房贷负担的家庭	both	review
skews	歪曲； 曲解； 使不公允； 影响…的准确性	both	G4-verb-sense-lost
skid	打滑；[车辆] 刹车；滑轨，滑动垫木	both	G4-verb-sense-lost
skim	撇；撇去的东西；表层物；瞒报所得的收入	both	G4-verb-sense-lost
skimped	少用； 少给； 克扣； 节省	both	G4-verb-sense-lost
skims	撇去； 掠过； 轻轻擦过； 略读	both	G4-verb-sense-lost
skins	[解剖] 皮肤；皮囊；（美）连皮烤土豆；面板	both	G4-verb-sense-lost
skips	跳； 跳绳； 悄悄溜走； 快速转移	both	G4-verb-sense-lost
skive	把…割成薄片；削匀；研磨	both	G4-verb-sense-lost
skulk	躲藏者；逃避责任者；潜行的人或动物	both	G4-verb-sense-lost
skunk	臭鼬；臭鼬毛皮；讨厌鬼；卑鄙的人	both	G4-verb-sense-lost
skunks	臭鼬； 臭鼬毛皮； 卑鄙的人； 可恶的人	both	G4-verb-sense-lost
skydive	跳伞开伞前的表演；花样跳伞	both	G4-verb-sense-lost
skylark	云雀；发疯般的胡闹	both	G4-verb-sense-lost
skyrocket	流星烟火；冲天火箭	both	G4-verb-sense-lost
skyrocketed	流星烟火；冲天火箭	both	G4-verb-sense-lost
slab	厚板，平板；混凝土路面；厚片	both	G4-verb-sense-lost
slabs	[木] 平板；厚片	both	G4-verb-sense-lost
slacked	偷懒； 减速； 放松	both	G4-verb-sense-lost
slacken	松劲，懈怠；变松弛；变缓慢	both	G4-verb-sense-lost
slackened	松劲，懈怠；变松弛；变缓慢	both	G4-verb-sense-lost
slackening	松劲，懈怠；变松弛；变缓慢	both	G4-verb-sense-lost
slackware	由 Volkerding于1993年创建并维护至今的一个Linux发行版本	both	review
slake	消除；熄灭；使清凉；满足	both	G4-verb-sense-lost
slammed	猛烈抨击；猛撞	both	G4-verb-sense-lost
slandering	[法]口头诽谤行为	both	G4-verb-sense-lost
slants	（使）倾斜，歪斜； 有倾向性地编写或报道	both	G4-verb-sense-lost
slapped	侮辱；拍击；掴…耳光	both	G4-verb-sense-lost
slaps	拍打声，类似拍打的声音	both	G4-verb-sense-lost
slates	（旧时学生用以写字的）石板； 板岩； 石板瓦； 石板色	both	G4-verb-sense-lost
slats	[木] 板条；缝翼；肋骨	both	G4-verb-sense-lost
slaughter	屠宰，屠杀；杀戮；消灭	both	G4-verb-sense-lost
slaver	口水；奴隶贩卖船；奴隶商人；谄媚；诱骗女子为娼者	both	G4-verb-sense-lost
slavering	口水；奴隶贩卖船；奴隶商人；谄媚；诱骗女子为娼者	both	G4-verb-sense-lost
slaves	奴隶, 服伺的人； 侍女； 上瘾； 服务于另一连接计算机的系统 (计算机用语)	both	G4-verb-sense-lost
slay	杀害，杀死；使禁不住大笑	both	G4-verb-sense-lost
slice	薄片；部分；菜刀，火铲	both	G4-verb-sense-lost
sliced	（食物）已切成薄片的	both	G4-verb-sense-lost
slick	[机] 平滑器；[机] 修光工具；通俗杂志	both	G4-verb-sense-lost
slicked	光滑的；华而不实的；聪明的；熟练的；老套的	both	G4-verb-sense-lost
slighted	轻微的，少量的；脆弱的；细长的；不重要的	both	G4-verb-sense-lost
slim	苗条的；修长的；微小的；差的	both	G4-verb-sense-lost
slimmed	减肥； 使体重减轻，使变瘦，使苗条	both	G4-verb-sense-lost
slims	减肥； 使体重减轻，使变瘦，使苗条； 细腿紧身裤	both	G4-verb-sense-lost
slings	抛； 吊挂； 遣送； 押往	both	G4-verb-sense-lost
slink	早产的动物；鬼鬼祟祟的人	both	G4-verb-sense-lost
slip	滑，滑倒；片，纸片；错误；下跌；事故	both	G4-verb-sense-lost
slope	斜坡；倾斜；斜率；扛枪姿势	both	G4-verb-sense-lost
slopes	倾斜，斜坡；[数] 斜率；山坡翱	both	G4-verb-sense-lost
slops	污水； 粪便与废水； 宽松的罩衣； 剩菜屑	both	G4-verb-sense-lost
slough	蜕下的皮（或壳）；绝境；[地理] 泥沼；[外科] 腐肉	both	G4-verb-sense-lost
slugged	用力打，狠揍； 猛击（球）	both	G4-verb-sense-lost
slum	贫民窟；陋巷；脏乱的地方	both	G4-verb-sense-lost
slumber	睡眠；麻木状态；静止状态	both	G4-verb-sense-lost
slumbering	睡眠；麻木状态；静止状态	both	G4-verb-sense-lost
smacks	掌掴（声）； 海洛因； （打的）一拳； 打巴掌	both	G4-verb-sense-lost
smart	聪明的；巧妙的；敏捷的；厉害的；潇洒的；剧烈的；时髦的	both	G4-verb-sense-lost
smarted	（伤口）疼痛； 感到刺痛； 引起疼痛； 受罪	both	G4-verb-sense-lost
smarten	使整洁；使漂亮潇洒；使更敏捷；使更聪明	both	G4-verb-sense-lost
smarting	（伤口）疼痛； 感到刺痛； 引起疼痛； 受罪	both	G4-verb-sense-lost
smartphone	n. Microsoft开发的新一代手机操作系统平台；智能手机	both	review
smashes	打碎，捣烂； 捣毁； 重击； 撞毁（车辆）	both	G4-verb-sense-lost
smear	涂片；诽谤；污点	both	G4-verb-sense-lost
smeared	涂抹，擦上	both	G4-verb-sense-lost
smears	污迹； 污斑； （显微镜的）涂片； 诽谤	both	G4-verb-sense-lost
smelled	嗅，闻； 闻到； 嗅出； 觉察出	both	G4-verb-sense-lost
smells	气味；臭味	both	G4-verb-sense-lost
smoke	烟；抽烟；无常的事物	both	G4-verb-sense-lost
smoothened	使平滑, 使平和；使平息	both	G4-verb-sense-lost
smoothening	使平滑, 使平和；使平息	both	G4-verb-sense-lost
smoothest	平稳的； 光滑的； 磨平的； （言谈）流利的	both	G4-verb-sense-lost
smother	窒息状态；令人窒息的浓烟	both	G4-verb-sense-lost
smothered	使窒息；抑制；（用灰等）闷熄；忍住	both	G4-verb-sense-lost
smudge	污点，污迹；烟熏火堆	both	G4-verb-sense-lost
smut	[植保] 黑穗病；煤尘；污迹	both	G4-verb-sense-lost
snags	（尤指潜伏的）困难； 尖利的突出物； 根株； 被刮破或钩坏的裂口	both	G4-verb-sense-lost
snare	陷阱；圈套；[外科] 勒除器	both	G4-verb-sense-lost
snared	用罗网捕捉，诱陷，陷害	both	G4-verb-sense-lost
snarl	搞乱；咆哮着说；使…缠结	both	G4-verb-sense-lost
snarls	（动物的）龇牙低吼； 愤怒叫嚷（声）； 咆哮（声）； 疼痛叫声	both	G4-verb-sense-lost
snatch	抢夺；抓举；小量	both	G4-verb-sense-lost
sneak	鬼鬼祟祟的人；偷偷摸摸的行为；告密者	both	G4-verb-sense-lost
sneaked	潜行； 偷偷溜走； （儿童向成人）打小报告； 告状	both	G4-verb-sense-lost
sneaks	胶底运动鞋（网球鞋）	both	G4-verb-sense-lost
sniffed	以鼻吸气，嗅，闻； 抽鼻子（尤指哭泣、患感冒等时出声地用鼻子吸气）； 抱怨，不以为然地说	both	G4-verb-sense-lost
sniffle	鼻塞声；不断的吸鼻子（等于snuffle）	both	G4-verb-sense-lost
sniffling	抽鼻涕；抽噎（等于snuffle）	both	G4-verb-sense-lost
sniffs	以鼻吸气，嗅，闻； 抽鼻子（尤指哭泣、患感冒等时出声地用鼻子吸气）； 抱怨，不以为然地说	both	G4-verb-sense-lost
snipe	狙击；[鸟] 鹬；香烟屁股；被开玩笑的人物	both	G4-verb-sense-lost
snitch	告密者；告发者	both	G4-verb-sense-lost
snorkeled	(潜艇或潜水者的)通气管；水下呼吸管；(救火车上的)液压起重机；（浮潜用的）呼吸管	both	G4-verb-sense-lost
snorted	喷鼻息（以表示不耐烦，轻蔑等）； （俚） 用鼻子吸（毒品）	both	G4-verb-sense-lost
snorts	喷鼻息，鼻息声； （潜水艇的）通气管	both	G4-verb-sense-lost
snowboarding	滑板滑雪（运动）；单板滑雪（运动）	both	G4-verb-sense-lost
snubbed	冷落； 拒不出席； 拒不接受； 抵制	both	G4-verb-sense-lost
snubbing	冷落； 拒不出席； 拒不接受； 抵制	both	G4-verb-sense-lost
snuffed	剪（烛）花； 熄灭（烛光）； 消灭； 谋杀	both	G4-verb-sense-lost
snuffing	剪（烛）花； 熄灭（烛光）； 消灭； 谋杀	both	G4-verb-sense-lost
snugger	整洁的； 温暖而舒适的； 非常舒适的； 紧身的	both	G4-verb-sense-lost
snuggle	使舒适温暖；紧抱；偎依	both	G4-verb-sense-lost
soared	飙升；骤然上升	both	G4-verb-sense-lost
soars	翱翔；猛增的程度	both	G4-verb-sense-lost
sobbed	啜泣，呜咽；（风等）发出呜咽声	both	G4-verb-sense-lost
sobered	（使）冷静， （使）清醒	both	G4-verb-sense-lost
sobers	（使）冷静, （使）清醒	both	G4-verb-sense-lost
sodden	浸透的；浑身湿透的；浸过酒的	both	G4-verb-sense-lost
sodding	（用以加强语气）见鬼的；他妈的	both	G4-verb-sense-lost
sodomize	对…兽奸；对…鸡奸	both	G4-verb-sense-lost
sods	愚笨的（男）人； 讨厌鬼； 招惹麻烦的事情； 草皮	both	G4-verb-sense-lost
soften	使温和；使缓和；使变柔软	both	G4-verb-sense-lost
soho	abbr. 在家上班族（ ； office）	both	review
solace	安慰；慰藉；安慰之物	both	G4-verb-sense-lost
soldier	军人；[昆] 兵蚁；懒汉；一片烤面包	both	G4-verb-sense-lost
sole	鞋底；脚底；基础；鳎目鱼	both	G4-verb-sense-lost
solubilize	（使）溶解， （使）增溶	both	G4-verb-sense-lost
solve	解决；解答；溶解	both	G4-verb-sense-lost
somersault	筋斗；（意见、观点、态度等）180度的转变	both	G4-verb-sense-lost
somerset	有衬垫的马鞍（独腿者乘坐的）	both	G4-verb-sense-lost
sop	面包片；湿透的东西；懦夫；小贿赂	both	G4-verb-sense-lost
sops	用以慰藉或讨好某人的事物； 泡湿的面包片等	both	G4-verb-sense-lost
sorbs	山梨树；山梨果；索布人；温德人	both	G4-verb-sense-lost
sown	播种	both	G4-verb-sense-lost
spain	n. 西班牙（西南欧一国家，全称为 Spain，首都为Madrid）	both	review
spar	[矿物] 晶石；圆材（如桅、桁等）；争论；拳斗	both	G4-verb-sense-lost
sparer	[医] 节省物质（一种由于自己在代谢中破坏而能减少其他物质破坏的物质）	both	G4-verb-sense-lost
sparked	点燃，发动；鼓舞	both	G4-verb-sense-lost
spatter	溅；洒；泼溅的污迹；少量	both	G4-verb-sense-lost
spattered	溅；洒；泼溅的污迹；少量	both	G4-verb-sense-lost
spawns	（鱼、蛙等的）子，卵	both	G4-verb-sense-lost
specialize	专门从事；详细说明；特化	both	G4-verb-sense-lost
specializes	使专门化	both	G4-verb-sense-lost
specify	指定；详细说明；列举；把…列入说明书	both	G4-verb-sense-lost
speck	灰尘；污点；小颗粒	both	G4-verb-sense-lost
speed	速度，速率；迅速，快速；昌盛，繁荣	both	G4-verb-sense-lost
spells	符咒；魅力；一段时间	both	G4-verb-sense-lost
sperm	n. 精液；精子；与抹香鲸有关的物质(如鲸脑油)；pref. 表示“精液；精子；种子”（ -；sperma-；spermi-）	both	review
spews	呕吐； （使某事物）喷出； 射出； （使）喷涌出	both	G4-verb-sense-lost
spheres	[数] 球体；球形包围盒	both	G4-verb-sense-lost
spice	香料；情趣；调味品；少许	both	G4-verb-sense-lost
spied	看见，发现； 当间谍； 从事间谍活动； 搜集情报	both	G4-verb-sense-lost
spies	间谍；密探	both	G4-verb-sense-lost
spill	溢出，溅出；溢出量；摔下；小塞子	both	G4-verb-sense-lost
spiraled	盘旋上升（或下降）； （物价等）不断急剧地上升（或下降）	both	G4-verb-sense-lost
spirals	螺旋（线）； 螺旋式的上升（或下降）	both	G4-verb-sense-lost
spirit	n. 精神；心灵；幽灵；精灵；(复)spirits：精力；情绪；烈酒.；v. 使精神振作；偷偷带走	both	review
spite	不顾；恶意；怨恨	both	G4-verb-sense-lost
spits	吐痰； 发出呼噜呼噜声； 咝咝地冒油； 下小雨	both	G4-verb-sense-lost
spline	花键；齿条；曲线尺；塞缝片	both	G4-verb-sense-lost
sponsor	赞助者；主办者；保证人	both	G4-verb-sense-lost
spoof	诳骗；愚弄；戏弄；讽刺性文章	both	G4-verb-sense-lost
spoon	匙，勺子；一杓的量	both	G4-verb-sense-lost
spoons	匙，勺子；一杓的量	both	G4-verb-sense-lost
spores	[生物] 孢子	both	G4-verb-sense-lost
sport	运动；游戏；娱乐；运动会；玩笑	both	G4-verb-sense-lost
sported	炫耀，给人看，玩弄	both	G4-verb-sense-lost
spotlight	聚光灯；反光灯；公众注意的中心	both	G4-verb-sense-lost
spotlighted	聚光灯；反光灯；公众注意的中心	both	G4-verb-sense-lost
spout	喷口；水龙卷；水落管；水柱	both	G4-verb-sense-lost
spouts	管口； （喷出的）水柱； （容器的）嘴； 在困难中	both	G4-verb-sense-lost
sprawl	蔓生；伸开手足躺卧姿势	both	G4-verb-sense-lost
sprawls	（城市）杂乱无序拓展的地区； 随意扩展； 蔓延物	both	G4-verb-sense-lost
spray	喷雾；喷雾器；水沫	both	G4-verb-sense-lost
sprayed	喷射；散布	both	G4-verb-sense-lost
sprays	喷雾； 浪花； 喷雾器； （用作装饰的）小树枝	both	G4-verb-sense-lost
spreads	[数] 扩展；广阔；[纺] 桌布	both	G4-verb-sense-lost
spritz	喷洒；细的喷流；即兴的幽默长篇大论	both	G4-verb-sense-lost
sprucing	（把…）打扮得整洁漂亮； 打扮，把…收拾整洁	both	G4-verb-sense-lost
spuds	土豆； 小锄，剥树皮的铲凿，马铃薯	both	G4-verb-sense-lost
spunk	勇气；精神；引火柴；（苏格兰）怒意	both	G4-verb-sense-lost
spur	鼓舞，刺激；马刺；山坡	both	G4-verb-sense-lost
spurts	短暂而突然的活动或努力； 突然奋起	both	G4-verb-sense-lost
sputtered	喷溅；发出噼啪声；气急败坏的说	both	G4-verb-sense-lost
sputters	喷溅声； 劈啪声； 急语； 咕哝	both	G4-verb-sense-lost
squall	暴风；麻烦；高声哭喊；尖叫	both	G4-verb-sense-lost
squash	壁球；挤压；咯吱声；南瓜属植物；（英）果汁饮料	both	G4-verb-sense-lost
squats	蹲坐，蹲姿； 被擅自占用的建筑物	both	G4-verb-sense-lost
squatted	像动物一样蹲下； 非法擅自占用（土地或房屋）； 为获得其所有权； 而占用某片公共用地	both	G4-verb-sense-lost
squeegee	橡胶滚轴；橡胶扫帚，橡胶清洁器	both	G4-verb-sense-lost
squeegees	橡胶扫帚，橡胶滚轴	both	G4-verb-sense-lost
squeezes	拥挤； 男朋友； 亲切的拥抱或握手	both	G4-verb-sense-lost
squelch	噪声控制；嘎吱声；压倒对方的反驳；压碎的一堆	both	G4-verb-sense-lost
squelching	消除；镇压；压碎；使…咯吱咯吱的响	both	G4-verb-sense-lost
squinted	斜视； 眯着眼睛； 瞟； 从小孔或缝隙里看	both	G4-verb-sense-lost
squire	乡绅；侍从；大地主；地方法官	both	G4-verb-sense-lost
st	标准时间；Shipping装货单	both	review
stab	刺；戳；尝试；突发的一阵	both	G4-verb-sense-lost
stabs	戳； 捅； 刺痛	both	G4-verb-sense-lost
staffed	雇用工作人员	both	G4-verb-sense-lost
staffs	手杖；权杖；员工	both	G4-verb-sense-lost
stages	[计] 阶段；舞台；戏剧表演	both	G4-verb-sense-lost
stains	污点；[试剂][生物] 染色剂	both	G4-verb-sense-lost
stake	桩，棍子；赌注；火刑；奖金	both	G4-verb-sense-lost
stalk	（植物的）茎，秆；（支持叶子、果实和花的）梗，柄；追踪；高视阔步	both	G4-verb-sense-lost
stamp	邮票；印记；标志；跺脚	both	G4-verb-sense-lost
stampede	惊跑；人群的蜂拥；军队溃败	both	G4-verb-sense-lost
stampeding	惊跑；人群的蜂拥；军队溃败	both	G4-verb-sense-lost
stanch	坚固的；忠实的；防水的	both	G4-verb-sense-lost
stand	站立；立场；看台；停止	both	G4-verb-sense-lost
stands	看台；架子；货摊	both	G4-verb-sense-lost
stap	堵塞,阻止,中止	both	G4-verb-sense-lost
starring	扮演主角，领衔主演；纯锑表面呈星状花纹	both	G4-verb-sense-lost
startlingly	惊人地；使人惊奇地	both	G4-verb-sense-lost
starved	（等于starving）饥饿的	both	review
stations	[交] 车站；位置；驻地	both	G4-verb-sense-lost
staunchest	可信赖的，可靠的，忠诚的	both	G4-verb-sense-lost
staunching	使（伤口）止血	both	G4-verb-sense-lost
staved	击穿； 挡开； 暂时挡住； 使向内塌陷	both	G4-verb-sense-lost
stay	逗留；停止；支柱	both	G4-verb-sense-lost
stays	停留；依靠；妇女胸衣	both	G4-verb-sense-lost
steadied	使稳； 使平稳； 稳住； 恢复平稳	both	G4-verb-sense-lost
steal	偷窃；便宜货；偷垒；断球	both	G4-verb-sense-lost
steals	偷； 悄悄地做，悄悄地走	both	G4-verb-sense-lost
steeled	包上或镀上钢	both	G4-verb-sense-lost
step	步，脚步；步骤；步伐；梯级	both	G4-verb-sense-lost
stephenson	斯蒂芬森(①姓氏 ②George, 1781-1848, 英国发明家, 蒸气机的发明人)	both	review
stereotypes	使用铅版；套用老套，使一成不变	both	G4-verb-sense-lost
sterilize	消毒，杀菌；使成不毛；使绝育；使不起作用	both	G4-verb-sense-lost
stew	炖，炖汤；烦恼；闷热；鱼塘	both	G4-verb-sense-lost
steward	管家；乘务员；膳务员；工会管事	both	G4-verb-sense-lost
stews	炖煮的菜肴； 烦恼，焦虑	both	G4-verb-sense-lost
sties	猪圈； 肮脏的屋子[住所]； 睑腺炎，麦粒肿	both	G4-verb-sense-lost
stifle	（马等的）后膝关节；（马等的）[动] 后膝关节病	both	G4-verb-sense-lost
stills	平静； （电影片中某一镜头的）剧照； [摄影术]静止摄影； （制酒的）蒸馏器	both	G4-verb-sense-lost
sting	刺痛；讽刺，刺激；刺毛	both	G4-verb-sense-lost
stints	定额工作； 定量； 限额； 慷慨地做某事	both	G4-verb-sense-lost
stippled	上面有点画的；点刻过的	both	G4-verb-sense-lost
stomach	胃；腹部；胃口	both	G4-verb-sense-lost
stooge	喜剧里的配角或丑角；助手；傀儡；密探	both	G4-verb-sense-lost
stool	凳子；粪便；厕所	both	G4-verb-sense-lost
stools	凳子；托架	both	G4-verb-sense-lost
stoops	门廊； 门阶； 门口平台	both	G4-verb-sense-lost
stop	停止；车站；障碍；逗留	both	G4-verb-sense-lost
stops	站点；停靠站	both	G4-verb-sense-lost
store	商店；储备，贮藏；仓库	both	G4-verb-sense-lost
storm	暴风雨；大动荡	both	G4-verb-sense-lost
stormed	起风暴，下暴雨	both	G4-verb-sense-lost
stow	装载；收藏；使暂留；堆装	both	G4-verb-sense-lost
straighten	整顿；使…改正；使…挺直；使…好转	both	G4-verb-sense-lost
stratify	分层；成层；使形成阶层	both	G4-verb-sense-lost
stress	压力；强调；紧张；重要性；重读	both	G4-verb-sense-lost
strike	罢工；打击；殴打	both	G4-verb-sense-lost
stroke	（游泳或划船的）划；中风；（打、击等的）一下；冲程；（成功的）举动；尝试；轻抚	both	G4-verb-sense-lost
stroked	中风；冲程；笔画；打击；尝试；轻抚	both	G4-verb-sense-lost
strop	滑车带；带索；环索；磨刀皮带	both	G4-verb-sense-lost
structure	结构；构造；建筑物	both	G4-verb-sense-lost
struggles	斯卓格斯（猎头公司名）	both	G4-verb-sense-lost
stub	存根；烟蒂；树桩；断株	both	G4-verb-sense-lost
stultifying	极其单调乏味的；使人变迟钝的	both	G4-verb-sense-lost
stump	砍伐；使为难；在…作巡回政治演说	both	G4-verb-sense-lost
stumped	僵直地行走，跺步行走	both	G4-verb-sense-lost
stun	昏迷；打昏；惊倒；令人惊叹的事物	both	G4-verb-sense-lost
stupefying	使人目瞪口呆的；让人昏沉的	both	G4-verb-sense-lost
stylize	使风格化；使程式化	both	G4-verb-sense-lost
sua	( account单用户帐号)	both	review
submitter	发送者；传送者；提交人（原形是submit）	both	review
subscribe	签署；赞成；捐助	both	G4-verb-sense-lost
subserve	对…有帮助；促进	both	G4-verb-sense-lost
subside	平息；减弱；沉淀；坐下	both	G4-verb-sense-lost
subsided	平息；减弱；沉淀；坐下	both	G4-verb-sense-lost
subsidize	资助；给与奖助金；向…行贿	both	G4-verb-sense-lost
subsidizing	资助；给与奖助金；向…行贿	both	G4-verb-sense-lost
succeed	成功；继承；继任；兴旺	both	G4-verb-sense-lost
succumb	屈服；死；被压垮	both	G4-verb-sense-lost
succumbed	屈服；死；被压垮	both	G4-verb-sense-lost
suction	吸；吸力；抽吸	both	G4-verb-sense-lost
suggest	提议，建议；启发；使人想起；显示；暗示	both	G4-verb-sense-lost
suisse	（法）瑞士（等于Switzerland）	both	review
suit	诉讼；恳求；套装，西装；一套外衣	both	G4-verb-sense-lost
suits	套装；西服；讼案	both	G4-verb-sense-lost
sulfonate	磺酸盐（或酯）	both	G4-verb-sense-lost
sulfonates	磺酸盐；磺酸酯；磺化	both	G4-verb-sense-lost
sulk	生气；愠怒；生气的人	both	G4-verb-sense-lost
sulks	生闷气，愠怒； 生闷气，愠怒	both	G4-verb-sense-lost
summon	召唤；召集；鼓起；振作	both	G4-verb-sense-lost
sums	算术题；[数] 总数	both	G4-verb-sense-lost
sunbathe	日光浴；太阳灯浴	both	G4-verb-sense-lost
superimpose	添加；重叠；附加；安装	both	G4-verb-sense-lost
superintend	监督；管理；主管；指挥	both	G4-verb-sense-lost
supersede	取代，代替；紧接着……而到来	both	G4-verb-sense-lost
supplicate	恳求，哀求；恳请	both	G4-verb-sense-lost
supply	供给，补给；供应品	both	G4-verb-sense-lost
suppress	抑制；镇压；废止	both	G4-verb-sense-lost
surf	作冲浪运动	both	G4-verb-sense-lost
surfed	滑浪； 作冲浪运动； （互联网上）冲浪； 漫游	both	G4-verb-sense-lost
surfeit	过度；饮食过度；恶心（由于饮食过度所引起）	both	G4-verb-sense-lost
surfs	滑浪； 作冲浪运动； （互联网上）冲浪； 漫游	both	G4-verb-sense-lost
surge	汹涌；大浪，波涛；汹涌澎湃；巨涌	both	G4-verb-sense-lost
surpass	超越；胜过，优于；非…所能办到或理解	both	G4-verb-sense-lost
surrender	投降；放弃；交出；屈服	both	G4-verb-sense-lost
surrey	n. (四轮双座通常有篷的)萨里式游览马车；Surrey: n.萨里（英国南部郡名）	both	review
surveyed	调查，俯视；考察，调研	both	G4-verb-sense-lost
suspects	[法] 嫌疑犯	both	G4-verb-sense-lost
sustain	维持；支撑，承担；忍受；供养；证实	both	G4-verb-sense-lost
swab	药签，[外科] 拭子；医用海绵，纱布；拖把，擦帚；无赖	both	G4-verb-sense-lost
swagger	大摇大摆；吹牛；威吓；下摆散开状的女式短大衣	both	G4-verb-sense-lost
swags	摇晃； 水潭； 赃物； 珍贵物	both	G4-verb-sense-lost
swamp	使陷于沼泽；使沉没；使陷入困境	both	G4-verb-sense-lost
swash	虚张声势；泼水声；吓唬	both	G4-verb-sense-lost
swat	用劲打击；重拍；全垒打	both	G4-verb-sense-lost
swatch	n. （布料等的）样品；Swatch.；n. 斯沃琪(一瑞士手表品牌)	both	review
swathe	带子，绷带；包装品	both	G4-verb-sense-lost
swatted	重拍（苍蝇等）； 猛击	both	G4-verb-sense-lost
swatting	重拍（苍蝇等）； 猛击	both	G4-verb-sense-lost
swaying	使摇动；支配；偏向一边	both	G4-verb-sense-lost
sways	（使）摇摆， （使）摇动； 影响、改变…的观点[行动]	both	G4-verb-sense-lost
swearer	宣誓者, 咒骂者	both	G4-verb-sense-lost
sweeping	n. 扫除；sweepings: 垃圾.；adj. 一扫而去的；凶猛的；广泛的	both	review
sweeten	减轻；使变甜；使温和；使悦耳	both	G4-verb-sense-lost
swells	增强； 肿胀； （使）凸出； 充满（激情）	both	G4-verb-sense-lost
swerved	（使）改变方向，改变目的	both	G4-verb-sense-lost
swerves	（使）改变方向，改变目的	both	G4-verb-sense-lost
swill	泔水；冲洗；痛饮；涮	both	G4-verb-sense-lost
swim	游泳；漂浮；眩晕	both	G4-verb-sense-lost
swims	熏鱼上附着的鳔	both	G4-verb-sense-lost
swing	摇摆；摆动；秋千；音律；涨落	both	G4-verb-sense-lost
swings	摇摆，改变，冲力；秋千	both	G4-verb-sense-lost
swirl	漩涡；打旋；涡状形	both	G4-verb-sense-lost
swirled	漩涡；打旋；涡状形	both	G4-verb-sense-lost
swoop	猛扑；俯冲；突然袭击	both	G4-verb-sense-lost
swooping	猛扑；突然袭击；突然下降；飞扑	both	G4-verb-sense-lost
swop	交换；以货易货	both	G4-verb-sense-lost
swords	n. 剑；刀；Swords.；n. 索兹(姓氏)	both	review
sworn	发誓	both	G4-verb-sense-lost
swot	苦读的人；努力工作者；辛苦的工作	both	G4-verb-sense-lost
syndicate	辛迪加；企业联合；财团	both	G4-verb-sense-lost
syphon	弯管（等于siphon）；[物] 虹吸管	both	G4-verb-sense-lost
systematize	使系统化；使组织化；将…分类	both	G4-verb-sense-lost
systematized	系统化的	both	G4-verb-sense-lost
tabulate	使成平面；把…制成表格	both	G4-verb-sense-lost
tackled	解决，处理，对付	both	G4-verb-sense-lost
tainting	使变质； 使污染； 败坏； 被污染，腐坏，败坏	both	G4-verb-sense-lost
taints	变质； 污染； 玷污； 丑陋或腐败的迹象	both	G4-verb-sense-lost
takahashi	高桥[日本]； [地名] [日本] 高梁	both	review
tallow	牛脂；兽脂；动物脂油	both	G4-verb-sense-lost
tallying	计算，清点； 加标签（或标记）于； （使）符合； （使）吻合	both	G4-verb-sense-lost
tame	驯服的；平淡的；乏味的；顺从的	both	G4-verb-sense-lost
tamed	驯服的；平淡的；乏味的；顺从的	both	G4-verb-sense-lost
tamiflu	[医]是一种抗病毒药（含 phosphate）	both	review
tang	特性；强烈的味道；柄脚	both	G4-verb-sense-lost
tankless	即热式的。这里的胆指贮水或其他液体的容器； 比如热水瓶胆、某些电热水器的贮水胆等； 无胆即不需要预先贮存； 随时可以直接供应	both	G4-verb-sense-lost
tanned	被晒成棕褐色的；深褐色的；已鞣制的	both	G4-verb-sense-lost
tans	（日晒后皮肤的）黝黑色；（用于鞣革的）鞣料	both	G4-verb-sense-lost
tapers	（长形物体的）逐渐变窄； 微弱的光； 极细的蜡烛	both	G4-verb-sense-lost
tapestry	织锦；挂毯；绣帷	both	G4-verb-sense-lost
tapu	（宗教）禁忌、避讳，禁止接近，禁止使用	both	G4-verb-sense-lost
tastes	[食品] 味道，品味	both	G4-verb-sense-lost
taxed	向…课税；使负重担	both	G4-verb-sense-lost
tbd	旅游商务区 District；待定	both	review
teamed	（与某人）一起工作； 合作； （与某人）结成一队	both	G4-verb-sense-lost
teasel	川续断；起绒刺果；起绒机；起绒草	both	G4-verb-sense-lost
teetering	摇晃；玩跷跷板；步履蹒跚；摇摇欲坠	both	G4-verb-sense-lost
telephone	（美）电话；电话机；电话耳机	both	G4-verb-sense-lost
teleport	（心灵学用语）心灵运输（物体、人）	both	G4-verb-sense-lost
telex	电传；电传机；用户直通电报	both	G4-verb-sense-lost
tells	表明； 讲； 知道； 讲述	both	G4-verb-sense-lost
telnet	远程登录；用于远程联接服务的标准协议或者实现此协议的软件，可为动词	both	G4-verb-sense-lost
temper	脾气；（钢等）回火；性情；倾向	both	G4-verb-sense-lost
tempt	诱惑；引起；冒…的风险；使感兴趣	both	G4-verb-sense-lost
tenant	承租人；房客；佃户；居住者	both	G4-verb-sense-lost
tenanted	承租人；房客；佃户；居住者	both	G4-verb-sense-lost
tended	趋向，倾向；照料，照顾	both	G4-verb-sense-lost
tendered	温柔的；柔软的；脆弱的；幼稚的；难对付的	both	G4-verb-sense-lost
tenderest	嫩的, 细嫩的；柔软的；纤弱的, 脆弱的；虚弱的；易损的	both	G4-verb-sense-lost
tenderize	使嫩；使软化	both	G4-verb-sense-lost
tends	趋向，倾向；照料，照顾	both	G4-verb-sense-lost
tension	张力，拉力；紧张，不安；电压	both	G4-verb-sense-lost
tensioned	张力, 拉力；紧张, 不安；电压	both	G4-verb-sense-lost
term	术语；学期；期限；条款；(代数式等的)项	both	G4-verb-sense-lost
termed	.....称作	both	G4-verb-sense-lost
terming	术语；学期；期限；条款	both	G4-verb-sense-lost
terrorize	使…恐怖；实施恐怖统治；恐吓	both	G4-verb-sense-lost
text	[计] 文本；课文；主题	both	G4-verb-sense-lost
texture	质地；纹理；结构；本质，实质	both	G4-verb-sense-lost
than	conj. 比；除…外（用于other等之后）；与其…（用于 rather等之后）；一…就（用于 sooner等之后）；prep. 比	both	review
thanked	谢谢，感谢； 责怪	both	G4-verb-sense-lost
thanking	谢谢，感谢； 责怪	both	G4-verb-sense-lost
themselves	pron. 他/她/它们自己；他/她/它们亲自；指性别不详的人时用以代替himself或herself；himself/herself/	both	review
theorized	建立理论或学说；推理	both	G4-verb-sense-lost
thermoform	（塑料等的）加热成形，热力塑型	both	G4-verb-sense-lost
thirst	渴望；口渴；热望	both	G4-verb-sense-lost
thrash	打谷；逆风浪行进；踢水动作	both	G4-verb-sense-lost
thread	线；螺纹；思路；衣服；线状物；玻璃纤维；路线	both	G4-verb-sense-lost
thrilled	非常兴奋的；极为激动的	both	G4-verb-sense-lost
throat	喉咙；嗓子，嗓音；窄路	both	G4-verb-sense-lost
throttle	节流阀；[车辆] 风门；喉咙	both	G4-verb-sense-lost
throw	投掷；冒险	both	G4-verb-sense-lost
thrum	织边；乱弹；轻敲；[植] 花丝	both	G4-verb-sense-lost
thumped	重击， （指心脏）急速跳动	both	G4-verb-sense-lost
thx	汤·霍尔曼实验（ expriment的缩写）；谢谢（thanks的缩写）	both	review
ticket	票；入场券，标签；（美）候选人名单；证明书；交通罚款单	both	G4-verb-sense-lost
ticketed	票；入场券，标签；（美）候选人名单；证明书；交通罚款单	both	G4-verb-sense-lost
tickle	胳肢；痒感；使人发痒、高兴的东西	both	G4-verb-sense-lost
tickled	使发痒；使高兴；使满足	both	G4-verb-sense-lost
tided	顺应潮水航行	both	G4-verb-sense-lost
tidied	使整洁； 使整齐； 使有条理； 整理	both	G4-verb-sense-lost
tidies	使整洁； 使整齐； 使有条理； 整理	both	G4-verb-sense-lost
tidying	使整洁； 使整齐； 使有条理； 整理	both	G4-verb-sense-lost
tier	层，排；行，列；等级	both	G4-verb-sense-lost
tiff	淡酒；一口；口角；生气	both	G4-verb-sense-lost
tiffs	争吵； （酒的）一口； 小饮	both	G4-verb-sense-lost
tilled	[地理][水文] 冰碛；放钱的抽屉；备用现金	both	G4-verb-sense-lost
tills	（大商店中的）交款处，收银台； （现金出纳机的）放钱的抽屉	both	G4-verb-sense-lost
tilts	（意欲赢得某物或战胜某人的）企图，尝试	both	G4-verb-sense-lost
timothy	n. 梯牧草；猫尾草(牧草之一种)；Timothy.；n. [圣经]提摩太	both	review
tin	锡；罐头，罐；马口铁	both	G4-verb-sense-lost
tincture	[药] 酊；色泽；迹象	both	G4-verb-sense-lost
tingly	有刺痛感的；引起激动的	both	G4-verb-sense-lost
tinker	补锅匠；修补匠；焊锅；（美）小鲭鱼	both	G4-verb-sense-lost
title	冠军；标题；头衔；权利；字幕	both	G4-verb-sense-lost
titles	[计][图情] 标题；主题；字幕	both	G4-verb-sense-lost
toast	干杯；烤面包；接受敬酒的人；（在某领域）广受赞誉的人	both	G4-verb-sense-lost
toasting	烘；取暖；为…举杯祝酒	both	G4-verb-sense-lost
toasts	干杯； 烤面包； 接受敬酒的人； （在某领域）广受赞誉的人	both	G4-verb-sense-lost
toggle	开关，触发器；拴扣；[船] 套索钉	both	G4-verb-sense-lost
toke	食物；一口烟；赌场小费	both	G4-verb-sense-lost
tolls	通行费；钟声；港口税率；伤亡人数	both	G4-verb-sense-lost
tomcat	公猫；到处找女人鬼混的男子	both	G4-verb-sense-lost
tonk	强打，轻易获胜； 敲击； 叮当声	both	G4-verb-sense-lost
tonsure	削发；削发仪式；秃顶	both	G4-verb-sense-lost
tool	工具，用具；器械，机床；手段	both	G4-verb-sense-lost
torch	火把，火炬；手电筒；启发之物	both	G4-verb-sense-lost
torches	手电筒； 火把，火炬	both	G4-verb-sense-lost
torment	痛苦，苦恼；痛苦的根源	both	G4-verb-sense-lost
tortoise	龟，[脊椎] 乌龟（等于testudo）；迟缓的人	both	review
torture	折磨；拷问；歪曲	both	G4-verb-sense-lost
toss	投掷；摇荡；投掷的距离；掷币赌胜负	both	G4-verb-sense-lost
totaled	全部的；完全的；整个的	both	G4-verb-sense-lost
totaling	总额；总数；总计；合计；总计；全体；总计；总数	both	G4-verb-sense-lost
toted	手提，背负，携带	both	G4-verb-sense-lost
tots	幼儿； 小杯的酒（尤指烈酒）； 少量酒	both	G4-verb-sense-lost
tour	旅游，旅行；巡回演出	both	G4-verb-sense-lost
toured	到…旅游	both	G4-verb-sense-lost
tout	兜售；招徕；刺探赛马情报	both	G4-verb-sense-lost
touting	兜售；[贸易] 招徕顾客	both	G4-verb-sense-lost
tow	拖；麻的粗纤维；拖曳所用之绳	both	G4-verb-sense-lost
towed	被拖曳的	both	G4-verb-sense-lost
trace	痕迹，踪迹；微量；[仪] 迹线；缰绳	both	G4-verb-sense-lost
traced	追溯；跟踪；摹写	both	G4-verb-sense-lost
track	轨道；足迹，踪迹；小道	both	G4-verb-sense-lost
traduce	中伤；诽谤；背叛	both	G4-verb-sense-lost
trail	小径；痕迹；尾部；踪迹；一串，一系列	both	G4-verb-sense-lost
trails	山径；踪迹；游径	both	G4-verb-sense-lost
tramp	流浪者；沉重的脚步声；徒步旅行	both	G4-verb-sense-lost
tramped	流浪；践踏, 踩；脚步沉重地行走	both	G4-verb-sense-lost
tramps	重步声； 长途跋涉； 游民； 荡妇	both	G4-verb-sense-lost
transduce	将从一种形态改变为另一形态； 转换（信号等）	both	G4-verb-sense-lost
transfect	使转染，使（细胞）感染病毒核酸	both	G4-verb-sense-lost
transfer	转让；转移；传递；过户	both	G4-verb-sense-lost
transferred	呼叫转移；已转运	both	G4-verb-sense-lost
transform	改变，使…变形；转换	both	G4-verb-sense-lost
transited	通过	both	G4-verb-sense-lost
transmute	使变形；使变质	both	G4-verb-sense-lost
transplant	移植；移植器官；被移植物；移居者	both	G4-verb-sense-lost
transport	运输；运输机；狂喜；流放犯	both	G4-verb-sense-lost
trapping	n. 诱捕；trappings: 装饰物； 象征的符号.	both	review
trashed	喝醉了的；精疲力尽的	both	G4-verb-sense-lost
trashes	拙劣的材料[作品]； 垃圾； 废物； 没出息的人	both	G4-verb-sense-lost
traverses	横越，穿越，横贯； （爬山时）作Z形攀登	both	G4-verb-sense-lost
travesty	歪曲；滑稽作品；拙劣的模仿作品	both	G4-verb-sense-lost
trawled	（在…）以拖网捕鱼； 查阅（档案等）	both	G4-verb-sense-lost
tread	踏；胎面；步态；鞋底；踏板；梯级	both	G4-verb-sense-lost
treads	踩，踏； 踩成； 踏出； 步行于	both	G4-verb-sense-lost
treated	治疗；对待；招待	both	G4-verb-sense-lost
treats	宴飨，款待	both	G4-verb-sense-lost
trekking	艰苦跋涉，徒步旅行；艰难旅程	both	G4-verb-sense-lost
tremble	颤抖；战栗；摇晃	both	G4-verb-sense-lost
trench	沟，沟渠；战壕；堑壕	both	G4-verb-sense-lost
trend	趋势，倾向；走向	both	G4-verb-sense-lost
trended	伸向； 趋向； 倾向； 使趋向	both	G4-verb-sense-lost
triangulated	把…分成三角形；使…成三角形；对…作三角测量	both	G4-verb-sense-lost
triangulating	把…分成三角形；使…成三角形；对…作三角测量	both	G4-verb-sense-lost
trick	诡计；恶作剧；窍门；花招；骗局；欺诈	both	G4-verb-sense-lost
tricked	诡计；恶作剧；窍门；花招；骗局；欺诈	both	G4-verb-sense-lost
tricking	哄骗，欺骗； 打扮	both	G4-verb-sense-lost
trig	煞车；垫木，垫石；三角学	both	G4-verb-sense-lost
trigger	扳机；[电子] 触发器；制滑机	both	G4-verb-sense-lost
troll	轮唱；钓鱼；北欧神话中的巨人	both	G4-verb-sense-lost
trolled	轮唱, 使转动；放声高唱；拖饵钓鱼	both	G4-verb-sense-lost
troop	把（骑兵）编成骑兵连	both	G4-verb-sense-lost
trooped	成群结队地走	both	G4-verb-sense-lost
trooping	成群结队地走	both	G4-verb-sense-lost
trot	（人）慢跑；马小跑的步态；小跑的马蹄声；刚学步的小孩；老太婆；腹泻；（学生作弊用的）译文对照本	both	G4-verb-sense-lost
trots	小跑，急走； 匆匆忙忙地走	both	G4-verb-sense-lost
trotted	（人）慢跑；马小跑的步态；小跑的马蹄声；刚学步的小孩；老太婆；腹泻；（学生作弊用的）译文对照本	both	G4-verb-sense-lost
trotting	（人）慢跑；马小跑的步态；小跑的马蹄声；刚学步的小孩；老太婆；腹泻；（学生作弊用的）译文对照本	both	G4-verb-sense-lost
trouble	麻烦；烦恼；故障；动乱	both	G4-verb-sense-lost
trowel	（园艺用的）泥铲；（砌砖用的）[建] 泥刀；（抹灰用的）抹子	both	G4-verb-sense-lost
trumpets	喇叭； 小号； 喇叭形物； （尤指）绽开的水仙花	both	G4-verb-sense-lost
trust	信任，信赖；责任；托拉斯	both	G4-verb-sense-lost
trusted	信任；依靠；委托	both	G4-verb-sense-lost
trusts	[贸易] 信托；信任	both	G4-verb-sense-lost
tubes	[材] 管子，导管；管状虫；伦敦地铁	both	G4-verb-sense-lost
tuck	食物；船尾突出部；缝摺；抱膝式跳水；活力；鼓声	both	G4-verb-sense-lost
tucked	盘（腿）；盘（头发）；使有褶裥；使折叠；收拢	both	G4-verb-sense-lost
tucks	塞进； 翻折； 盖住； 卷起	both	G4-verb-sense-lost
tumbles	倒塌； 翻滚； 突然摔倒； 恍然大悟	both	G4-verb-sense-lost
tunnel	隧道；坑道；洞穴通道	both	G4-verb-sense-lost
turbo	n. 涡轮(发动机)；增压涡轮；n. [计] BORLAND公司开发的系列语言软件	both	review
turbocharge	用涡轮给（发动机）增压，给（发动机）装涡轮增压器	both	G4-verb-sense-lost
turf	草皮；泥炭；跑马场	both	G4-verb-sense-lost
turfed	草皮；泥炭；跑马场	both	G4-verb-sense-lost
turn	转弯；变化；(损害或有益于别人的)行为，举动，举止	both	G4-verb-sense-lost
turner	n. 铁匠；车床工人；锅铲；n. 体育协会会员；体育家；Turner: 特纳(姓氏).	both	review
tusk	长牙；尖头，尖形物	both	G4-verb-sense-lost
tutor	导师；家庭教师；助教	both	G4-verb-sense-lost
tutored	当家庭教师； 任大学导师； 任课	both	G4-verb-sense-lost
tutors	导师；助教；家庭教师	both	G4-verb-sense-lost
tux	男士无尾半正式晚礼服（等于tuxedo）	both	review
tweaked	拧	both	G4-verb-sense-lost
tweaking	捏，扭，拧；对…稍作调整	both	G4-verb-sense-lost
tweet	小鸟叫声；自录音再现装置发出的高音；推特	both	G4-verb-sense-lost
twines	盘绕； 麻线； 捻； 缠绕在一起的东西	both	G4-verb-sense-lost
twists	[力] 扭曲，一扭	both	G4-verb-sense-lost
twitch	抽搐；抽动；痉挛；阵痛	both	G4-verb-sense-lost
typecast	浇铸；使（演员）一再演出同类的角色	both	G4-verb-sense-lost
typeset	已排字的	both	G4-verb-sense-lost
tyrannize	施行虐政；欺压	both	G4-verb-sense-lost
tyrannizing	施行暴政, 实施集权统治, 横行霸道	both	G4-verb-sense-lost
ulster	n. 乌尔斯特大衣；Ulster.；n. 乌尔斯特(原为爱尔兰一地区；今为北爱尔兰及爱尔兰共和国所分割)	both	review
umps	部队任务计划系统； 尿苷一磷酸合酶	both	G4-verb-sense-lost
unblock	除去…的障碍；开启；接通	both	G4-verb-sense-lost
unchain	解除，释放	both	G4-verb-sense-lost
uncharged	未装弹药的；[物] 无电荷的；没有被指控的	both	G4-verb-sense-lost
uncompress	[计][动]解压缩	both	G4-verb-sense-lost
uncork	泄漏；透露；发泄；拔去塞子	both	G4-verb-sense-lost
uncorked	泄漏；透露；发泄；拔去塞子	both	G4-verb-sense-lost
uncouple	解开…的钩；松开…的套索；分开，解开	both	G4-verb-sense-lost
uncover	发现；揭开；揭露	both	G4-verb-sense-lost
undelete	复原，恢复；恢复被删文件	both	G4-verb-sense-lost
undercut	底切；牛腰部下侧嫩肉；砍口；切球	both	G4-verb-sense-lost
underline	下划线；下期节目预告	both	G4-verb-sense-lost
underpin	巩固；支持；从下面支撑；加强…的基础	both	G4-verb-sense-lost
underpinned	巩固；支持；从下面支撑；加强…的基础	both	G4-verb-sense-lost
underpins	巩固；支持；从下面支撑；加强…的基础	both	G4-verb-sense-lost
undersell	抛售；以低于市价售出	both	G4-verb-sense-lost
understate	少说，少报；保守地说；有意轻描淡写	both	G4-verb-sense-lost
undertake	承担，保证；从事；同意；试图	both	G4-verb-sense-lost
undertakes	承担，保证；从事；同意；试图	both	G4-verb-sense-lost
undervalued	贬值的；估值偏低；估价过低	both	G4-verb-sense-lost
underwhelmed	感到乏味的；未激起热情的	both	G4-verb-sense-lost
underwhelming	未给人留下深刻印象的；未激起人们热情的	both	G4-verb-sense-lost
undo	取消；解开；破坏；扰乱	both	G4-verb-sense-lost
undrawn	未拉开的, 未抽出的, 不拉的	both	G4-verb-sense-lost
undulate	波动的；起伏的；波浪形的	both	G4-verb-sense-lost
unearth	发掘；揭露，发现；从洞中赶出	both	G4-verb-sense-lost
unearthing	发掘；揭露，发现；从洞中赶出	both	G4-verb-sense-lost
unesco	联合国教科文组织（ Educational，Scientific， Organization）	both	review
unfreeze	解冻；解除对…的控制；融化	both	G4-verb-sense-lost
unfurl	展开；使…临风招展	both	G4-verb-sense-lost
unfurled	展开；使…临风招展	both	G4-verb-sense-lost
unfurling	展开；使…临风招展	both	G4-verb-sense-lost
unhook	解开；从钩上取下	both	G4-verb-sense-lost
unify	统一；使相同，使一致	both	G4-verb-sense-lost
uninstall	解除安装	both	G4-verb-sense-lost
unionize	使……加入工会；使……成立工会	both	G4-verb-sense-lost
unloads	从…卸下货物； 摆脱； 拆掉； 脱手	both	G4-verb-sense-lost
unmade	尚未做好的	both	G4-verb-sense-lost
unmask	撕下……的假面具；揭露	both	G4-verb-sense-lost
unnerve	使失去勇气；使身心交疲；使焦躁；使失常	both	G4-verb-sense-lost
unplug	去掉…的障碍物；拔去…的塞子或插头	both	G4-verb-sense-lost
unprotect	无保护；撤消保护	both	G4-verb-sense-lost
unscramble	整理；使恢复原状；译出密码	both	G4-verb-sense-lost
unscrew	旋开；旋松；从...旋出螺丝	both	G4-verb-sense-lost
unseal	开封；开启；使解除束缚	both	G4-verb-sense-lost
unsealed	未封口的；未证实的	both	G4-verb-sense-lost
unseat	罢免；剥夺…的席位；使失去资格；使从座位上（或马背上）摔下	both	G4-verb-sense-lost
unsettle	使动摇；使不安定；使心神不宁	both	G4-verb-sense-lost
unsteady	不稳定的；不规则的；摇摆的；无常的	both	G4-verb-sense-lost
unsubscribe	取消订阅；注销；注销账户	both	G4-verb-sense-lost
untie	解开；解决；使自由	both	G4-verb-sense-lost
untwisted	松开搓合之线；拆开（搓合的绳，线等）；解开	both	G4-verb-sense-lost
unveil	使公之于众，揭开；揭幕	both	G4-verb-sense-lost
unveils	使公诸于众，揭开；揭幕	both	G4-verb-sense-lost
unwound	未上发条的；未卷绕的；松散的	both	G4-verb-sense-lost
unzipped	未拉上拉链的	both	G4-verb-sense-lost
upholster	装饰；用（挂毯、家具等）布置；为（沙发等）装上垫子	both	G4-verb-sense-lost
upped	站起身，提高（价格等）； 突然移动，突然（做意想不到的事）	both	G4-verb-sense-lost
upping	站起身，提高（价格等）； 突然移动，突然（做意想不到的事）	both	G4-verb-sense-lost
uproot	根除，连根拔起；迫使某人离开出生地或定居处	both	G4-verb-sense-lost
uprooted	根除，连根拔起；迫使某人离开出生地或定居处	both	G4-verb-sense-lost
upscale	迎合高层次消费者的；质优价高的	both	G4-verb-sense-lost
upshift	（指给汽车）调高速挡，加速	both	G4-verb-sense-lost
upsize	扩大…的规模	both	G4-verb-sense-lost
upstaged	抢…镜头，使相形见绌	both	G4-verb-sense-lost
upstart	暴发户；自命不凡的人；傲慢自负的人	both	G4-verb-sense-lost
urbana	[委内瑞拉] 乌尔瓦纳； [地名] [美国] 厄巴纳	both	review
urge	强烈的欲望，迫切要求；推动力	both	G4-verb-sense-lost
urges	冲动；迫切的要求	both	G4-verb-sense-lost
urinate	小便，撒尿	both	G4-verb-sense-lost
url	abbr. 统一资源定位器（ ，在Internet的www服务程序上用于指定信息位置的表示方法）	both	review
usher	引座员，带位员；接待员；门房	both	G4-verb-sense-lost
ushered	引座员，带位员；接待员；门房	both	G4-verb-sense-lost
utf	Unicode转换格式	both	review
utter	完全的；彻底的；无条件的	both	G4-verb-sense-lost
uttering	故意提供或传递伪造文件罪	both	G4-verb-sense-lost
utters	以口发出声音； 说，讲	both	G4-verb-sense-lost
vacate	空出，搬出；取消；使撤退	both	G4-verb-sense-lost
vacated	空出，腾出；辞职；休假	both	G4-verb-sense-lost
vacuums	真空； 真空状态； 真空度； 空洞	both	G4-verb-sense-lost
value	值；价值；价格；重要性；确切涵义	both	G4-verb-sense-lost
valuing	评价；评估；价值判断	both	G4-verb-sense-lost
vanquish	征服；击败；克服；抑制（感情等）	both	G4-verb-sense-lost
vaporize	使…蒸发	both	G4-verb-sense-lost
vaporized	汽化了的	both	G4-verb-sense-lost
vapors	水汽，水蒸气，无实质之物； 自夸者； 幻想 [药]吸入剂 [古]忧郁（症）	both	G4-verb-sense-lost
varnish	亮光漆，清漆；虚饰；光泽面	both	G4-verb-sense-lost
vaults	拱顶； 地下室； 撑物跳高； 墓穴	both	G4-verb-sense-lost
vegetating	过单调呆板的生活； 植物似地生长； （瘤、疣等）长大	both	G4-verb-sense-lost
veil	面纱；面罩；遮蔽物；托词	both	G4-verb-sense-lost
vein	血管；叶脉；[地质] 岩脉；纹理；翅脉；性情	both	G4-verb-sense-lost
vend	出售；公开发表	both	G4-verb-sense-lost
venerable	adj. 值得尊敬的；庄严的； Venerable.；adj. (英国国教的)副主教的称；(天主教)被列入可敬的称号	both	review
venezia	（意）威尼斯（等于Venice）	both	review
vent	（感情的）发泄；出口；通风孔	both	G4-verb-sense-lost
vented	发泄；排放；开衩	both	G4-verb-sense-lost
ventilate	使通风；给…装通风设备；宣布	both	G4-verb-sense-lost
vents	[矿业] 通风孔；排空（气）阀；通风管；管乐类	both	G4-verb-sense-lost
verbalize	使…变成动词；用言语表达	both	G4-verb-sense-lost
verbalized	描述；使变成动词；语言化	both	G4-verb-sense-lost
verged	接近，逼近	both	G4-verb-sense-lost
verging	接近，逼近	both	G4-verb-sense-lost
vests	女式背心； 马甲； 背心； （印有运动员编号的）运动背心	both	G4-verb-sense-lost
victor	n. 胜利者；Victor.；n. 维克托(男子名)	both	review
video	[电子] 视频；录像，录像机；电视	both	G4-verb-sense-lost
vie	争；竞争	both	G4-verb-sense-lost
view	观察；视野；意见；风景	both	G4-verb-sense-lost
vignetted	【建】(葡萄藤)蔓叶花样；起头字母的蔓叶花饰	both	G4-verb-sense-lost
vilified	诽谤；中伤；轻视；贬低	both	G4-verb-sense-lost
vilify	诽谤；中伤；轻视；贬低	both	G4-verb-sense-lost
vince	文斯（男子名，Vincent的昵称）	both	review
violate	违反；侵犯，妨碍；亵渎	both	G4-verb-sense-lost
vioxx	[医]万络（含rofecoxib）	both	review
vision	视力；美景；眼力；幻象；想象力；幻视（漫威漫画旗下超级英雄）	both	G4-verb-sense-lost
visioned	视力；美景；眼力；幻象；想象力	both	G4-verb-sense-lost
visioning	视力；美景；眼力；幻象；想象力	both	G4-verb-sense-lost
visions	愿景；幻觉；[生理][眼科] 视力	both	G4-verb-sense-lost
visit	访问；参观；逗留	both	G4-verb-sense-lost
visits	访问；参观；视察	both	G4-verb-sense-lost
vocalize	使发成元音；使发声	both	G4-verb-sense-lost
voided	有空间的；废弃的；中心区空白的	both	G4-verb-sense-lost
volley	齐射；齐射出的子弹；凌空状态	both	G4-verb-sense-lost
vomit	呕吐；呕吐物；催吐剂	both	G4-verb-sense-lost
vote	投票，选举；选票；得票数	both	G4-verb-sense-lost
voted	投票，选举；选票；得票数	both	G4-verb-sense-lost
vou	担保； 保证； 证人； 拱楔块	both	G4-verb-sense-lost
vow	发誓；誓言；许愿	both	G4-verb-sense-lost
vowed	发誓；誓言；许愿	both	G4-verb-sense-lost
vroom	加速时发出的呜呜声	both	G4-verb-sense-lost
vu	[缩]Vanuatu瓦努阿图	both	review
wade	跋涉；可涉水而过的地方	both	G4-verb-sense-lost
wafer	圆片，晶片；薄片，干胶片；薄饼；圣饼	both	G4-verb-sense-lost
wafers	圆片，晶片；煎饼	both	G4-verb-sense-lost
waffle	华夫饼干；动听而无意义的话；无聊话	both	G4-verb-sense-lost
waffling	优柔寡断的；模糊不清的	both	G4-verb-sense-lost
wafts	空中飘来的气味，一阵气味； 摇转风扇	both	G4-verb-sense-lost
waging	进行；开展	both	G4-verb-sense-lost
wailing	哭泣；哭号	both	G4-verb-sense-lost
wake	尾迹；守夜；守丧	both	G4-verb-sense-lost
wakes	醒； 唤醒； 唤起（记忆）； 使再次感觉到	both	G4-verb-sense-lost
walkability	可行走的状态； 适于行走的状态； 可走性	both	G4-verb-sense-lost
walked	走路；散步	both	G4-verb-sense-lost
wallop	冲击力；重击；快感	both	G4-verb-sense-lost
walton	沃尔顿(①姓氏, 男子名 ② Sinton, 1903-, 英国物理学家, 曾获1951年诺贝尔物理学奖)	both	review
wand	魔杖；棒；权杖；嫩枝；识别笔（等于 reader）	both	review
wanders	漫游； 走神； 神志恍惚； （思想）开小差	both	G4-verb-sense-lost
wane	衰退；月亏；衰退期；缺损	both	G4-verb-sense-lost
waned	衰落；变小；亏缺；退潮；消逝	both	G4-verb-sense-lost
wanes	衰落； （月）亏； 变小； 变暗淡	both	G4-verb-sense-lost
wangle	欺诈行为；哄骗；伪造	both	G4-verb-sense-lost
want	需要；缺乏；贫困；必需品	both	G4-verb-sense-lost
war	战争，斗争；军事，战术；冲突，对抗，竞争	both	G4-verb-sense-lost
wards	[医] 病房；守卫；受监护的未成年人；监禁	both	G4-verb-sense-lost
warehouse	仓库；货栈；大商店	both	G4-verb-sense-lost
warehoused	仓库；货栈；大商店	both	G4-verb-sense-lost
warner	n. 报警器；警告者；Warner.；n. 华纳；沃纳（姓氏；男子名）	both	review
warps	弯曲； 歪斜； 经线； 经纱	both	G4-verb-sense-lost
warrant	根据；证明；正当理由；委任状	both	G4-verb-sense-lost
wash	洗涤；洗的衣服；化妆水；冲积物	both	G4-verb-sense-lost
washes	洗涤；洗涤废水；洗涤物	both	G4-verb-sense-lost
wassail	酒宴；祝酒时所用的酒	both	G4-verb-sense-lost
waste	浪费；废物；荒地；损耗；地面风化物	both	G4-verb-sense-lost
watch	手表；监视；守护；值班人	both	G4-verb-sense-lost
watchdog	看门狗；监察人；忠实的看守人	both	G4-verb-sense-lost
watched	观察；注视；看守；警戒	both	G4-verb-sense-lost
wattle	板条，编条；[林] 金合欢树；枝条编成的篱笆	both	G4-verb-sense-lost
wave	波动；波浪；高潮；挥手示意；卷曲	both	G4-verb-sense-lost
wavered	摇摆，摇晃，动摇	both	G4-verb-sense-lost
wear	衣物；磨损；耐久性	both	G4-verb-sense-lost
wearable	adj. 可以穿戴、佩带的；n. （复）wearables: 衣服	both	review
wearied	（使）疲乏， （使）厌烦； 劳顿	both	G4-verb-sense-lost
weary	疲倦的；厌烦的；令人厌烦的	both	G4-verb-sense-lost
wearying	疲倦的；厌烦的；令人厌烦的	both	G4-verb-sense-lost
weave	纺织；编成；迂回行进	both	G4-verb-sense-lost
weaver	n. 织布工；编织者；Weaver.；n. 韦弗(男子名或姓氏)	both	review
weaves	编，织，织成； 编排； 杜撰； （把…）编成	both	G4-verb-sense-lost
webs	（蜘蛛等的）网； 周密的布置； 网状物； 圈套	both	G4-verb-sense-lost
wed	与...结婚；娶；嫁	both	G4-verb-sense-lost
wedge	楔子；楔形物；导致分裂的东西	both	G4-verb-sense-lost
wedges	楔形；楔型物	both	G4-verb-sense-lost
weekend	周末，周末休假；周末聚会	both	G4-verb-sense-lost
ween	以为； 想象； 相信； 料想	both	G4-verb-sense-lost
weeps	（通常因悲伤）哭泣； 流泪； 悲哀； 哀悼	both	G4-verb-sense-lost
weight	重量，重力；负担；砝码；重要性	both	G4-verb-sense-lost
weller	韦勒 （姓氏； Huckle, 1915-，美国微生物学家，曾获1954年诺贝尔生理学-医学奖）	both	review
welt	贴边，[服装] 沿条；鞭痕；殴打	both	G4-verb-sense-lost
wench	少妇；乡下姑娘	both	G4-verb-sense-lost
wended	行； 走； 往； 回（家）	both	G4-verb-sense-lost
wes	n. 韦斯(男子名；Wesley的昵称)	both	review
westinghouse	威斯丁豪斯(①姓氏 ②George, 1846-1914, 美国发明家)	both	review
whack	重击；尝试；份儿；机会	both	G4-verb-sense-lost
whacks	重击声； 不正常； 有毛病	both	G4-verb-sense-lost
whap	突然摔倒；重击	both	G4-verb-sense-lost
wheeling	n. 旋转；车辆搬运；道路行车鉴定；Wheeling.；n. 惠灵（美国伊利诺斯州东北部村庄；西弗吉尼亚州西北部城市）	both	review
whiff	一点点；单人小划艇；琴鲆属鱼；吸气或吹气	both	G4-verb-sense-lost
whiled	消磨, 打发（时间）； （愉快而懒散地）度过（时间）（常与 连用）	both	G4-verb-sense-lost
whiling	消磨，打发（时间）； （愉快而懒散地）度过（时间）（常与 连用）	both	G4-verb-sense-lost
whimper	呜咽声；啜泣声；牢骚；怨声	both	G4-verb-sense-lost
whine	抱怨；牢骚；哀鸣	both	G4-verb-sense-lost
whined	哀号； 哀诉，诉怨	both	G4-verb-sense-lost
whines	悲嗥声； 哀鸣者	both	G4-verb-sense-lost
whining	抱怨；发牢骚	both	G4-verb-sense-lost
whip	鞭子；抽打；车夫；[机] 搅拌器	both	G4-verb-sense-lost
whirl	旋转，回旋；昏乱；一连串的事；短暂的旅行	both	G4-verb-sense-lost
whirled	旋转，回旋；昏乱；一连串的事；短暂的旅行	both	G4-verb-sense-lost
whirls	（使）飞快移动，使旋转	both	G4-verb-sense-lost
whirring	作呼呼声，呼呼作声地飞	both	G4-verb-sense-lost
whirry	（使）匆忙，匆匆运送，快速行进	both	G4-verb-sense-lost
whisk	搅拌器；扫帚；毛掸子	both	G4-verb-sense-lost
whisking	挥； 搅动（液体、鸡蛋等）； 匆匆带走； 迅速送走	both	G4-verb-sense-lost
whisks	搅拌器； 掸，拂（如马尾巴的摆动）	both	G4-verb-sense-lost
whistler	n. 吹口哨的人；花白旱獭；啸&%2340543；啸声干扰；Whistler.；n. 惠斯勒(姓氏)	both	review
whitley	[英格兰人姓氏] 惠特利 Whiteley的变体； [地名] [英国] 惠特利	both	review
whizz	专家；精明的人；子弹等在空中掠过的声音（等于whiz）	both	G4-verb-sense-lost
whop	重击；打击声；突然摔倒	both	G4-verb-sense-lost
wicked	邪恶的；恶劣的；不道德的；顽皮的	both	G4-verb-sense-lost
wiener	（美）维也纳香肠（等于frankfurter）	both	review
wilbur	威尔伯（男子名，等于Wilber）	both	review
wiling	引诱； 诱惑； 消遣； 消磨	both	G4-verb-sense-lost
wilkins	威尔金斯(①姓氏 ② Frederick, 1916-, 生于新西兰的英国生物物理学家, 曾获1962年诺贝尔生理学-医学奖)	both	review
willie	威利（男子名， William的昵称）	both	review
winamp	Windows上最流行的mp3播放软件	both	review
windmill	风车；风车房；旋转玩具；直升飞机	both	G4-verb-sense-lost
windsurf	帆板；风帆冲浪	both	G4-verb-sense-lost
wined	请…喝酒	both	G4-verb-sense-lost
wines	葡萄酒； （用植物或除葡萄以外的水果酿制的）（其他）果酒； 紫红色； 深红色	both	G4-verb-sense-lost
wing	翼；翅膀；飞翔；派别；侧厅，耳房，厢房	both	G4-verb-sense-lost
wink	眨眼；使眼色；闪烁；瞬间	both	G4-verb-sense-lost
winked	眨眼；使眼色；闪烁	both	G4-verb-sense-lost
winona	威诺娜（亦作 Wenona, Wenonah）	both	review
wipes	擦拭巾；柔湿纸巾；用于擦拭的东西	both	G4-verb-sense-lost
wis	知道；以为	both	G4-verb-sense-lost
wit	智慧；才智；智力	both	G4-verb-sense-lost
withdraw	撤退；收回；撤消；拉开	both	G4-verb-sense-lost
witnesses	[法] 证人；目击者；[法] 证据	both	G4-verb-sense-lost
wmf	Windows图元文件格式	both	review
woo	追求；招致；向…求爱；恳求	both	G4-verb-sense-lost
woodstock	伍德斯托克音乐节（每年8月在纽约州东南部Woodstock举行的摇滚音乐节）	both	review
woodwind	n. 木管乐器；（复）woodwinds: 木管乐队.	both	review
wooing	追求；招致；向…求爱；恳求	both	G4-verb-sense-lost
word	[语] 单词；话语；消息；诺言；命令	both	G4-verb-sense-lost
working	adj. 做工作的；劳动的；工作上的；初步的；暂定的；基本够用的；起作用的；n. 矿；作业区；（复）workings：运作；工作方法.	both	review
worm	虫，蠕虫；蜗杆；螺纹；小人物	both	G4-verb-sense-lost
wormed	蠕动，曲折行进	both	G4-verb-sense-lost
worsen	恶化；变得更坏；更坏	both	G4-verb-sense-lost
worshipped	☉对神的崇拜(或崇敬)；礼拜；礼拜仪式	both	G4-verb-sense-lost
wrack	失事船只；破坏；[植] 漂积海草	both	G4-verb-sense-lost
wracked	失事船只；破坏；[植] 漂积海草	both	G4-verb-sense-lost
wracking	交叉扎绳；船体横断面结构变形	both	G4-verb-sense-lost
wraps	外衣；书刊检查；披肩	both	G4-verb-sense-lost
wreck	破坏；失事；残骸；失去健康的人	both	G4-verb-sense-lost
wrench	扳手，扳钳；扭伤；痛苦；歪曲；猛扭	both	G4-verb-sense-lost
wriggle	使蠕动；蠕动到；不知不觉地潜入	both	G4-verb-sense-lost
wring	拧；绞；紧握；使痛苦；折磨	both	G4-verb-sense-lost
write	写，写字；写作，作曲；写信	both	G4-verb-sense-lost
writhing	翻滚，打滚；因剧痛扭动/蠕动；盘绕	both	G4-verb-sense-lost
xenical	[医]赛尼可（含orlistat）	both	review
xerox	施乐（商标名，美国办公设备制造公司）；影印，静电印刷品	both	G4-verb-sense-lost
xxxx	[医] syndrome,四X综合征	both	review
xyz	坐标轴；未知数	both	G4-verb-sense-lost
yan	雁鸣声；泰国龙脑香	both	G4-verb-sense-lost
yap	狂吠声；废话；笨蛋	both	G4-verb-sense-lost
yapping	狂吠；哇啦哇啦地瞎说	both	G4-verb-sense-lost
yaps	片航和前后颠簸传感器	both	G4-verb-sense-lost
yasmin	[医]雅司明(drospirenone和 estradil口服剂)； [人名] 亚斯明，亚丝明（女名）	both	review
yaw	（火箭、飞机、宇宙飞船等）偏航	both	G4-verb-sense-lost
yawp	大声叫嚷，高声打哈欠	both	G4-verb-sense-lost
yc	云南商务管理体系（ Commodity和 Commerce的缩写）；重型橡套软电缆的一种型号	both	review
yearn	渴望，向往；思念，想念；怀念；同情，怜悯	both	G4-verb-sense-lost
yeast	酵母；泡沫；酵母片；引起骚动因素	both	G4-verb-sense-lost
yellow	黄色；黄种人；黄色颜料	both	G4-verb-sense-lost
yen	日元（日本货币单位）；渴望	both	G4-verb-sense-lost
yeti	雪人（等于 Snowman）	both	review
yielded	[力] 屈服；[经] 生产；屈曲	both	G4-verb-sense-lost
yogurt	酸奶酪，[食品] 酸乳（等于yoghurt）	both	review
yowl	号叫；吼声；斥责	both	G4-verb-sense-lost
yuk	引起大笑的趣事；（因有趣而发出的）咯咯大笑	both	G4-verb-sense-lost
zach	扎克(Zachary,Zachariah的昵称亦作	both	review
zachary	圣扎迦利（等于Zacharias, Saint）；扎卡里（男子名）	both	review
zen	禅；禅宗；禅宗信徒（等于 Buddhism）	both	review
zi	美国本土，后方地带（等于 interior）	both	review
zigzagged	呈之字形移动的	both	G4-verb-sense-lost
zigzags	锯齿形的线条、小径等	both	G4-verb-sense-lost
zing	& vi. （使）呼啸疾行； 轻快，活泼	both	G4-verb-sense-lost
zip	拉链； 精力，活力； 尖啸声； 一种程序压缩格式	both	G4-verb-sense-lost
zithromax	[医]希舒美（含 dihydrate）	both	review
zoomed	（飞机、汽车等）急速移动； （价格、费用等）急升，猛涨	both	G4-verb-sense-lost
zooms	嗡嗡声； 隆隆声； （车辆等）疾驰的声音； 变焦	both	G4-verb-sense-lost
zz	Z字形, 锯齿形（等于zigzag）	both	review
